INFO:     Will watch for changes in these directories: ['/home/smartview/smartview-api']
INFO:     Uvicorn running on http://0.0.0.0:8003 (Press CTRL+C to quit)
INFO:     Started reloader process [6239] using WatchFiles
INFO:     Started server process [6241]
INFO:     Waiting for application startup.
INFO:     Application startup complete.
INFO:     5.34.4.140:20488 - "GET /docs HTTP/1.1" 200 OK
INFO:     5.34.4.140:20488 - "GET /openapi.json HTTP/1.1" 200 OK
/home/smartview/smartview-api/api.py:162: SAWarning: relationship 'Wobbler.heap_leaching_padpad' will copy column heap_leaching_pads.id to column wobblers.heap_leaching_pad_id, which conflicts with relationship(s): 'Wobbler.heap_leaching_pad' (copies heap_leaching_pads.id to wobblers.heap_leaching_pad_id). If this is not the intention, consider if these relationships should be linked with back_populates, or if viewonly=True should be applied to one or more if they are read-only. For the less common case that foreign key constraints are partially overlapping, the orm.foreign() annotation can be used to isolate the columns that should be written towards.   To silence this warning, add the parameter 'overlaps="heap_leaching_pad"' to the 'Wobbler.heap_leaching_padpad' relationship. (Background on this warning at: https://sqlalche.me/e/20/qzyx) (This warning originated from the `configure_mappers()` process, which was invoked automatically in response to a user-initiated operation.)
  breakages = db.query(Breakage).filter(Breakage.heap_leaching_pad_id==heap_leaching_pad_id).all()
INFO:     51.250.96.61:44300 - "GET /api/flights/last/breakages/1 HTTP/1.1" 200 OK
INFO:     51.250.96.61:44290 - "GET /api/breakages/1 HTTP/1.1" 200 OK
INFO:     51.250.96.61:44296 - "GET /api/flights/1 HTTP/1.1" 200 OK
INFO:     51.250.96.61:44304 - "GET /api/wobblers/1 HTTP/1.1" 200 OK
INFO:     51.250.96.61:44300 - "GET /api/efficiency/1 HTTP/1.1" 200 OK
INFO:     51.250.96.61:44300 - "GET /api/breakages/repeating/1 HTTP/1.1" 200 OK
INFO:     5.34.4.140:58472 - "GET /docs HTTP/1.1" 200 OK
INFO:     5.34.4.140:58472 - "GET /openapi.json HTTP/1.1" 200 OK
INFO:     5.34.4.140:58472 - "GET /docs HTTP/1.1" 200 OK
INFO:     5.34.4.140:58472 - "GET /openapi.json HTTP/1.1" 200 OK
INFO:     5.34.4.140:58472 - "GET /docs HTTP/1.1" 200 OK
INFO:     5.34.4.140:58472 - "GET /openapi.json HTTP/1.1" 200 OK
INFO:     5.34.4.140:24854 - "GET /docs HTTP/1.1" 200 OK
INFO:     5.34.4.140:24854 - "GET /openapi.json HTTP/1.1" 200 OK
INFO:     5.34.4.140:28613 - "GET /docs HTTP/1.1" 200 OK
INFO:     5.34.4.140:28613 - "GET /openapi.json HTTP/1.1" 200 OK
INFO:     5.34.4.140:45574 - "GET /docs HTTP/1.1" 200 OK
INFO:     5.34.4.140:45574 - "GET /openapi.json HTTP/1.1" 200 OK
INFO:     5.34.4.140:45574 - "GET /api/fields HTTP/1.1" 200 OK
INFO:     51.250.96.61:52560 - "GET /api/wobblers/1 HTTP/1.1" 200 OK
INFO:     5.34.4.140:22079 - "GET /api/wobblers/1 HTTP/1.1" 200 OK
INFO:     51.250.96.61:50826 - "GET /api/wobblers/1 HTTP/1.1" 200 OK
INFO:     51.250.96.61:50826 - "GET /api/fields HTTP/1.1" 200 OK
INFO:     51.250.96.61:50830 - "GET /api/wobblers/1 HTTP/1.1" 200 OK
INFO:     51.250.96.61:50830 - "GET /api/wobblers/1 HTTP/1.1" 200 OK
INFO:     51.250.96.61:39856 - "GET /api/wobblers/1 HTTP/1.1" 200 OK
INFO:     51.250.96.61:39856 - "GET /api/wobblers/1 HTTP/1.1" 200 OK
INFO:     5.34.4.140:19964 - "GET /docs HTTP/1.1" 200 OK
INFO:     5.34.4.140:19964 - "GET /openapi.json HTTP/1.1" 200 OK
INFO:     51.250.96.61:43534 - "GET /api/wobblers/1 HTTP/1.1" 200 OK
INFO:     51.250.96.61:43534 - "GET /api/wobblers/1 HTTP/1.1" 200 OK
INFO:     87.255.216.74:29191 - "GET /api/wobblers/1 HTTP/1.1" 200 OK
INFO:     51.250.96.61:43534 - "GET /api/wobblers/1 HTTP/1.1" 200 OK
INFO:     51.250.96.61:43534 - "GET /api/fields HTTP/1.1" 200 OK
INFO:     51.250.96.61:46074 - "GET /api/wobblers/1 HTTP/1.1" 200 OK
INFO:     51.250.96.61:46074 - "GET /api/breakages/1 HTTP/1.1" 200 OK
INFO:     51.250.96.61:43534 - "GET /api/flights/1 HTTP/1.1" 200 OK
INFO:     51.250.96.61:51024 - "GET /api/wobblers/1 HTTP/1.1" 200 OK
INFO:     51.250.96.61:46084 - "GET /api/flights/last/breakages/1 HTTP/1.1" 200 OK
INFO:     51.250.96.61:46084 - "GET /api/efficiency/1 HTTP/1.1" 200 OK
INFO:     51.250.96.61:46084 - "GET /api/breakages/repeating/1 HTTP/1.1" 200 OK
INFO:     87.255.216.74:3735 - "GET /api/wobblers/1 HTTP/1.1" 200 OK
INFO:     87.255.216.74:6555 - "GET /api/map/1 HTTP/1.1" 200 OK
INFO:     51.250.96.61:51036 - "GET /api/wobblers/1 HTTP/1.1" 200 OK
INFO:     87.255.216.74:6555 - "GET /api/flights/last/1 HTTP/1.1" 200 OK
INFO:     87.255.216.74:6555 - "GET /api/flights/last/1 HTTP/1.1" 200 OK
test
No subtitle tracks found in the video.
INFO:     87.255.216.74:55275 - "POST /api/load_data HTTP/1.1" 500 Internal Server Error
ERROR:    Exception in ASGI application
Traceback (most recent call last):
  File "/home/smartview/miniconda3/lib/python3.12/site-packages/uvicorn/protocols/http/httptools_impl.py", line 411, in run_asgi
    result = await app(  # type: ignore[func-returns-value]
             ^^^^^^^^^^^^^^^^^^^^^^^^^^^^^^^^^^^^^^^^^^^^^^
  File "/home/smartview/miniconda3/lib/python3.12/site-packages/uvicorn/middleware/proxy_headers.py", line 69, in __call__
    return await self.app(scope, receive, send)
           ^^^^^^^^^^^^^^^^^^^^^^^^^^^^^^^^^^^^
  File "/home/smartview/miniconda3/lib/python3.12/site-packages/fastapi/applications.py", line 1054, in __call__
    await super().__call__(scope, receive, send)
  File "/home/smartview/miniconda3/lib/python3.12/site-packages/starlette/applications.py", line 123, in __call__
    await self.middleware_stack(scope, receive, send)
  File "/home/smartview/miniconda3/lib/python3.12/site-packages/starlette/middleware/errors.py", line 186, in __call__
    raise exc
  File "/home/smartview/miniconda3/lib/python3.12/site-packages/starlette/middleware/errors.py", line 164, in __call__
    await self.app(scope, receive, _send)
  File "/home/smartview/miniconda3/lib/python3.12/site-packages/starlette/middleware/cors.py", line 93, in __call__
    await self.simple_response(scope, receive, send, request_headers=headers)
  File "/home/smartview/miniconda3/lib/python3.12/site-packages/starlette/middleware/cors.py", line 148, in simple_response
    await self.app(scope, receive, send)
  File "/home/smartview/miniconda3/lib/python3.12/site-packages/starlette/middleware/exceptions.py", line 65, in __call__
    await wrap_app_handling_exceptions(self.app, conn)(scope, receive, send)
  File "/home/smartview/miniconda3/lib/python3.12/site-packages/starlette/_exception_handler.py", line 64, in wrapped_app
    raise exc
  File "/home/smartview/miniconda3/lib/python3.12/site-packages/starlette/_exception_handler.py", line 53, in wrapped_app
    await app(scope, receive, sender)
  File "/home/smartview/miniconda3/lib/python3.12/site-packages/starlette/routing.py", line 756, in __call__
    await self.middleware_stack(scope, receive, send)
  File "/home/smartview/miniconda3/lib/python3.12/site-packages/starlette/routing.py", line 776, in app
    await route.handle(scope, receive, send)
  File "/home/smartview/miniconda3/lib/python3.12/site-packages/starlette/routing.py", line 297, in handle
    await self.app(scope, receive, send)
  File "/home/smartview/miniconda3/lib/python3.12/site-packages/starlette/routing.py", line 77, in app
    await wrap_app_handling_exceptions(app, request)(scope, receive, send)
  File "/home/smartview/miniconda3/lib/python3.12/site-packages/starlette/_exception_handler.py", line 64, in wrapped_app
    raise exc
  File "/home/smartview/miniconda3/lib/python3.12/site-packages/starlette/_exception_handler.py", line 53, in wrapped_app
    await app(scope, receive, sender)
  File "/home/smartview/miniconda3/lib/python3.12/site-packages/starlette/routing.py", line 72, in app
    response = await func(request)
               ^^^^^^^^^^^^^^^^^^^
  File "/home/smartview/miniconda3/lib/python3.12/site-packages/fastapi/routing.py", line 278, in app
    raw_response = await run_endpoint_function(
                   ^^^^^^^^^^^^^^^^^^^^^^^^^^^^
  File "/home/smartview/miniconda3/lib/python3.12/site-packages/fastapi/routing.py", line 191, in run_endpoint_function
    return await dependant.call(**values)
           ^^^^^^^^^^^^^^^^^^^^^^^^^^^^^^
  File "/home/smartview/smartview-api/api.py", line 255, in load_data
    detection =  detector.Detector(csv_path, video_path)
                 ^^^^^^^^^^^^^^^^^^^^^^^^^^^^^^^^^^^^^^^
  File "/home/smartview/smartview-api/detector.py", line 39, in __init__
    first_time_tuple, last_time_tuple, first_gps, second_gps = self.extract_minute_second_gps_from_global_time(video_path+".SRT")
                                                               ^^^^^^^^^^^^^^^^^^^^^^^^^^^^^^^^^^^^^^^^^^^^^^^^^^^^^^^^^^^^^^^^^^
  File "/home/smartview/smartview-api/detector.py", line 122, in extract_minute_second_gps_from_global_time
    with open(srt_file, 'r') as file:
         ^^^^^^^^^^^^^^^^^^^
FileNotFoundError: [Errno 2] No such file or directory: './MAX_0004_1.mov.SRT'
test
No subtitle tracks found in the video.
INFO:     87.255.216.74:2675 - "POST /api/load_data HTTP/1.1" 500 Internal Server Error
ERROR:    Exception in ASGI application
Traceback (most recent call last):
  File "/home/smartview/miniconda3/lib/python3.12/site-packages/uvicorn/protocols/http/httptools_impl.py", line 411, in run_asgi
    result = await app(  # type: ignore[func-returns-value]
             ^^^^^^^^^^^^^^^^^^^^^^^^^^^^^^^^^^^^^^^^^^^^^^
  File "/home/smartview/miniconda3/lib/python3.12/site-packages/uvicorn/middleware/proxy_headers.py", line 69, in __call__
    return await self.app(scope, receive, send)
           ^^^^^^^^^^^^^^^^^^^^^^^^^^^^^^^^^^^^
  File "/home/smartview/miniconda3/lib/python3.12/site-packages/fastapi/applications.py", line 1054, in __call__
    await super().__call__(scope, receive, send)
  File "/home/smartview/miniconda3/lib/python3.12/site-packages/starlette/applications.py", line 123, in __call__
    await self.middleware_stack(scope, receive, send)
  File "/home/smartview/miniconda3/lib/python3.12/site-packages/starlette/middleware/errors.py", line 186, in __call__
    raise exc
  File "/home/smartview/miniconda3/lib/python3.12/site-packages/starlette/middleware/errors.py", line 164, in __call__
    await self.app(scope, receive, _send)
  File "/home/smartview/miniconda3/lib/python3.12/site-packages/starlette/middleware/cors.py", line 93, in __call__
    await self.simple_response(scope, receive, send, request_headers=headers)
  File "/home/smartview/miniconda3/lib/python3.12/site-packages/starlette/middleware/cors.py", line 148, in simple_response
    await self.app(scope, receive, send)
  File "/home/smartview/miniconda3/lib/python3.12/site-packages/starlette/middleware/exceptions.py", line 65, in __call__
    await wrap_app_handling_exceptions(self.app, conn)(scope, receive, send)
  File "/home/smartview/miniconda3/lib/python3.12/site-packages/starlette/_exception_handler.py", line 64, in wrapped_app
    raise exc
  File "/home/smartview/miniconda3/lib/python3.12/site-packages/starlette/_exception_handler.py", line 53, in wrapped_app
    await app(scope, receive, sender)
  File "/home/smartview/miniconda3/lib/python3.12/site-packages/starlette/routing.py", line 756, in __call__
    await self.middleware_stack(scope, receive, send)
  File "/home/smartview/miniconda3/lib/python3.12/site-packages/starlette/routing.py", line 776, in app
    await route.handle(scope, receive, send)
  File "/home/smartview/miniconda3/lib/python3.12/site-packages/starlette/routing.py", line 297, in handle
    await self.app(scope, receive, send)
  File "/home/smartview/miniconda3/lib/python3.12/site-packages/starlette/routing.py", line 77, in app
    await wrap_app_handling_exceptions(app, request)(scope, receive, send)
  File "/home/smartview/miniconda3/lib/python3.12/site-packages/starlette/_exception_handler.py", line 64, in wrapped_app
    raise exc
  File "/home/smartview/miniconda3/lib/python3.12/site-packages/starlette/_exception_handler.py", line 53, in wrapped_app
    await app(scope, receive, sender)
  File "/home/smartview/miniconda3/lib/python3.12/site-packages/starlette/routing.py", line 72, in app
    response = await func(request)
               ^^^^^^^^^^^^^^^^^^^
  File "/home/smartview/miniconda3/lib/python3.12/site-packages/fastapi/routing.py", line 278, in app
    raw_response = await run_endpoint_function(
                   ^^^^^^^^^^^^^^^^^^^^^^^^^^^^
  File "/home/smartview/miniconda3/lib/python3.12/site-packages/fastapi/routing.py", line 191, in run_endpoint_function
    return await dependant.call(**values)
           ^^^^^^^^^^^^^^^^^^^^^^^^^^^^^^
  File "/home/smartview/smartview-api/api.py", line 255, in load_data
    detection =  detector.Detector(csv_path, video_path)
                 ^^^^^^^^^^^^^^^^^^^^^^^^^^^^^^^^^^^^^^^
  File "/home/smartview/smartview-api/detector.py", line 39, in __init__
    first_time_tuple, last_time_tuple, first_gps, second_gps = self.extract_minute_second_gps_from_global_time(video_path+".SRT")
                                                               ^^^^^^^^^^^^^^^^^^^^^^^^^^^^^^^^^^^^^^^^^^^^^^^^^^^^^^^^^^^^^^^^^^
  File "/home/smartview/smartview-api/detector.py", line 122, in extract_minute_second_gps_from_global_time
    with open(srt_file, 'r') as file:
         ^^^^^^^^^^^^^^^^^^^
FileNotFoundError: [Errno 2] No such file or directory: './MAX_0004_1.mov.SRT'
INFO:     51.250.96.61:50382 - "GET /api/wobblers/1 HTTP/1.1" 200 OK
INFO:     51.250.96.61:50382 - "GET /api/wobblers/1 HTTP/1.1" 200 OK
INFO:     51.250.96.61:50382 - "GET /api/wobblers/1 HTTP/1.1" 200 OK
INFO:     51.250.96.61:50382 - "GET /api/wobblers/1 HTTP/1.1" 200 OK
test
INFO:     87.255.216.74:26249 - "POST /api/load_data HTTP/1.1" 500 Internal Server Error
ERROR:    Exception in ASGI application
Traceback (most recent call last):
  File "/home/smartview/miniconda3/lib/python3.12/site-packages/uvicorn/protocols/http/httptools_impl.py", line 411, in run_asgi
    result = await app(  # type: ignore[func-returns-value]
             ^^^^^^^^^^^^^^^^^^^^^^^^^^^^^^^^^^^^^^^^^^^^^^
  File "/home/smartview/miniconda3/lib/python3.12/site-packages/uvicorn/middleware/proxy_headers.py", line 69, in __call__
    return await self.app(scope, receive, send)
           ^^^^^^^^^^^^^^^^^^^^^^^^^^^^^^^^^^^^
  File "/home/smartview/miniconda3/lib/python3.12/site-packages/fastapi/applications.py", line 1054, in __call__
    await super().__call__(scope, receive, send)
  File "/home/smartview/miniconda3/lib/python3.12/site-packages/starlette/applications.py", line 123, in __call__
    await self.middleware_stack(scope, receive, send)
  File "/home/smartview/miniconda3/lib/python3.12/site-packages/starlette/middleware/errors.py", line 186, in __call__
    raise exc
  File "/home/smartview/miniconda3/lib/python3.12/site-packages/starlette/middleware/errors.py", line 164, in __call__
    await self.app(scope, receive, _send)
  File "/home/smartview/miniconda3/lib/python3.12/site-packages/starlette/middleware/cors.py", line 93, in __call__
    await self.simple_response(scope, receive, send, request_headers=headers)
  File "/home/smartview/miniconda3/lib/python3.12/site-packages/starlette/middleware/cors.py", line 148, in simple_response
    await self.app(scope, receive, send)
  File "/home/smartview/miniconda3/lib/python3.12/site-packages/starlette/middleware/exceptions.py", line 65, in __call__
    await wrap_app_handling_exceptions(self.app, conn)(scope, receive, send)
  File "/home/smartview/miniconda3/lib/python3.12/site-packages/starlette/_exception_handler.py", line 64, in wrapped_app
    raise exc
  File "/home/smartview/miniconda3/lib/python3.12/site-packages/starlette/_exception_handler.py", line 53, in wrapped_app
    await app(scope, receive, sender)
  File "/home/smartview/miniconda3/lib/python3.12/site-packages/starlette/routing.py", line 756, in __call__
    await self.middleware_stack(scope, receive, send)
  File "/home/smartview/miniconda3/lib/python3.12/site-packages/starlette/routing.py", line 776, in app
    await route.handle(scope, receive, send)
  File "/home/smartview/miniconda3/lib/python3.12/site-packages/starlette/routing.py", line 297, in handle
    await self.app(scope, receive, send)
  File "/home/smartview/miniconda3/lib/python3.12/site-packages/starlette/routing.py", line 77, in app
    await wrap_app_handling_exceptions(app, request)(scope, receive, send)
  File "/home/smartview/miniconda3/lib/python3.12/site-packages/starlette/_exception_handler.py", line 64, in wrapped_app
    raise exc
  File "/home/smartview/miniconda3/lib/python3.12/site-packages/starlette/_exception_handler.py", line 53, in wrapped_app
    await app(scope, receive, sender)
  File "/home/smartview/miniconda3/lib/python3.12/site-packages/starlette/routing.py", line 72, in app
    response = await func(request)
               ^^^^^^^^^^^^^^^^^^^
  File "/home/smartview/miniconda3/lib/python3.12/site-packages/fastapi/routing.py", line 278, in app
    raw_response = await run_endpoint_function(
                   ^^^^^^^^^^^^^^^^^^^^^^^^^^^^
  File "/home/smartview/miniconda3/lib/python3.12/site-packages/fastapi/routing.py", line 191, in run_endpoint_function
    return await dependant.call(**values)
           ^^^^^^^^^^^^^^^^^^^^^^^^^^^^^^
  File "/home/smartview/smartview-api/api.py", line 255, in load_data
    detection =  detector.Detector(csv_path, video_path)
                 ^^^^^^^^^^^^^^^^^^^^^^^^^^^^^^^^^^^^^^^
  File "/home/smartview/smartview-api/detector.py", line 41, in __init__
    observations = self.update_is_video_column(observations, first_time_tuple, last_time_tuple, first_gps, second_gps)
                   ^^^^^^^^^^^^^^^^^^^^^^^^^^^^^^^^^^^^^^^^^^^^^^^^^^^^^^^^^^^^^^^^^^^^^^^^^^^^^^^^^^^^^^^^^^^^^^^^^^^
  File "/home/smartview/smartview-api/detector.py", line 185, in update_is_video_column
    start_row = self.find_closest_row(df, start_minute_second, start_gps)
                ^^^^^^^^^^^^^^^^^^^^^^^^^^^^^^^^^^^^^^^^^^^^^^^^^^^^^^^^^
  File "/home/smartview/smartview-api/detector.py", line 169, in find_closest_row
    raise ValueError(f"No matching rows found for minute and second: {target_minute_second}")
ValueError: No matching rows found for minute and second: (11, 14)
INFO:     51.250.96.61:55744 - "GET /api/wobblers/1 HTTP/1.1" 200 OK
INFO:     51.250.96.61:45450 - "GET /api/wobblers/1 HTTP/1.1" 200 OK
INFO:     51.250.96.61:34608 - "GET /api/wobblers/1 HTTP/1.1" 200 OK
test
The width: 0.0006325000000089176, the height: 0.0011946000000051527
The width: 423, the height: 800
test
The width: 0.0006325000000089176, the height: 0.0011946000000051527
The width: 423, the height: 800
Log at [[[143 145 145]
  [133 135 135]
  [139 141 141]
  ...
  [169 181 187]
  [150 162 168]
  [158 172 178]]

 [[141 143 143]
  [129 131 129]
  [138 140 138]
  ...
  [137 151 157]
  [145 159 165]
  [162 176 182]]

 [[145 147 147]
  [147 149 147]
  [158 160 158]
  ...
  [154 168 174]
  [170 184 190]
  [172 186 192]]

 ...

 [[ 91 106 125]
  [ 98 110 126]
  [ 93 105 121]
  ...
  [ 99 112 131]
  [135 148 167]
  [144 164 183]]

 [[106 121 140]
  [101 113 129]
  [ 89 101 117]
  ...
  [ 98 111 130]
  [115 128 147]
  [ 98 118 137]]

 [[ 78  84 101]
  [ 83  85 106]
  [104 106 127]
  ...
  [ 65  80  99]
  [ 52  67  86]
  [ 95 113 132]]]
Video videos/dataset/wobbler_0.avi verified with exactly 16 frames.
Log at 2024-05-17 10:11:20
Video videos/dataset/wobbler_1.avi verified with exactly 16 frames.
Log at 2024-05-17 10:11:22
Video videos/dataset/wobbler_2.avi verified with exactly 16 frames.
Log at 2024-05-17 10:11:22
Video videos/dataset/wobbler_3.avi verified with exactly 16 frames.
Log at 2024-05-17 10:11:23
Video videos/dataset/wobbler_4.avi verified with exactly 16 frames.
Log at 2024-05-17 10:11:23
Video videos/dataset/wobbler_5.avi verified with exactly 16 frames.
Log at 2024-05-17 10:11:24
Video videos/dataset/wobbler_6.avi verified with exactly 16 frames.
Log at 2024-05-17 10:11:24
Video videos/dataset/wobbler_7.avi verified with exactly 16 frames.
Log at 2024-05-17 10:11:25
Video videos/dataset/wobbler_8.avi verified with exactly 16 frames.
Log at 2024-05-17 10:12:08
Video videos/dataset/wobbler_9.avi verified with exactly 16 frames.
Log at 2024-05-17 10:12:08
Video videos/dataset/wobbler_10.avi verified with exactly 16 frames.
Log at 2024-05-17 10:12:47
Video videos/dataset/wobbler_11.avi verified with exactly 16 frames.
Log at 2024-05-17 10:12:09
Video videos/dataset/wobbler_12.avi verified with exactly 16 frames.
Log at 2024-05-17 10:12:10
Video videos/dataset/wobbler_13.avi verified with exactly 16 frames.
Log at 2024-05-17 10:12:11
Video videos/dataset/wobbler_14.avi verified with exactly 16 frames.
Log at 2024-05-17 10:12:25
Video videos/dataset/wobbler_15.avi verified with exactly 16 frames.
Log at 2024-05-17 10:12:25
Video videos/dataset/wobbler_16.avi verified with exactly 16 frames.
Log at 2024-05-17 10:12:28
Video videos/dataset/wobbler_17.avi verified with exactly 16 frames.
Log at 2024-05-17 10:12:30
Video videos/dataset/wobbler_18.avi verified with exactly 16 frames.
Log at 2024-05-17 10:12:29
Video videos/dataset/wobbler_19.avi verified with exactly 16 frames.
Log at 2024-05-17 10:12:30
Video videos/dataset/wobbler_20.avi verified with exactly 16 frames.
Log at 2024-05-17 10:12:31
Video videos/dataset/wobbler_21.avi verified with exactly 16 frames.
Log at 2024-05-17 10:12:32
Video videos/dataset/wobbler_22.avi verified with exactly 16 frames.
Log at 2024-05-17 10:12:33
Video videos/dataset/wobbler_23.avi verified with exactly 16 frames.
Log at 2024-05-17 10:12:47
Video videos/dataset/wobbler_24.avi verified with exactly 16 frames.
Log at 2024-05-17 10:12:48
Video videos/dataset/wobbler_25.avi verified with exactly 16 frames.
Log at 2024-05-17 10:12:49
Video videos/dataset/wobbler_26.avi verified with exactly 16 frames.
Log at 2024-05-17 10:12:51
Video videos/dataset/wobbler_27.avi verified with exactly 16 frames.
Log at 2024-05-17 10:12:53
Video videos/dataset/wobbler_28.avi verified with exactly 16 frames.
Log at 2024-05-17 10:12:53
Video videos/dataset/wobbler_29.avi verified with exactly 16 frames.
Log at 2024-05-17 10:13:07
Video videos/dataset/wobbler_30.avi verified with exactly 16 frames.
Log at 2024-05-17 10:13:09
Video videos/dataset/wobbler_31.avi verified with exactly 16 frames.
Log at 2024-05-17 10:13:09
Video videos/dataset/wobbler_32.avi verified with exactly 16 frames.
Log at 2024-05-17 10:13:09
Video videos/dataset/wobbler_33.avi verified with exactly 16 frames.
Log at 2024-05-17 10:13:09
Video videos/dataset/wobbler_34.avi verified with exactly 16 frames.
Log at 2024-05-17 10:13:10
Video videos/dataset/wobbler_35.avi verified with exactly 16 frames.
/home/smartview/smartview-api/videos
36
Name of the files is  wobbler_25.avi
Name of the files is  wobbler_27.avi
Name of the files is  wobbler_9.avi
Name of the files is  wobbler_26.avi
Name of the files is  wobbler_24.avi
Name of the files is  wobbler_2.avi
Name of the files is  wobbler_1.avi
Name of the files is  wobbler_35.avi
Name of the files is  wobbler_22.avi
Name of the files is  wobbler_32.avi
Name of the files is  wobbler_29.avi
Name of the files is  wobbler_0.avi
Name of the files is  wobbler_11.avi
Name of the files is  wobbler_18.avi
Name of the files is  wobbler_23.avi
Name of the files is  wobbler_12.avi
Name of the files is  wobbler_8.avi
Name of the files is  wobbler_33.avi
Name of the files is  wobbler_17.avi
Name of the files is  wobbler_19.avi
Name of the files is  wobbler_14.avi
Name of the files is  wobbler_4.avi
Name of the files is  wobbler_3.avi
Name of the files is  wobbler_21.avi
Name of the files is  wobbler_6.avi
Name of the files is  wobbler_7.avi
Name of the files is  wobbler_5.avi
Name of the files is  wobbler_13.avi
Name of the files is  wobbler_28.avi
Name of the files is  wobbler_16.avi
Name of the files is  wobbler_15.avi
Name of the files is  wobbler_31.avi
Name of the files is  wobbler_34.avi
Name of the files is  wobbler_20.avi
Name of the files is  wobbler_10.avi
Name of the files is  wobbler_30.avi
here
here2
INFO:     185.48.148.174:48744 - "POST /api/load_data HTTP/1.1" 200 OK
INFO:     51.250.96.61:60082 - "GET /api/flights/1 HTTP/1.1" 200 OK
INFO:     51.250.96.61:60076 - "GET /api/breakages/1 HTTP/1.1" 200 OK
INFO:     51.250.96.61:60090 - "GET /api/flights/last/breakages/1 HTTP/1.1" 200 OK
INFO:     51.250.96.61:52944 - "GET /api/fields HTTP/1.1" 200 OK
INFO:     51.250.96.61:38524 - "GET /api/fields HTTP/1.1" 200 OK
INFO:     51.250.96.61:60082 - "GET /api/breakages/1 HTTP/1.1" 200 OK
INFO:     51.250.96.61:50426 - "GET /api/fields HTTP/1.1" 200 OK
INFO:     51.250.96.61:50434 - "GET /api/wobblers/1 HTTP/1.1" 200 OK
INFO:     51.250.96.61:60090 - "GET /api/efficiency/1 HTTP/1.1" 200 OK
INFO:     51.250.96.61:50452 - "GET /api/flights/last/breakages/1 HTTP/1.1" 200 OK
INFO:     51.250.96.61:50464 - "GET /api/wobblers/1 HTTP/1.1" 200 OK
INFO:     51.250.96.61:50440 - "GET /api/flights/1 HTTP/1.1" 200 OK
INFO:     51.250.96.61:60090 - "GET /api/breakages/repeating/1 HTTP/1.1" 200 OK
INFO:     51.250.96.61:50452 - "GET /api/efficiency/1 HTTP/1.1" 200 OK
INFO:     51.250.96.61:50452 - "GET /api/breakages/repeating/1 HTTP/1.1" 200 OK
INFO:     87.255.216.74:5336 - "GET /api/wobblers/1 HTTP/1.1" 200 OK
INFO:     185.48.148.174:28012 - "GET /api/flights/last/1 HTTP/1.1" 200 OK
INFO:     51.250.96.61:50452 - "GET /api/wobblers/1 HTTP/1.1" 200 OK
INFO:     185.48.148.174:28012 - "GET /api/flights/last/1 HTTP/1.1" 200 OK
INFO:     5.34.4.140:44226 - "GET /api/wobblers/1 HTTP/1.1" 200 OK
INFO:     51.250.96.61:57250 - "GET /api/wobblers/1 HTTP/1.1" 200 OK
INFO:     51.250.96.61:38806 - "GET /api/wobblers/1 HTTP/1.1" 200 OK
INFO:     51.250.96.61:38806 - "GET /api/wobblers/1 HTTP/1.1" 200 OK
INFO:     65.154.226.166:43041 - "GET /api/wobblers/1 HTTP/1.1" 200 OK
test
INFO:     87.255.216.74:35744 - "POST /api/load_data HTTP/1.1" 500 Internal Server Error
ERROR:    Exception in ASGI application
Traceback (most recent call last):
  File "/home/smartview/miniconda3/lib/python3.12/site-packages/uvicorn/protocols/http/httptools_impl.py", line 411, in run_asgi
    result = await app(  # type: ignore[func-returns-value]
             ^^^^^^^^^^^^^^^^^^^^^^^^^^^^^^^^^^^^^^^^^^^^^^
  File "/home/smartview/miniconda3/lib/python3.12/site-packages/uvicorn/middleware/proxy_headers.py", line 69, in __call__
    return await self.app(scope, receive, send)
           ^^^^^^^^^^^^^^^^^^^^^^^^^^^^^^^^^^^^
  File "/home/smartview/miniconda3/lib/python3.12/site-packages/fastapi/applications.py", line 1054, in __call__
    await super().__call__(scope, receive, send)
  File "/home/smartview/miniconda3/lib/python3.12/site-packages/starlette/applications.py", line 123, in __call__
    await self.middleware_stack(scope, receive, send)
  File "/home/smartview/miniconda3/lib/python3.12/site-packages/starlette/middleware/errors.py", line 186, in __call__
    raise exc
  File "/home/smartview/miniconda3/lib/python3.12/site-packages/starlette/middleware/errors.py", line 164, in __call__
    await self.app(scope, receive, _send)
  File "/home/smartview/miniconda3/lib/python3.12/site-packages/starlette/middleware/cors.py", line 93, in __call__
    await self.simple_response(scope, receive, send, request_headers=headers)
  File "/home/smartview/miniconda3/lib/python3.12/site-packages/starlette/middleware/cors.py", line 148, in simple_response
    await self.app(scope, receive, send)
  File "/home/smartview/miniconda3/lib/python3.12/site-packages/starlette/middleware/exceptions.py", line 65, in __call__
    await wrap_app_handling_exceptions(self.app, conn)(scope, receive, send)
  File "/home/smartview/miniconda3/lib/python3.12/site-packages/starlette/_exception_handler.py", line 64, in wrapped_app
    raise exc
  File "/home/smartview/miniconda3/lib/python3.12/site-packages/starlette/_exception_handler.py", line 53, in wrapped_app
    await app(scope, receive, sender)
  File "/home/smartview/miniconda3/lib/python3.12/site-packages/starlette/routing.py", line 756, in __call__
    await self.middleware_stack(scope, receive, send)
  File "/home/smartview/miniconda3/lib/python3.12/site-packages/starlette/routing.py", line 776, in app
    await route.handle(scope, receive, send)
  File "/home/smartview/miniconda3/lib/python3.12/site-packages/starlette/routing.py", line 297, in handle
    await self.app(scope, receive, send)
  File "/home/smartview/miniconda3/lib/python3.12/site-packages/starlette/routing.py", line 77, in app
    await wrap_app_handling_exceptions(app, request)(scope, receive, send)
  File "/home/smartview/miniconda3/lib/python3.12/site-packages/starlette/_exception_handler.py", line 64, in wrapped_app
    raise exc
  File "/home/smartview/miniconda3/lib/python3.12/site-packages/starlette/_exception_handler.py", line 53, in wrapped_app
    await app(scope, receive, sender)
  File "/home/smartview/miniconda3/lib/python3.12/site-packages/starlette/routing.py", line 72, in app
    response = await func(request)
               ^^^^^^^^^^^^^^^^^^^
  File "/home/smartview/miniconda3/lib/python3.12/site-packages/fastapi/routing.py", line 278, in app
    raw_response = await run_endpoint_function(
                   ^^^^^^^^^^^^^^^^^^^^^^^^^^^^
  File "/home/smartview/miniconda3/lib/python3.12/site-packages/fastapi/routing.py", line 191, in run_endpoint_function
    return await dependant.call(**values)
           ^^^^^^^^^^^^^^^^^^^^^^^^^^^^^^
  File "/home/smartview/smartview-api/api.py", line 255, in load_data
    detection =  detector.Detector(csv_path, video_path)
                 ^^^^^^^^^^^^^^^^^^^^^^^^^^^^^^^^^^^^^^^
  File "/home/smartview/smartview-api/detector.py", line 41, in __init__
    observations = self.update_is_video_column(observations, first_time_tuple, last_time_tuple, first_gps, second_gps)
                   ^^^^^^^^^^^^^^^^^^^^^^^^^^^^^^^^^^^^^^^^^^^^^^^^^^^^^^^^^^^^^^^^^^^^^^^^^^^^^^^^^^^^^^^^^^^^^^^^^^^
  File "/home/smartview/smartview-api/detector.py", line 185, in update_is_video_column
    start_row = self.find_closest_row(df, start_minute_second, start_gps)
                ^^^^^^^^^^^^^^^^^^^^^^^^^^^^^^^^^^^^^^^^^^^^^^^^^^^^^^^^^
  File "/home/smartview/smartview-api/detector.py", line 169, in find_closest_row
    raise ValueError(f"No matching rows found for minute and second: {target_minute_second}")
ValueError: No matching rows found for minute and second: (11, 14)
ffmpeg version 4.2.7-0ubuntu0.1 Copyright (c) 2000-2022 the FFmpeg developers
  built with gcc 9 (Ubuntu 9.4.0-1ubuntu1~20.04.1)
  configuration: --prefix=/usr --extra-version=0ubuntu0.1 --toolchain=hardened --libdir=/usr/lib/x86_64-linux-gnu --incdir=/usr/include/x86_64-linux-gnu --arch=amd64 --enable-gpl --disable-stripping --enable-avresample --disable-filter=resample --enable-avisynth --enable-gnutls --enable-ladspa --enable-libaom --enable-libass --enable-libbluray --enable-libbs2b --enable-libcaca --enable-libcdio --enable-libcodec2 --enable-libflite --enable-libfontconfig --enable-libfreetype --enable-libfribidi --enable-libgme --enable-libgsm --enable-libjack --enable-libmp3lame --enable-libmysofa --enable-libopenjpeg --enable-libopenmpt --enable-libopus --enable-libpulse --enable-librsvg --enable-librubberband --enable-libshine --enable-libsnappy --enable-libsoxr --enable-libspeex --enable-libssh --enable-libtheora --enable-libtwolame --enable-libvidstab --enable-libvorbis --enable-libvpx --enable-libwavpack --enable-libwebp --enable-libx265 --enable-libxml2 --enable-libxvid --enable-libzmq --enable-libzvbi --enable-lv2 --enable-omx --enable-openal --enable-opencl --enable-opengl --enable-sdl2 --enable-libdc1394 --enable-libdrm --enable-libiec61883 --enable-nvenc --enable-chromaprint --enable-frei0r --enable-libx264 --enable-shared
  libavutil      56. 31.100 / 56. 31.100
  libavcodec     58. 54.100 / 58. 54.100
  libavformat    58. 29.100 / 58. 29.100
  libavdevice    58.  8.100 / 58.  8.100
  libavfilter     7. 57.100 /  7. 57.100
  libavresample   4.  0.  0 /  4.  0.  0
  libswscale      5.  5.100 /  5.  5.100
  libswresample   3.  5.100 /  3.  5.100
  libpostproc    55.  5.100 / 55.  5.100
Input #0, mov,mp4,m4a,3gp,3g2,mj2, from './MAX_0004_03_08.MP4':
  Metadata:
    major_brand     : isom
    minor_version   : 512
    compatible_brands: isomiso2avc1mp41
    creation_time   : 2024-05-17T15:11:14.000000Z
    encoder         : Lavf58.20.100
  Duration: 00:02:02.30, start: 0.000000, bitrate: 61446 kb/s
    Stream #0:0(und): Video: h264 (High) (avc1 / 0x31637661), yuvj420p(pc, bt709), 1920x1080, 61443 kb/s, 30 fps, 30 tbr, 90k tbn, 180k tbc (default)
    Metadata:
      creation_time   : 2024-05-17T15:11:14.000000Z
      handler_name    : Autel.Video
    Stream #0:1(und): Subtitle: mov_text (text / 0x74786574), 1 kb/s (default)
    Metadata:
      creation_time   : 2024-05-17T15:11:14.000000Z
      handler_name    : Autel.Subtitle
Output #0, srt, to './MAX_0004_03_08.MP4.SRT':
  Metadata:
    major_brand     : isom
    minor_version   : 512
    compatible_brands: isomiso2avc1mp41
    encoder         : Lavf58.29.100
    Stream #0:0(und): Subtitle: subrip (srt) (default)
    Metadata:
      creation_time   : 2024-05-17T15:11:14.000000Z
      handler_name    : Autel.Subtitle
      encoder         : Lavc58.54.100 srt
Stream mapping:
  Stream #0:1 -> #0:0 (mov_text (native) -> subrip (srt))
Press [q] to stop, [?] for help
size=      28kB time=00:02:01.00 bitrate=   1.9kbits/s speed=1.84e+04x    
video:0kB audio:0kB subtitle:24kB other streams:0kB global headers:0kB muxing overhead: 17.717121%
test
Subtitle file extracted: ./MAX_0004_03_08.MP4.SRT
The width: 0.0006325000000089176, the height: 0.0011946000000051527
The width: 423, the height: 800
test
The width: 0.0006325000000089176, the height: 0.0011946000000051527
The width: 423, the height: 800
Log at [[[143 145 145]
  [133 135 135]
  [139 141 141]
  ...
  [169 181 187]
  [150 162 168]
  [158 172 178]]

 [[141 143 143]
  [129 131 129]
  [138 140 138]
  ...
  [137 151 157]
  [145 159 165]
  [162 176 182]]

 [[145 147 147]
  [147 149 147]
  [158 160 158]
  ...
  [154 168 174]
  [170 184 190]
  [172 186 192]]

 ...

 [[ 91 106 125]
  [ 98 110 126]
  [ 93 105 121]
  ...
  [ 99 112 131]
  [135 148 167]
  [144 164 183]]

 [[106 121 140]
  [101 113 129]
  [ 89 101 117]
  ...
  [ 98 111 130]
  [115 128 147]
  [ 98 118 137]]

 [[ 78  84 101]
  [ 83  85 106]
  [104 106 127]
  ...
  [ 65  80  99]
  [ 52  67  86]
  [ 95 113 132]]]
Video videos/dataset/wobbler_0.avi verified with exactly 16 frames.
Log at 2024-05-17 10:11:20
Video videos/dataset/wobbler_1.avi verified with exactly 16 frames.
Log at 2024-05-17 10:11:22
Video videos/dataset/wobbler_2.avi verified with exactly 16 frames.
Log at 2024-05-17 10:11:22
Video videos/dataset/wobbler_3.avi verified with exactly 16 frames.
Log at 2024-05-17 10:11:23
Video videos/dataset/wobbler_4.avi verified with exactly 16 frames.
Log at 2024-05-17 10:11:23
Video videos/dataset/wobbler_5.avi verified with exactly 16 frames.
Log at 2024-05-17 10:11:24
Video videos/dataset/wobbler_6.avi verified with exactly 16 frames.
Log at 2024-05-17 10:11:24
Video videos/dataset/wobbler_7.avi verified with exactly 16 frames.
Log at 2024-05-17 10:11:25
Video videos/dataset/wobbler_8.avi verified with exactly 16 frames.
Log at 2024-05-17 10:12:08
Video videos/dataset/wobbler_9.avi verified with exactly 16 frames.
Log at 2024-05-17 10:12:08
Video videos/dataset/wobbler_10.avi verified with exactly 16 frames.
Log at 2024-05-17 10:12:47
Video videos/dataset/wobbler_11.avi verified with exactly 16 frames.
Log at 2024-05-17 10:12:09
Video videos/dataset/wobbler_12.avi verified with exactly 16 frames.
Log at 2024-05-17 10:12:10
Video videos/dataset/wobbler_13.avi verified with exactly 16 frames.
Log at 2024-05-17 10:12:11
Video videos/dataset/wobbler_14.avi verified with exactly 16 frames.
Log at 2024-05-17 10:12:25
Video videos/dataset/wobbler_15.avi verified with exactly 16 frames.
Log at 2024-05-17 10:12:25
Video videos/dataset/wobbler_16.avi verified with exactly 16 frames.
Log at 2024-05-17 10:12:28
Video videos/dataset/wobbler_17.avi verified with exactly 16 frames.
Log at 2024-05-17 10:12:30
Video videos/dataset/wobbler_18.avi verified with exactly 16 frames.
Log at 2024-05-17 10:12:29
Video videos/dataset/wobbler_19.avi verified with exactly 16 frames.
Log at 2024-05-17 10:12:30
Video videos/dataset/wobbler_20.avi verified with exactly 16 frames.
Log at 2024-05-17 10:12:31
Video videos/dataset/wobbler_21.avi verified with exactly 16 frames.
Log at 2024-05-17 10:12:32
Video videos/dataset/wobbler_22.avi verified with exactly 16 frames.
Log at 2024-05-17 10:12:33
Video videos/dataset/wobbler_23.avi verified with exactly 16 frames.
Log at 2024-05-17 10:12:47
Video videos/dataset/wobbler_24.avi verified with exactly 16 frames.
Log at 2024-05-17 10:12:48
Video videos/dataset/wobbler_25.avi verified with exactly 16 frames.
Log at 2024-05-17 10:12:49
Video videos/dataset/wobbler_26.avi verified with exactly 16 frames.
Log at 2024-05-17 10:12:51
Video videos/dataset/wobbler_27.avi verified with exactly 16 frames.
Log at 2024-05-17 10:12:53
Video videos/dataset/wobbler_28.avi verified with exactly 16 frames.
Log at 2024-05-17 10:12:53
Video videos/dataset/wobbler_29.avi verified with exactly 16 frames.
Log at 2024-05-17 10:13:07
Video videos/dataset/wobbler_30.avi verified with exactly 16 frames.
Log at 2024-05-17 10:13:09
Video videos/dataset/wobbler_31.avi verified with exactly 16 frames.
Log at 2024-05-17 10:13:09
Video videos/dataset/wobbler_32.avi verified with exactly 16 frames.
Log at 2024-05-17 10:13:09
Video videos/dataset/wobbler_33.avi verified with exactly 16 frames.
Log at 2024-05-17 10:13:09
Video videos/dataset/wobbler_34.avi verified with exactly 16 frames.
Log at 2024-05-17 10:13:10
Video videos/dataset/wobbler_35.avi verified with exactly 16 frames.
/home/smartview/smartview-api/videos
36
Name of the files is  wobbler_25.avi
Name of the files is  wobbler_27.avi
Name of the files is  wobbler_9.avi
Name of the files is  wobbler_26.avi
Name of the files is  wobbler_24.avi
Name of the files is  wobbler_2.avi
Name of the files is  wobbler_1.avi
Name of the files is  wobbler_35.avi
Name of the files is  wobbler_22.avi
Name of the files is  wobbler_32.avi
Name of the files is  wobbler_29.avi
Name of the files is  wobbler_0.avi
Name of the files is  wobbler_11.avi
Name of the files is  wobbler_18.avi
Name of the files is  wobbler_23.avi
Name of the files is  wobbler_12.avi
Name of the files is  wobbler_8.avi
Name of the files is  wobbler_33.avi
Name of the files is  wobbler_17.avi
Name of the files is  wobbler_19.avi
Name of the files is  wobbler_14.avi
Name of the files is  wobbler_4.avi
Name of the files is  wobbler_3.avi
Name of the files is  wobbler_21.avi
Name of the files is  wobbler_6.avi
Name of the files is  wobbler_7.avi
Name of the files is  wobbler_5.avi
Name of the files is  wobbler_13.avi
Name of the files is  wobbler_28.avi
Name of the files is  wobbler_16.avi
Name of the files is  wobbler_15.avi
Name of the files is  wobbler_31.avi
Name of the files is  wobbler_34.avi
Name of the files is  wobbler_20.avi
Name of the files is  wobbler_10.avi
Name of the files is  wobbler_30.avi
here
here2
INFO:     87.255.216.74:16657 - "POST /api/load_data HTTP/1.1" 200 OK
INFO:     51.250.96.61:59686 - "GET /api/breakages/1 HTTP/1.1" 200 OK
INFO:     51.250.96.61:59698 - "GET /api/flights/last/breakages/1 HTTP/1.1" 200 OK
INFO:     51.250.96.61:59690 - "GET /api/flights/1 HTTP/1.1" 200 OK
INFO:     51.250.96.61:59710 - "GET /api/wobblers/1 HTTP/1.1" 200 OK
INFO:     51.250.96.61:59698 - "GET /api/efficiency/1 HTTP/1.1" 200 OK
INFO:     51.250.96.61:59698 - "GET /api/breakages/repeating/1 HTTP/1.1" 200 OK
INFO:     87.255.216.74:16657 - "GET /api/wobblers/1 HTTP/1.1" 200 OK
INFO:     51.250.96.61:59698 - "GET /api/wobblers/1 HTTP/1.1" 200 OK
INFO:     185.48.148.174:23130 - "GET /api/flights/last/1 HTTP/1.1" 200 OK
INFO:     185.48.148.174:23130 - "GET /api/flights/last/1 HTTP/1.1" 200 OK
INFO:     51.250.96.61:60274 - "GET /api/breakages/1 HTTP/1.1" 200 OK
INFO:     51.250.96.61:60284 - "GET /api/flights/1 HTTP/1.1" 200 OK
INFO:     51.250.96.61:60288 - "GET /api/flights/last/breakages/1 HTTP/1.1" 200 OK
INFO:     51.250.96.61:60288 - "GET /api/efficiency/1 HTTP/1.1" 200 OK
INFO:     51.250.96.61:60288 - "GET /api/breakages/repeating/1 HTTP/1.1" 200 OK
INFO:     5.34.4.140:12058 - "GET /api/map/1 HTTP/1.1" 200 OK
INFO:     5.34.4.140:12058 - "GET /api/flights/last/1 HTTP/1.1" 200 OK
INFO:     5.34.4.140:12058 - "GET /api/flights/last/1 HTTP/1.1" 200 OK
WARNING:  WatchFiles detected changes in 'detector.py'. Reloading...
INFO:     Shutting down
INFO:     Waiting for application shutdown.
INFO:     Application shutdown complete.
INFO:     Finished server process [6241]
INFO:     Started server process [7308]
INFO:     Waiting for application startup.
INFO:     Application startup complete.
/home/smartview/smartview-api/api.py:162: SAWarning: relationship 'Wobbler.heap_leaching_padpad' will copy column heap_leaching_pads.id to column wobblers.heap_leaching_pad_id, which conflicts with relationship(s): 'Wobbler.heap_leaching_pad' (copies heap_leaching_pads.id to wobblers.heap_leaching_pad_id). If this is not the intention, consider if these relationships should be linked with back_populates, or if viewonly=True should be applied to one or more if they are read-only. For the less common case that foreign key constraints are partially overlapping, the orm.foreign() annotation can be used to isolate the columns that should be written towards.   To silence this warning, add the parameter 'overlaps="heap_leaching_pad"' to the 'Wobbler.heap_leaching_padpad' relationship. (Background on this warning at: https://sqlalche.me/e/20/qzyx) (This warning originated from the `configure_mappers()` process, which was invoked automatically in response to a user-initiated operation.)
  breakages = db.query(Breakage).filter(Breakage.heap_leaching_pad_id==heap_leaching_pad_id).all()
INFO:     51.250.96.61:40910 - "GET /api/breakages/1 HTTP/1.1" 200 OK
INFO:     51.250.96.61:40926 - "GET /api/flights/last/breakages/1 HTTP/1.1" 200 OK
INFO:     51.250.96.61:40918 - "GET /api/flights/1 HTTP/1.1" 200 OK
INFO:     51.250.96.61:40936 - "GET /api/wobblers/1 HTTP/1.1" 200 OK
INFO:     51.250.96.61:40926 - "GET /api/efficiency/1 HTTP/1.1" 200 OK
INFO:     51.250.96.61:40926 - "GET /api/breakages/repeating/1 HTTP/1.1" 200 OK
INFO:     178.91.253.74:24931 - "GET /api/wobblers/1 HTTP/1.1" 200 OK
INFO:     51.250.96.61:40926 - "GET /api/wobblers/1 HTTP/1.1" 200 OK
INFO:     185.48.148.174:40530 - "GET /api/flights/last/1 HTTP/1.1" 200 OK
INFO:     185.48.148.174:40530 - "GET /api/flights/last/1 HTTP/1.1" 200 OK
ffmpeg version 4.2.7-0ubuntu0.1 Copyright (c) 2000-2022 the FFmpeg developers
  built with gcc 9 (Ubuntu 9.4.0-1ubuntu1~20.04.1)
  configuration: --prefix=/usr --extra-version=0ubuntu0.1 --toolchain=hardened --libdir=/usr/lib/x86_64-linux-gnu --incdir=/usr/include/x86_64-linux-gnu --arch=amd64 --enable-gpl --disable-stripping --enable-avresample --disable-filter=resample --enable-avisynth --enable-gnutls --enable-ladspa --enable-libaom --enable-libass --enable-libbluray --enable-libbs2b --enable-libcaca --enable-libcdio --enable-libcodec2 --enable-libflite --enable-libfontconfig --enable-libfreetype --enable-libfribidi --enable-libgme --enable-libgsm --enable-libjack --enable-libmp3lame --enable-libmysofa --enable-libopenjpeg --enable-libopenmpt --enable-libopus --enable-libpulse --enable-librsvg --enable-librubberband --enable-libshine --enable-libsnappy --enable-libsoxr --enable-libspeex --enable-libssh --enable-libtheora --enable-libtwolame --enable-libvidstab --enable-libvorbis --enable-libvpx --enable-libwavpack --enable-libwebp --enable-libx265 --enable-libxml2 --enable-libxvid --enable-libzmq --enable-libzvbi --enable-lv2 --enable-omx --enable-openal --enable-opencl --enable-opengl --enable-sdl2 --enable-libdc1394 --enable-libdrm --enable-libiec61883 --enable-nvenc --enable-chromaprint --enable-frei0r --enable-libx264 --enable-shared
  libavutil      56. 31.100 / 56. 31.100
  libavcodec     58. 54.100 / 58. 54.100
  libavformat    58. 29.100 / 58. 29.100
  libavdevice    58.  8.100 / 58.  8.100
  libavfilter     7. 57.100 /  7. 57.100
  libavresample   4.  0.  0 /  4.  0.  0
  libswscale      5.  5.100 /  5.  5.100
  libswresample   3.  5.100 /  3.  5.100
  libpostproc    55.  5.100 / 55.  5.100
Input #0, mov,mp4,m4a,3gp,3g2,mj2, from './MAX_0004_02_27.MP4':
  Metadata:
    major_brand     : isom
    minor_version   : 512
    compatible_brands: isomiso2avc1mp41
    creation_time   : 2024-05-17T14:40:03.000000Z
    encoder         : Lavf58.20.100
  Duration: 00:02:41.33, start: 0.000000, bitrate: 61458 kb/s
    Stream #0:0(und): Video: h264 (High) (avc1 / 0x31637661), yuvj420p(pc, bt709), 1920x1080, 61455 kb/s, 30 fps, 30 tbr, 90k tbn, 180k tbc (default)
    Metadata:
      creation_time   : 2024-05-17T14:40:03.000000Z
      handler_name    : Autel.Video
    Stream #0:1(und): Subtitle: mov_text (text / 0x74786574), 1 kb/s (default)
    Metadata:
      creation_time   : 2024-05-17T14:40:03.000000Z
      handler_name    : Autel.Subtitle
File './MAX_0004_02_27.MP4.SRT' already exists. Overwrite ? [y/N] Not overwriting - exiting
test
INFO:     87.255.216.74:4305 - "POST /api/load_data HTTP/1.1" 500 Internal Server Error
ERROR:    Exception in ASGI application
Traceback (most recent call last):
  File "/home/smartview/miniconda3/lib/python3.12/site-packages/uvicorn/protocols/http/httptools_impl.py", line 411, in run_asgi
    result = await app(  # type: ignore[func-returns-value]
             ^^^^^^^^^^^^^^^^^^^^^^^^^^^^^^^^^^^^^^^^^^^^^^
  File "/home/smartview/miniconda3/lib/python3.12/site-packages/uvicorn/middleware/proxy_headers.py", line 69, in __call__
    return await self.app(scope, receive, send)
           ^^^^^^^^^^^^^^^^^^^^^^^^^^^^^^^^^^^^
  File "/home/smartview/miniconda3/lib/python3.12/site-packages/fastapi/applications.py", line 1054, in __call__
    await super().__call__(scope, receive, send)
  File "/home/smartview/miniconda3/lib/python3.12/site-packages/starlette/applications.py", line 123, in __call__
    await self.middleware_stack(scope, receive, send)
  File "/home/smartview/miniconda3/lib/python3.12/site-packages/starlette/middleware/errors.py", line 186, in __call__
    raise exc
  File "/home/smartview/miniconda3/lib/python3.12/site-packages/starlette/middleware/errors.py", line 164, in __call__
    await self.app(scope, receive, _send)
  File "/home/smartview/miniconda3/lib/python3.12/site-packages/starlette/middleware/cors.py", line 93, in __call__
    await self.simple_response(scope, receive, send, request_headers=headers)
  File "/home/smartview/miniconda3/lib/python3.12/site-packages/starlette/middleware/cors.py", line 148, in simple_response
    await self.app(scope, receive, send)
  File "/home/smartview/miniconda3/lib/python3.12/site-packages/starlette/middleware/exceptions.py", line 65, in __call__
    await wrap_app_handling_exceptions(self.app, conn)(scope, receive, send)
  File "/home/smartview/miniconda3/lib/python3.12/site-packages/starlette/_exception_handler.py", line 64, in wrapped_app
    raise exc
  File "/home/smartview/miniconda3/lib/python3.12/site-packages/starlette/_exception_handler.py", line 53, in wrapped_app
    await app(scope, receive, sender)
  File "/home/smartview/miniconda3/lib/python3.12/site-packages/starlette/routing.py", line 756, in __call__
    await self.middleware_stack(scope, receive, send)
  File "/home/smartview/miniconda3/lib/python3.12/site-packages/starlette/routing.py", line 776, in app
    await route.handle(scope, receive, send)
  File "/home/smartview/miniconda3/lib/python3.12/site-packages/starlette/routing.py", line 297, in handle
    await self.app(scope, receive, send)
  File "/home/smartview/miniconda3/lib/python3.12/site-packages/starlette/routing.py", line 77, in app
    await wrap_app_handling_exceptions(app, request)(scope, receive, send)
  File "/home/smartview/miniconda3/lib/python3.12/site-packages/starlette/_exception_handler.py", line 64, in wrapped_app
    raise exc
  File "/home/smartview/miniconda3/lib/python3.12/site-packages/starlette/_exception_handler.py", line 53, in wrapped_app
    await app(scope, receive, sender)
  File "/home/smartview/miniconda3/lib/python3.12/site-packages/starlette/routing.py", line 72, in app
    response = await func(request)
               ^^^^^^^^^^^^^^^^^^^
  File "/home/smartview/miniconda3/lib/python3.12/site-packages/fastapi/routing.py", line 278, in app
    raw_response = await run_endpoint_function(
                   ^^^^^^^^^^^^^^^^^^^^^^^^^^^^
  File "/home/smartview/miniconda3/lib/python3.12/site-packages/fastapi/routing.py", line 191, in run_endpoint_function
    return await dependant.call(**values)
           ^^^^^^^^^^^^^^^^^^^^^^^^^^^^^^
  File "/home/smartview/smartview-api/api.py", line 255, in load_data
    detection =  detector.Detector(csv_path, video_path)
                 ^^^^^^^^^^^^^^^^^^^^^^^^^^^^^^^^^^^^^^^
  File "/home/smartview/smartview-api/detector.py", line 38, in __init__
    self.extract_srt(video_path, video_path)
  File "/home/smartview/smartview-api/detector.py", line 115, in extract_srt
    ffmpeg.input(input_file).output(output_file, map='0:' + str(subtitle_stream_index)).run()
  File "/home/smartview/miniconda3/lib/python3.12/site-packages/ffmpeg/_run.py", line 325, in run
    raise Error('ffmpeg', out, err)
ffmpeg._run.Error: ffmpeg error (see stderr output for detail)
INFO:     51.250.96.61:55638 - "GET /api/wobblers/1 HTTP/1.1" 200 OK
INFO:     51.250.96.61:55652 - "GET /api/wobblers/1 HTTP/1.1" 200 OK
INFO:     51.250.96.61:55670 - "GET /api/wobblers/1 HTTP/1.1" 200 OK
INFO:     51.250.96.61:55668 - "GET /api/wobblers/1 HTTP/1.1" 200 OK
INFO:     51.250.96.61:55672 - "GET /api/wobblers/1 HTTP/1.1" 200 OK
INFO:     51.250.96.61:55676 - "GET /api/fields HTTP/1.1" 200 OK
INFO:     51.250.96.61:55686 - "GET /api/fields HTTP/1.1" 200 OK
INFO:     51.250.96.61:55692 - "GET /api/wobblers/1 HTTP/1.1" 200 OK
INFO:     51.250.96.61:55708 - "GET /api/wobblers/1 HTTP/1.1" 200 OK
WARNING:  WatchFiles detected changes in 'detector.py'. Reloading...
INFO:     Shutting down
INFO:     Waiting for application shutdown.
INFO:     Application shutdown complete.
INFO:     Finished server process [7308]
INFO:     Started server process [7572]
INFO:     Waiting for application startup.
INFO:     Application startup complete.
ffmpeg version 4.2.7-0ubuntu0.1 Copyright (c) 2000-2022 the FFmpeg developers
  built with gcc 9 (Ubuntu 9.4.0-1ubuntu1~20.04.1)
  configuration: --prefix=/usr --extra-version=0ubuntu0.1 --toolchain=hardened --libdir=/usr/lib/x86_64-linux-gnu --incdir=/usr/include/x86_64-linux-gnu --arch=amd64 --enable-gpl --disable-stripping --enable-avresample --disable-filter=resample --enable-avisynth --enable-gnutls --enable-ladspa --enable-libaom --enable-libass --enable-libbluray --enable-libbs2b --enable-libcaca --enable-libcdio --enable-libcodec2 --enable-libflite --enable-libfontconfig --enable-libfreetype --enable-libfribidi --enable-libgme --enable-libgsm --enable-libjack --enable-libmp3lame --enable-libmysofa --enable-libopenjpeg --enable-libopenmpt --enable-libopus --enable-libpulse --enable-librsvg --enable-librubberband --enable-libshine --enable-libsnappy --enable-libsoxr --enable-libspeex --enable-libssh --enable-libtheora --enable-libtwolame --enable-libvidstab --enable-libvorbis --enable-libvpx --enable-libwavpack --enable-libwebp --enable-libx265 --enable-libxml2 --enable-libxvid --enable-libzmq --enable-libzvbi --enable-lv2 --enable-omx --enable-openal --enable-opencl --enable-opengl --enable-sdl2 --enable-libdc1394 --enable-libdrm --enable-libiec61883 --enable-nvenc --enable-chromaprint --enable-frei0r --enable-libx264 --enable-shared
  libavutil      56. 31.100 / 56. 31.100
  libavcodec     58. 54.100 / 58. 54.100
  libavformat    58. 29.100 / 58. 29.100
  libavdevice    58.  8.100 / 58.  8.100
  libavfilter     7. 57.100 /  7. 57.100
  libavresample   4.  0.  0 /  4.  0.  0
  libswscale      5.  5.100 /  5.  5.100
  libswresample   3.  5.100 /  3.  5.100
  libpostproc    55.  5.100 / 55.  5.100
Input #0, mov,mp4,m4a,3gp,3g2,mj2, from './MAX_0004_02_27.MP4':
  Metadata:
    major_brand     : isom
    minor_version   : 512
    compatible_brands: isomiso2avc1mp41
    creation_time   : 2024-05-17T14:40:03.000000Z
    encoder         : Lavf58.20.100
  Duration: 00:02:41.33, start: 0.000000, bitrate: 61458 kb/s
    Stream #0:0(und): Video: h264 (High) (avc1 / 0x31637661), yuvj420p(pc, bt709), 1920x1080, 61455 kb/s, 30 fps, 30 tbr, 90k tbn, 180k tbc (default)
    Metadata:
      creation_time   : 2024-05-17T14:40:03.000000Z
      handler_name    : Autel.Video
    Stream #0:1(und): Subtitle: mov_text (text / 0x74786574), 1 kb/s (default)
    Metadata:
      creation_time   : 2024-05-17T14:40:03.000000Z
      handler_name    : Autel.Subtitle
Output #0, srt, to './MAX_0004_02_27.MP4.SRT':
  Metadata:
    major_brand     : isom
    minor_version   : 512
    compatible_brands: isomiso2avc1mp41
    encoder         : Lavf58.29.100
    Stream #0:0(und): Subtitle: subrip (srt) (default)
    Metadata:
      creation_time   : 2024-05-17T14:40:03.000000Z
      handler_name    : Autel.Subtitle
      encoder         : Lavc58.54.100 srt
Stream mapping:
  Stream #0:1 -> #0:0 (mov_text (native) -> subrip (srt))
Press [q] to stop, [?] for help
size=      37kB time=00:02:40.00 bitrate=   1.9kbits/s speed=3.09e+04x    
video:0kB audio:0kB subtitle:31kB other streams:0kB global headers:0kB muxing overhead: 17.851986%
/home/smartview/smartview-api/db.py:58: SAWarning: relationship 'Wobbler.heap_leaching_padpad' will copy column heap_leaching_pads.id to column wobblers.heap_leaching_pad_id, which conflicts with relationship(s): 'Wobbler.heap_leaching_pad' (copies heap_leaching_pads.id to wobblers.heap_leaching_pad_id). If this is not the intention, consider if these relationships should be linked with back_populates, or if viewonly=True should be applied to one or more if they are read-only. For the less common case that foreign key constraints are partially overlapping, the orm.foreign() annotation can be used to isolate the columns that should be written towards.   To silence this warning, add the parameter 'overlaps="heap_leaching_pad"' to the 'Wobbler.heap_leaching_padpad' relationship. (Background on this warning at: https://sqlalche.me/e/20/qzyx) (This warning originated from the `configure_mappers()` process, which was invoked automatically in response to a user-initiated operation.)
  flight =  Flights(
test
Subtitle file extracted: ./MAX_0004_02_27.MP4.SRT
The width: 0.0006850000000042655, the height: 0.0009267000000079406
The width: 591, the height: 800
test
The width: 0.0006850000000042655, the height: 0.0009267000000079406
The width: 591, the height: 800
Log at 2024-05-17 09:40:09
Video videos/dataset/wobbler_0.avi verified with exactly 16 frames.
Log at 2024-05-17 09:40:10
Video videos/dataset/wobbler_1.avi verified with exactly 16 frames.
Log at 2024-05-17 09:40:12
Video videos/dataset/wobbler_2.avi verified with exactly 16 frames.
Log at 2024-05-17 09:40:24
Video videos/dataset/wobbler_3.avi verified with exactly 16 frames.
Log at 2024-05-17 09:41:20
Video videos/dataset/wobbler_4.avi verified with exactly 16 frames.
Log at 2024-05-17 09:40:26
Video videos/dataset/wobbler_5.avi verified with exactly 16 frames.
Log at 2024-05-17 09:40:27
Video videos/dataset/wobbler_6.avi verified with exactly 16 frames.
Log at 2024-05-17 09:40:29
Video videos/dataset/wobbler_7.avi verified with exactly 16 frames.
Log at 2024-05-17 09:40:29
Video videos/dataset/wobbler_8.avi verified with exactly 16 frames.
Log at 2024-05-17 09:40:30
Video videos/dataset/wobbler_9.avi verified with exactly 16 frames.
Log at 2024-05-17 09:40:32
Video videos/dataset/wobbler_10.avi verified with exactly 16 frames.
Log at 2024-05-17 09:41:04
Video videos/dataset/wobbler_11.avi verified with exactly 16 frames.
Log at 2024-05-17 09:41:03
Video videos/dataset/wobbler_12.avi verified with exactly 16 frames.
Log at 2024-05-17 09:41:03
Video videos/dataset/wobbler_13.avi verified with exactly 16 frames.
Log at 2024-05-17 09:41:03
Video videos/dataset/wobbler_14.avi verified with exactly 16 frames.
Log at 2024-05-17 09:41:04
Video videos/dataset/wobbler_15.avi verified with exactly 16 frames.
Log at 2024-05-17 09:41:52
Video videos/dataset/wobbler_16.avi verified with exactly 16 frames.
Log at 2024-05-17 09:41:52
Video videos/dataset/wobbler_17.avi verified with exactly 16 frames.
Log at 2024-05-17 09:41:05
Video videos/dataset/wobbler_18.avi verified with exactly 16 frames.
Log at 2024-05-17 09:41:20
Video videos/dataset/wobbler_19.avi verified with exactly 16 frames.
Log at 2024-05-17 09:41:20
Video videos/dataset/wobbler_20.avi verified with exactly 16 frames.
Log at 2024-05-17 09:41:20
Video videos/dataset/wobbler_21.avi verified with exactly 16 frames.
Log at 2024-05-17 09:41:40
Video videos/dataset/wobbler_22.avi verified with exactly 16 frames.
Log at 2024-05-17 09:41:44
Video videos/dataset/wobbler_23.avi verified with exactly 16 frames.
Log at 2024-05-17 09:41:44
Video videos/dataset/wobbler_24.avi verified with exactly 16 frames.
Log at 2024-05-17 09:41:44
Video videos/dataset/wobbler_25.avi verified with exactly 16 frames.
Log at 2024-05-17 09:41:45
Video videos/dataset/wobbler_26.avi verified with exactly 16 frames.
Log at 2024-05-17 09:41:47
Video videos/dataset/wobbler_27.avi verified with exactly 16 frames.
Log at 2024-05-17 09:41:49
Video videos/dataset/wobbler_28.avi verified with exactly 16 frames.
Log at 2024-05-17 09:41:51
Video videos/dataset/wobbler_29.avi verified with exactly 16 frames.
Log at 2024-05-17 09:41:57
Video videos/dataset/wobbler_30.avi verified with exactly 16 frames.
Log at 2024-05-17 09:42:08
Video videos/dataset/wobbler_31.avi verified with exactly 16 frames.
Log at 2024-05-17 09:42:10
Video videos/dataset/wobbler_32.avi verified with exactly 16 frames.
Log at 2024-05-17 09:42:12
Video videos/dataset/wobbler_33.avi verified with exactly 16 frames.
Log at 2024-05-17 09:42:16
Video videos/dataset/wobbler_34.avi verified with exactly 16 frames.
Log at 2024-05-17 09:42:21
Video videos/dataset/wobbler_35.avi verified with exactly 16 frames.
Log at 2024-05-17 09:42:20
Video videos/dataset/wobbler_36.avi verified with exactly 16 frames.
Log at 2024-05-17 09:42:21
Video videos/dataset/wobbler_37.avi verified with exactly 16 frames.
Log at 2024-05-17 09:42:24
Video videos/dataset/wobbler_38.avi verified with exactly 16 frames.
Log at 2024-05-17 09:42:28
Video videos/dataset/wobbler_39.avi verified with exactly 16 frames.
Log at 2024-05-17 09:42:31
Video videos/dataset/wobbler_40.avi verified with exactly 16 frames.
/home/smartview/smartview-api/videos
41
Name of the files is  wobbler_8.avi
Name of the files is  wobbler_13.avi
Name of the files is  wobbler_23.avi
Name of the files is  wobbler_6.avi
Name of the files is  wobbler_10.avi
Name of the files is  wobbler_12.avi
Name of the files is  wobbler_31.avi
Name of the files is  wobbler_37.avi
Name of the files is  wobbler_36.avi
Name of the files is  wobbler_4.avi
Name of the files is  wobbler_20.avi
Name of the files is  wobbler_25.avi
Name of the files is  wobbler_33.avi
Name of the files is  wobbler_22.avi
Name of the files is  wobbler_27.avi
Name of the files is  wobbler_19.avi
Name of the files is  wobbler_35.avi
Name of the files is  wobbler_30.avi
Name of the files is  wobbler_40.avi
Name of the files is  wobbler_18.avi
Name of the files is  wobbler_26.avi
Name of the files is  wobbler_9.avi
Name of the files is  wobbler_39.avi
Name of the files is  wobbler_1.avi
Name of the files is  wobbler_14.avi
Name of the files is  wobbler_7.avi
Name of the files is  wobbler_15.avi
Name of the files is  wobbler_32.avi
Name of the files is  wobbler_0.avi
Name of the files is  wobbler_38.avi
Name of the files is  wobbler_5.avi
Name of the files is  wobbler_24.avi
Name of the files is  wobbler_11.avi
Name of the files is  wobbler_3.avi
Name of the files is  wobbler_29.avi
Name of the files is  wobbler_17.avi
Name of the files is  wobbler_28.avi
Name of the files is  wobbler_21.avi
Name of the files is  wobbler_34.avi
Name of the files is  wobbler_2.avi
Name of the files is  wobbler_16.avi
here
here2
INFO:     185.48.148.174:31167 - "POST /api/load_data HTTP/1.1" 200 OK
INFO:     51.250.96.61:49988 - "GET /api/breakages/1 HTTP/1.1" 200 OK
INFO:     51.250.96.61:50006 - "GET /api/flights/last/breakages/1 HTTP/1.1" 200 OK
INFO:     51.250.96.61:50000 - "GET /api/flights/1 HTTP/1.1" 200 OK
INFO:     51.250.96.61:50018 - "GET /api/wobblers/1 HTTP/1.1" 200 OK
INFO:     51.250.96.61:50006 - "GET /api/efficiency/1 HTTP/1.1" 200 OK
INFO:     51.250.96.61:50006 - "GET /api/breakages/repeating/1 HTTP/1.1" 200 OK
INFO:     51.250.96.61:50006 - "GET /api/wobblers/1 HTTP/1.1" 200 OK
INFO:     51.250.96.61:50018 - "GET /api/wobblers/1 HTTP/1.1" 200 OK
INFO:     51.250.96.61:50022 - "GET /api/wobblers/1 HTTP/1.1" 200 OK
INFO:     51.250.96.61:50000 - "GET /api/wobblers/1 HTTP/1.1" 200 OK
INFO:     51.250.96.61:50034 - "GET /api/wobblers/1 HTTP/1.1" 200 OK
INFO:     51.250.96.61:49988 - "GET /api/wobblers/1 HTTP/1.1" 200 OK
INFO:     51.250.96.61:44110 - "GET /api/breakages/1 HTTP/1.1" 200 OK
INFO:     51.250.96.61:44120 - "GET /api/flights/1 HTTP/1.1" 200 OK
INFO:     51.250.96.61:44124 - "GET /api/flights/last/breakages/1 HTTP/1.1" 200 OK
INFO:     51.250.96.61:44138 - "GET /api/wobblers/1 HTTP/1.1" 200 OK
INFO:     51.250.96.61:44124 - "GET /api/efficiency/1 HTTP/1.1" 200 OK
INFO:     51.250.96.61:44124 - "GET /api/breakages/repeating/1 HTTP/1.1" 200 OK
INFO:     51.250.96.61:44124 - "GET /api/wobblers/1 HTTP/1.1" 200 OK
INFO:     51.250.96.61:44138 - "GET /api/wobblers/1 HTTP/1.1" 200 OK
INFO:     51.250.96.61:44142 - "GET /api/wobblers/1 HTTP/1.1" 200 OK
INFO:     51.250.96.61:44110 - "GET /api/wobblers/1 HTTP/1.1" 200 OK
INFO:     51.250.96.61:44120 - "GET /api/wobblers/1 HTTP/1.1" 200 OK
INFO:     51.250.96.61:44150 - "GET /api/wobblers/1 HTTP/1.1" 200 OK
INFO:     51.250.96.61:40858 - "GET /api/flights/last/breakages/1 HTTP/1.1" 200 OK
INFO:     51.250.96.61:40828 - "GET /api/breakages/1 HTTP/1.1" 200 OK
INFO:     51.250.96.61:40842 - "GET /api/flights/1 HTTP/1.1" 200 OK
INFO:     51.250.96.61:40864 - "GET /api/wobblers/1 HTTP/1.1" 200 OK
INFO:     51.250.96.61:40858 - "GET /api/efficiency/1 HTTP/1.1" 200 OK
INFO:     51.250.96.61:40858 - "GET /api/breakages/repeating/1 HTTP/1.1" 200 OK
INFO:     51.250.96.61:40858 - "GET /api/wobblers/1 HTTP/1.1" 200 OK
INFO:     51.250.96.61:40864 - "GET /api/wobblers/1 HTTP/1.1" 200 OK
INFO:     51.250.96.61:40876 - "GET /api/wobblers/1 HTTP/1.1" 200 OK
INFO:     51.250.96.61:40842 - "GET /api/wobblers/1 HTTP/1.1" 200 OK
INFO:     51.250.96.61:40828 - "GET /api/wobblers/1 HTTP/1.1" 200 OK
INFO:     51.250.96.61:40878 - "GET /api/wobblers/1 HTTP/1.1" 200 OK
INFO:     51.250.96.61:40828 - "GET /api/flights/last/breakages/1 HTTP/1.1" 200 OK
INFO:     51.250.96.61:40878 - "GET /api/breakages/1 HTTP/1.1" 200 OK
INFO:     51.250.96.61:40842 - "GET /api/flights/1 HTTP/1.1" 200 OK
INFO:     51.250.96.61:40876 - "GET /api/wobblers/1 HTTP/1.1" 200 OK
INFO:     51.250.96.61:40828 - "GET /api/efficiency/1 HTTP/1.1" 200 OK
INFO:     51.250.96.61:40828 - "GET /api/breakages/repeating/1 HTTP/1.1" 200 OK
INFO:     51.250.96.61:40828 - "GET /api/wobblers/1 HTTP/1.1" 200 OK
INFO:     51.250.96.61:40878 - "GET /api/wobblers/1 HTTP/1.1" 200 OK
INFO:     51.250.96.61:40864 - "GET /api/wobblers/1 HTTP/1.1" 200 OK
INFO:     51.250.96.61:40858 - "GET /api/wobblers/1 HTTP/1.1" 200 OK
INFO:     51.250.96.61:40876 - "GET /api/wobblers/1 HTTP/1.1" 200 OK
INFO:     51.250.96.61:40842 - "GET /api/wobblers/1 HTTP/1.1" 200 OK
INFO:     51.250.96.61:40876 - "GET /api/flights/1 HTTP/1.1" 200 OK
INFO:     51.250.96.61:40842 - "GET /api/breakages/1 HTTP/1.1" 200 OK
INFO:     51.250.96.61:40858 - "GET /api/flights/last/breakages/1 HTTP/1.1" 200 OK
INFO:     51.250.96.61:40878 - "GET /api/wobblers/1 HTTP/1.1" 200 OK
INFO:     51.250.96.61:40858 - "GET /api/efficiency/1 HTTP/1.1" 200 OK
INFO:     51.250.96.61:40858 - "GET /api/breakages/repeating/1 HTTP/1.1" 200 OK
INFO:     51.250.96.61:40858 - "GET /api/wobblers/1 HTTP/1.1" 200 OK
INFO:     51.250.96.61:40876 - "GET /api/wobblers/1 HTTP/1.1" 200 OK
INFO:     51.250.96.61:40864 - "GET /api/wobblers/1 HTTP/1.1" 200 OK
INFO:     51.250.96.61:40842 - "GET /api/wobblers/1 HTTP/1.1" 200 OK
INFO:     51.250.96.61:40878 - "GET /api/wobblers/1 HTTP/1.1" 200 OK
INFO:     51.250.96.61:40828 - "GET /api/wobblers/1 HTTP/1.1" 200 OK
INFO:     51.250.96.61:52018 - "GET /api/wobblers/1 HTTP/1.1" 200 OK
INFO:     51.250.96.61:52018 - "GET /api/wobblers/1 HTTP/1.1" 200 OK
INFO:     51.250.96.61:52030 - "GET /api/wobblers/1 HTTP/1.1" 200 OK
INFO:     51.250.96.61:52044 - "GET /api/wobblers/1 HTTP/1.1" 200 OK
INFO:     51.250.96.61:52054 - "GET /api/wobblers/1 HTTP/1.1" 200 OK
INFO:     51.250.96.61:52062 - "GET /api/wobblers/1 HTTP/1.1" 200 OK
INFO:     51.250.96.61:52072 - "GET /api/wobblers/1 HTTP/1.1" 200 OK
INFO:     51.250.96.61:57034 - "GET /api/wobblers/1 HTTP/1.1" 200 OK
INFO:     51.250.96.61:57034 - "GET /api/wobblers/1 HTTP/1.1" 200 OK
INFO:     51.250.96.61:57038 - "GET /api/wobblers/1 HTTP/1.1" 200 OK
INFO:     51.250.96.61:57046 - "GET /api/wobblers/1 HTTP/1.1" 200 OK
INFO:     51.250.96.61:57036 - "GET /api/wobblers/1 HTTP/1.1" 200 OK
INFO:     51.250.96.61:57048 - "GET /api/wobblers/1 HTTP/1.1" 200 OK
INFO:     51.250.96.61:57048 - "GET /api/wobblers/1 HTTP/1.1" 200 OK
INFO:     51.250.96.61:57048 - "GET /api/wobblers/1 HTTP/1.1" 200 OK
INFO:     51.250.96.61:57048 - "GET /api/wobblers/1 HTTP/1.1" 200 OK
INFO:     51.250.96.61:57038 - "GET /api/wobblers/1 HTTP/1.1" 200 OK
INFO:     51.250.96.61:57036 - "GET /api/wobblers/1 HTTP/1.1" 200 OK
INFO:     51.250.96.61:57046 - "GET /api/wobblers/1 HTTP/1.1" 200 OK
INFO:     51.250.96.61:57034 - "GET /api/wobblers/1 HTTP/1.1" 200 OK
INFO:     51.250.96.61:57056 - "GET /api/wobblers/1 HTTP/1.1" 200 OK
INFO:     51.250.96.61:57064 - "GET /api/wobblers/1 HTTP/1.1" 200 OK
INFO:     51.250.96.61:57048 - "GET /api/wobblers/1 HTTP/1.1" 200 OK
INFO:     51.250.96.61:57078 - "GET /api/wobblers/1 HTTP/1.1" 200 OK
INFO:     51.250.96.61:57090 - "GET /api/wobblers/1 HTTP/1.1" 200 OK
INFO:     51.250.96.61:57100 - "GET /api/wobblers/1 HTTP/1.1" 200 OK
INFO:     51.250.96.61:57110 - "GET /api/wobblers/1 HTTP/1.1" 200 OK
INFO:     51.250.96.61:57120 - "GET /api/wobblers/1 HTTP/1.1" 200 OK
INFO:     51.250.96.61:57120 - "GET /api/flights/1 HTTP/1.1" 200 OK
INFO:     51.250.96.61:57100 - "GET /api/flights/last/breakages/1 HTTP/1.1" 200 OK
INFO:     51.250.96.61:57110 - "GET /api/breakages/1 HTTP/1.1" 200 OK
INFO:     51.250.96.61:57090 - "GET /api/wobblers/1 HTTP/1.1" 200 OK
INFO:     51.250.96.61:57100 - "GET /api/efficiency/1 HTTP/1.1" 200 OK
INFO:     51.250.96.61:57100 - "GET /api/breakages/repeating/1 HTTP/1.1" 200 OK
INFO:     51.250.96.61:57100 - "GET /api/wobblers/1 HTTP/1.1" 200 OK
INFO:     51.250.96.61:57120 - "GET /api/wobblers/1 HTTP/1.1" 200 OK
INFO:     51.250.96.61:57090 - "GET /api/wobblers/1 HTTP/1.1" 200 OK
INFO:     51.250.96.61:37542 - "GET /api/wobblers/1 HTTP/1.1" 200 OK
INFO:     51.250.96.61:37556 - "GET /api/wobblers/1 HTTP/1.1" 200 OK
INFO:     51.250.96.61:57110 - "GET /api/wobblers/1 HTTP/1.1" 200 OK
INFO:     51.250.96.61:37584 - "GET /api/breakages/1 HTTP/1.1" 200 OK
INFO:     51.250.96.61:37604 - "GET /api/flights/last/breakages/1 HTTP/1.1" 200 OK
INFO:     51.250.96.61:37598 - "GET /api/flights/1 HTTP/1.1" 200 OK
INFO:     51.250.96.61:37608 - "GET /api/wobblers/1 HTTP/1.1" 200 OK
INFO:     51.250.96.61:37604 - "GET /api/efficiency/1 HTTP/1.1" 200 OK
INFO:     51.250.96.61:37604 - "GET /api/breakages/repeating/1 HTTP/1.1" 200 OK
INFO:     51.250.96.61:37604 - "GET /api/wobblers/1 HTTP/1.1" 200 OK
INFO:     51.250.96.61:37608 - "GET /api/wobblers/1 HTTP/1.1" 200 OK
INFO:     51.250.96.61:37598 - "GET /api/wobblers/1 HTTP/1.1" 200 OK
INFO:     51.250.96.61:37634 - "GET /api/wobblers/1 HTTP/1.1" 200 OK
INFO:     51.250.96.61:37584 - "GET /api/wobblers/1 HTTP/1.1" 200 OK
INFO:     51.250.96.61:37618 - "GET /api/wobblers/1 HTTP/1.1" 200 OK
INFO:     51.250.96.61:35282 - "GET /api/fields HTTP/1.1" 200 OK
INFO:     51.250.96.61:35310 - "GET /api/wobblers/1 HTTP/1.1" 200 OK
INFO:     51.250.96.61:35294 - "GET /api/fields HTTP/1.1" 200 OK
INFO:     51.250.96.61:45360 - "GET /api/wobblers/1 HTTP/1.1" 200 OK
INFO:     51.250.96.61:45372 - "GET /api/wobblers/1 HTTP/1.1" 200 OK
INFO:     51.250.96.61:45384 - "GET /api/wobblers/1 HTTP/1.1" 200 OK
INFO:     51.250.96.61:45378 - "GET /api/wobblers/1 HTTP/1.1" 200 OK
INFO:     51.250.96.61:45392 - "GET /api/wobblers/1 HTTP/1.1" 200 OK
INFO:     51.250.96.61:45404 - "GET /api/wobblers/1 HTTP/1.1" 200 OK
INFO:     51.250.96.61:45412 - "GET /api/fields HTTP/1.1" 200 OK
INFO:     51.250.96.61:45424 - "GET /api/fields HTTP/1.1" 200 OK
INFO:     51.250.96.61:45434 - "GET /api/wobblers/1 HTTP/1.1" 200 OK
INFO:     87.247.12.74:51841 - "GET /api/wobblers/1 HTTP/1.1" 200 OK
INFO:     87.247.12.74:51842 - "GET /api/wobblers/1 HTTP/1.1" 200 OK
INFO:     5.34.4.140:65156 - "GET /api/wobblers/1 HTTP/1.1" 200 OK
INFO:     5.34.4.140:33488 - "GET /api/wobblers/1 HTTP/1.1" 200 OK
INFO:     51.250.96.61:57468 - "GET /api/breakages/1 HTTP/1.1" 200 OK
INFO:     51.250.96.61:57484 - "GET /api/flights/1 HTTP/1.1" 200 OK
INFO:     51.250.96.61:57496 - "GET /api/flights/last/breakages/1 HTTP/1.1" 200 OK
INFO:     51.250.96.61:57496 - "GET /api/efficiency/1 HTTP/1.1" 200 OK
INFO:     51.250.96.61:57496 - "GET /api/breakages/repeating/1 HTTP/1.1" 200 OK
INFO:     5.34.4.140:52644 - "GET /api/map/1 HTTP/1.1" 200 OK
INFO:     5.34.4.140:52644 - "GET /api/flights/last/1 HTTP/1.1" 200 OK
INFO:     5.34.4.140:43478 - "GET /api/wobblers/1 HTTP/1.1" 200 OK
INFO:     5.34.4.140:43478 - "GET /api/wobblers/1 HTTP/1.1" 200 OK
INFO:     51.250.96.61:56124 - "GET /api/flights/1 HTTP/1.1" 200 OK
INFO:     51.250.96.61:56114 - "GET /api/breakages/1 HTTP/1.1" 200 OK
INFO:     51.250.96.61:56130 - "GET /api/flights/last/breakages/1 HTTP/1.1" 200 OK
INFO:     51.250.96.61:56130 - "GET /api/efficiency/1 HTTP/1.1" 200 OK
INFO:     51.250.96.61:56130 - "GET /api/breakages/repeating/1 HTTP/1.1" 200 OK
INFO:     5.34.4.140:10972 - "GET /api/map/1 HTTP/1.1" 200 OK
INFO:     5.34.4.140:10972 - "GET /api/flights/last/1 HTTP/1.1" 200 OK
INFO:     87.247.12.74:51970 - "GET /api/wobblers/1 HTTP/1.1" 200 OK
INFO:     51.250.96.61:38012 - "GET /api/flights/1 HTTP/1.1" 200 OK
INFO:     51.250.96.61:37996 - "GET /api/breakages/1 HTTP/1.1" 200 OK
INFO:     51.250.96.61:38022 - "GET /api/flights/last/breakages/1 HTTP/1.1" 200 OK
INFO:     51.250.96.61:38022 - "GET /api/efficiency/1 HTTP/1.1" 200 OK
INFO:     51.250.96.61:38022 - "GET /api/breakages/repeating/1 HTTP/1.1" 200 OK
INFO:     87.247.12.74:51970 - "GET /api/map/1 HTTP/1.1" 200 OK
INFO:     87.247.12.74:51970 - "GET /api/flights/last/1 HTTP/1.1" 200 OK
INFO:     5.34.4.140:27359 - "GET /api/wobblers/1 HTTP/1.1" 200 OK
INFO:     5.34.4.140:27359 - "GET /api/wobblers/1 HTTP/1.1" 200 OK
INFO:     51.250.96.61:58986 - "GET /api/flights/last/breakages/1 HTTP/1.1" 200 OK
INFO:     51.250.96.61:58976 - "GET /api/breakages/1 HTTP/1.1" 200 OK
INFO:     51.250.96.61:58982 - "GET /api/flights/1 HTTP/1.1" 200 OK
INFO:     51.250.96.61:58986 - "GET /api/efficiency/1 HTTP/1.1" 200 OK
INFO:     51.250.96.61:58986 - "GET /api/breakages/repeating/1 HTTP/1.1" 200 OK
INFO:     5.34.4.140:40080 - "GET /api/map/1 HTTP/1.1" 200 OK
INFO:     5.34.4.140:40080 - "GET /api/flights/last/1 HTTP/1.1" 200 OK
INFO:     51.250.96.61:46136 - "GET /api/wobblers/1 HTTP/1.1" 200 OK
INFO:     87.247.12.74:52022 - "GET /api/wobblers/1 HTTP/1.1" 200 OK
INFO:     51.250.96.61:34948 - "GET /api/wobblers/1 HTTP/1.1" 200 OK
INFO:     51.250.96.61:34948 - "GET /api/wobblers/1 HTTP/1.1" 200 OK
INFO:     51.250.96.61:47228 - "GET /api/breakages/1 HTTP/1.1" 200 OK
INFO:     51.250.96.61:47242 - "GET /api/flights/last/breakages/1 HTTP/1.1" 200 OK
INFO:     51.250.96.61:47236 - "GET /api/flights/1 HTTP/1.1" 200 OK
INFO:     51.250.96.61:47248 - "GET /api/wobblers/1 HTTP/1.1" 200 OK
INFO:     51.250.96.61:47242 - "GET /api/efficiency/1 HTTP/1.1" 200 OK
INFO:     51.250.96.61:47242 - "GET /api/breakages/repeating/1 HTTP/1.1" 200 OK
INFO:     5.34.4.140:6775 - "GET /api/map/1 HTTP/1.1" 200 OK
INFO:     5.34.4.140:26857 - "GET /api/wobblers/1 HTTP/1.1" 200 OK
INFO:     5.34.4.140:6775 - "GET /api/flights/last/1 HTTP/1.1" 200 OK
INFO:     51.250.96.61:50094 - "GET /api/breakages/1 HTTP/1.1" 200 OK
INFO:     51.250.96.61:50114 - "GET /api/flights/last/breakages/1 HTTP/1.1" 200 OK
INFO:     51.250.96.61:50120 - "GET /api/wobblers/1 HTTP/1.1" 200 OK
INFO:     51.250.96.61:50106 - "GET /api/flights/1 HTTP/1.1" 200 OK
INFO:     51.250.96.61:50114 - "GET /api/efficiency/1 HTTP/1.1" 200 OK
INFO:     51.250.96.61:50114 - "GET /api/breakages/repeating/1 HTTP/1.1" 200 OK
INFO:     87.247.12.74:52111 - "GET /api/map/1 HTTP/1.1" 200 OK
INFO:     87.247.12.74:52110 - "GET /api/wobblers/1 HTTP/1.1" 200 OK
INFO:     87.247.12.74:52111 - "GET /api/flights/last/1 HTTP/1.1" 200 OK
INFO:     51.250.96.61:42588 - "GET /api/flights/1 HTTP/1.1" 200 OK
INFO:     51.250.96.61:42582 - "GET /api/breakages/1 HTTP/1.1" 200 OK
INFO:     51.250.96.61:42590 - "GET /api/flights/last/breakages/1 HTTP/1.1" 200 OK
INFO:     51.250.96.61:42596 - "GET /api/wobblers/1 HTTP/1.1" 200 OK
INFO:     51.250.96.61:42590 - "GET /api/efficiency/1 HTTP/1.1" 200 OK
INFO:     51.250.96.61:42590 - "GET /api/breakages/repeating/1 HTTP/1.1" 200 OK
INFO:     5.34.4.140:42061 - "GET /api/wobblers/1 HTTP/1.1" 200 OK
INFO:     5.34.4.140:45429 - "GET /api/flights/last/1 HTTP/1.1" 200 OK
INFO:     51.250.96.61:39162 - "GET /api/wobblers/1 HTTP/1.1" 200 OK
INFO:     87.247.12.74:52547 - "GET /api/wobblers/1 HTTP/1.1" 200 OK
INFO:     87.247.12.74:52547 - "GET /api/wobblers/1 HTTP/1.1" 200 OK
INFO:     51.250.96.61:46468 - "GET /api/flights/last/breakages/1 HTTP/1.1" 200 OK
INFO:     51.250.96.61:46466 - "GET /api/flights/1 HTTP/1.1" 200 OK
INFO:     51.250.96.61:46462 - "GET /api/breakages/1 HTTP/1.1" 200 OK
INFO:     51.250.96.61:46468 - "GET /api/efficiency/1 HTTP/1.1" 200 OK
INFO:     51.250.96.61:46468 - "GET /api/breakages/repeating/1 HTTP/1.1" 200 OK
INFO:     87.247.12.74:52547 - "GET /api/map/1 HTTP/1.1" 200 OK
INFO:     87.247.12.74:52547 - "GET /api/flights/last/1 HTTP/1.1" 200 OK
INFO:     51.250.96.61:57574 - "GET /api/wobblers/1 HTTP/1.1" 200 OK
INFO:     51.250.96.61:57574 - "GET /api/wobblers/1 HTTP/1.1" 200 OK
INFO:     51.250.96.61:52180 - "GET /api/wobblers/1 HTTP/1.1" 200 OK
INFO:     51.250.96.61:52180 - "GET /api/wobblers/1 HTTP/1.1" 200 OK
INFO:     51.250.96.61:34596 - "GET /api/wobblers/1 HTTP/1.1" 200 OK
INFO:     51.250.96.61:33620 - "GET /api/wobblers/1 HTTP/1.1" 200 OK
INFO:     51.250.96.61:33620 - "GET /api/wobblers/1 HTTP/1.1" 200 OK
INFO:     51.250.96.61:47628 - "GET /api/wobblers/1 HTTP/1.1" 200 OK
INFO:     51.250.96.61:54890 - "GET /api/wobblers/1 HTTP/1.1" 200 OK
INFO:     51.250.96.61:54890 - "GET /api/wobblers/1 HTTP/1.1" 200 OK
INFO:     51.250.96.61:54890 - "GET /api/wobblers/1 HTTP/1.1" 200 OK
INFO:     51.250.96.61:54890 - "GET /api/wobblers/1 HTTP/1.1" 200 OK
WARNING:  Invalid HTTP request received.
INFO:     51.250.96.61:59664 - "GET /api/wobblers/1 HTTP/1.1" 200 OK
INFO:     51.250.96.61:34382 - "GET /api/wobblers/1 HTTP/1.1" 200 OK
INFO:     51.250.96.61:53624 - "GET /api/wobblers/1 HTTP/1.1" 200 OK
INFO:     51.250.96.61:52654 - "GET /api/wobblers/1 HTTP/1.1" 200 OK
INFO:     51.250.96.61:45200 - "GET /api/wobblers/1 HTTP/1.1" 200 OK
INFO:     51.250.96.61:56486 - "GET /api/wobblers/1 HTTP/1.1" 200 OK
INFO:     51.250.96.61:52298 - "GET /api/wobblers/1 HTTP/1.1" 200 OK
INFO:     51.250.96.61:39998 - "GET /api/wobblers/1 HTTP/1.1" 200 OK
INFO:     51.250.96.61:39998 - "GET /api/wobblers/1 HTTP/1.1" 200 OK
INFO:     51.250.96.61:39998 - "GET /api/wobblers/1 HTTP/1.1" 200 OK
INFO:     51.250.96.61:39998 - "GET /api/wobblers/1 HTTP/1.1" 200 OK
INFO:     51.250.96.61:57550 - "GET /api/wobblers/1 HTTP/1.1" 200 OK
INFO:     51.250.96.61:43504 - "GET /api/wobblers/1 HTTP/1.1" 200 OK
INFO:     51.250.96.61:33504 - "GET /api/wobblers/1 HTTP/1.1" 200 OK
INFO:     51.250.96.61:33512 - "GET /api/wobblers/1 HTTP/1.1" 200 OK
INFO:     51.250.96.61:55578 - "GET /api/wobblers/1 HTTP/1.1" 200 OK
INFO:     51.250.96.61:35676 - "GET /api/wobblers/1 HTTP/1.1" 200 OK
INFO:     51.250.96.61:43454 - "GET /api/wobblers/1 HTTP/1.1" 200 OK
INFO:     51.250.96.61:37652 - "GET /api/wobblers/1 HTTP/1.1" 200 OK
INFO:     51.250.96.61:51828 - "GET /api/wobblers/1 HTTP/1.1" 200 OK
INFO:     51.250.96.61:40668 - "GET /api/wobblers/1 HTTP/1.1" 200 OK
INFO:     51.250.96.61:51510 - "GET /api/wobblers/1 HTTP/1.1" 200 OK
INFO:     51.250.96.61:51510 - "GET /api/wobblers/1 HTTP/1.1" 200 OK
INFO:     51.250.96.61:51510 - "GET /api/wobblers/1 HTTP/1.1" 200 OK
INFO:     51.250.96.61:56982 - "GET /api/wobblers/1 HTTP/1.1" 200 OK
INFO:     51.250.96.61:57386 - "GET /api/wobblers/1 HTTP/1.1" 200 OK
INFO:     51.250.96.61:43038 - "GET /api/wobblers/1 HTTP/1.1" 200 OK
INFO:     51.250.96.61:40664 - "GET /api/wobblers/1 HTTP/1.1" 200 OK
INFO:     51.250.96.61:43450 - "GET /api/wobblers/1 HTTP/1.1" 200 OK
INFO:     51.250.96.61:43450 - "GET /api/wobblers/1 HTTP/1.1" 200 OK
INFO:     51.250.96.61:43462 - "GET /api/wobblers/1 HTTP/1.1" 200 OK
INFO:     51.250.96.61:43472 - "GET /api/wobblers/1 HTTP/1.1" 200 OK
INFO:     51.250.96.61:59644 - "GET /api/wobblers/1 HTTP/1.1" 200 OK
INFO:     51.250.96.61:50912 - "GET /api/wobblers/1 HTTP/1.1" 200 OK
INFO:     51.250.96.61:42756 - "GET /api/wobblers/1 HTTP/1.1" 200 OK
INFO:     51.250.96.61:42756 - "GET /api/wobblers/1 HTTP/1.1" 200 OK
INFO:     51.250.96.61:55328 - "GET /api/wobblers/1 HTTP/1.1" 200 OK
INFO:     51.250.96.61:60252 - "GET /api/wobblers/1 HTTP/1.1" 200 OK
INFO:     51.250.96.61:35998 - "GET /api/wobblers/1 HTTP/1.1" 200 OK
INFO:     51.250.96.61:36004 - "GET /api/wobblers/1 HTTP/1.1" 200 OK
INFO:     51.250.96.61:50690 - "GET /api/wobblers/1 HTTP/1.1" 200 OK
INFO:     51.250.96.61:50690 - "GET /api/wobblers/1 HTTP/1.1" 200 OK
INFO:     51.250.96.61:50390 - "GET /api/wobblers/1 HTTP/1.1" 200 OK
INFO:     51.250.96.61:35202 - "GET /api/wobblers/1 HTTP/1.1" 200 OK
INFO:     51.250.96.61:35202 - "GET /api/wobblers/1 HTTP/1.1" 200 OK
INFO:     51.250.96.61:35214 - "GET /api/wobblers/1 HTTP/1.1" 200 OK
INFO:     51.250.96.61:35202 - "GET /api/wobblers/1 HTTP/1.1" 200 OK
INFO:     51.250.96.61:38820 - "GET /api/wobblers/1 HTTP/1.1" 200 OK
INFO:     51.250.96.61:38820 - "GET /api/wobblers/1 HTTP/1.1" 200 OK
INFO:     51.250.96.61:38820 - "GET /api/wobblers/1 HTTP/1.1" 200 OK
INFO:     51.250.96.61:38820 - "GET /api/wobblers/1 HTTP/1.1" 200 OK
INFO:     51.250.96.61:33640 - "GET /api/wobblers/1 HTTP/1.1" 200 OK
INFO:     51.250.96.61:33648 - "GET /api/wobblers/1 HTTP/1.1" 200 OK
INFO:     51.250.96.61:33648 - "GET /api/wobblers/1 HTTP/1.1" 200 OK
INFO:     51.250.96.61:44630 - "GET /api/wobblers/1 HTTP/1.1" 200 OK
INFO:     51.250.96.61:57032 - "GET /api/wobblers/1 HTTP/1.1" 200 OK
INFO:     51.250.96.61:60874 - "GET /api/wobblers/1 HTTP/1.1" 200 OK
INFO:     51.250.96.61:44626 - "GET /api/wobblers/1 HTTP/1.1" 200 OK
INFO:     51.250.96.61:38970 - "GET /api/wobblers/1 HTTP/1.1" 200 OK
WARNING:  Invalid HTTP request received.
INFO:     51.250.96.61:35946 - "GET /api/wobblers/1 HTTP/1.1" 200 OK
INFO:     51.250.96.61:36524 - "GET /api/wobblers/1 HTTP/1.1" 200 OK
INFO:     51.250.96.61:42656 - "GET /api/wobblers/1 HTTP/1.1" 200 OK
INFO:     51.250.96.61:58080 - "GET /api/flights/1 HTTP/1.1" 200 OK
INFO:     51.250.96.61:58074 - "GET /api/breakages/2 HTTP/1.1" 200 OK
INFO:     51.250.96.61:58086 - "GET /api/flights/last/breakages/1 HTTP/1.1" 200 OK
INFO:     51.250.96.61:58096 - "GET /api/wobblers/1 HTTP/1.1" 200 OK
INFO:     51.250.96.61:58110 - "GET /api/flights/1 HTTP/1.1" 200 OK
INFO:     51.250.96.61:58122 - "GET /api/flights/last/breakages/1 HTTP/1.1" 200 OK
INFO:     51.250.96.61:58098 - "GET /api/breakages/1 HTTP/1.1" 200 OK
INFO:     51.250.96.61:58130 - "GET /api/wobblers/1 HTTP/1.1" 200 OK
INFO:     51.250.96.61:58086 - "GET /api/efficiency/1 HTTP/1.1" 200 OK
INFO:     51.250.96.61:58122 - "GET /api/efficiency/1 HTTP/1.1" 200 OK
INFO:     51.250.96.61:58086 - "GET /api/breakages/repeating/1 HTTP/1.1" 200 OK
INFO:     51.250.96.61:58122 - "GET /api/breakages/repeating/1 HTTP/1.1" 200 OK
INFO:     51.250.96.61:39940 - "GET /api/wobblers/1 HTTP/1.1" 200 OK
INFO:     51.250.96.61:45402 - "GET /api/wobblers/1 HTTP/1.1" 200 OK
INFO:     51.250.96.61:45428 - "GET /api/wobblers/1 HTTP/1.1" 200 OK
INFO:     51.250.96.61:46462 - "GET /api/wobblers/1 HTTP/1.1" 200 OK
INFO:     51.250.96.61:52234 - "GET /api/wobblers/1 HTTP/1.1" 200 OK
INFO:     51.250.96.61:52234 - "GET /api/wobblers/1 HTTP/1.1" 200 OK
INFO:     51.250.96.61:53794 - "GET /api/wobblers/1 HTTP/1.1" 200 OK
INFO:     51.250.96.61:53794 - "GET /api/wobblers/1 HTTP/1.1" 200 OK
INFO:     51.250.96.61:53794 - "GET /api/wobblers/1 HTTP/1.1" 200 OK
INFO:     51.250.96.61:53794 - "GET /api/wobblers/1 HTTP/1.1" 200 OK
INFO:     51.250.96.61:42172 - "GET /api/wobblers/1 HTTP/1.1" 200 OK
INFO:     51.250.96.61:52522 - "GET /api/wobblers/1 HTTP/1.1" 200 OK
INFO:     67.205.158.107:16205 - "GET / HTTP/1.0" 200 OK
INFO:     165.227.200.55:48352 - "GET /solr/admin/info/system HTTP/1.1" 404 Not Found
INFO:     165.227.92.11:30404 - "GET /v2/_catalog HTTP/1.1" 404 Not Found
WARNING:  Invalid HTTP request received.
INFO:     159.223.162.93:55558 - "GET /query?q=SHOW+DIAGNOSTICS HTTP/1.1" 404 Not Found
INFO:     159.65.232.215:8772 - "GET /cgi-bin/authLogin.cgi HTTP/1.1" 404 Not Found
WARNING:  Invalid HTTP request received.
INFO:     165.227.200.55:48354 - "GET /solr/admin/cores?action=STATUS&wt=json HTTP/1.1" 404 Not Found
WARNING:  Invalid HTTP request received.
WARNING:  Invalid HTTP request received.
INFO:     134.122.122.172:55674 - "GET / HTTP/1.1" 200 OK
INFO:     134.122.122.172:55686 - "GET /favicon.ico HTTP/1.1" 404 Not Found
INFO:     51.250.96.61:33462 - "GET /api/wobblers/1 HTTP/1.1" 200 OK
INFO:     51.250.96.61:53780 - "GET /api/wobblers/1 HTTP/1.1" 200 OK
INFO:     51.250.96.61:53780 - "GET /api/wobblers/1 HTTP/1.1" 200 OK
INFO:     51.250.96.61:57492 - "GET /api/wobblers/1 HTTP/1.1" 200 OK
INFO:     51.250.96.61:40538 - "GET /api/wobblers/1 HTTP/1.1" 200 OK
INFO:     51.250.96.61:47678 - "GET /api/wobblers/1 HTTP/1.1" 200 OK
INFO:     51.250.96.61:47514 - "GET /api/wobblers/1 HTTP/1.1" 200 OK
INFO:     51.250.96.61:38884 - "GET /api/wobblers/1 HTTP/1.1" 200 OK
INFO:     51.250.96.61:49640 - "GET /api/wobblers/1 HTTP/1.1" 200 OK
INFO:     51.250.96.61:49640 - "GET /api/wobblers/1 HTTP/1.1" 200 OK
INFO:     51.250.96.61:49640 - "GET /api/wobblers/1 HTTP/1.1" 200 OK
INFO:     51.250.96.61:49640 - "GET /api/wobblers/1 HTTP/1.1" 200 OK
INFO:     51.250.96.61:38274 - "GET /api/wobblers/1 HTTP/1.1" 200 OK
INFO:     51.250.96.61:37244 - "GET /api/wobblers/1 HTTP/1.1" 200 OK
INFO:     51.250.96.61:60578 - "GET /api/wobblers/1 HTTP/1.1" 200 OK
INFO:     51.250.96.61:41074 - "GET /api/wobblers/1 HTTP/1.1" 200 OK
INFO:     51.250.96.61:50342 - "GET /api/wobblers/1 HTTP/1.1" 200 OK
INFO:     51.250.96.61:49304 - "GET /api/wobblers/1 HTTP/1.1" 200 OK
INFO:     51.250.96.61:58526 - "GET /api/wobblers/1 HTTP/1.1" 200 OK
INFO:     51.250.96.61:56964 - "GET /api/wobblers/1 HTTP/1.1" 200 OK
INFO:     51.250.96.61:37116 - "GET /api/wobblers/1 HTTP/1.1" 200 OK
INFO:     51.250.96.61:38712 - "GET /api/wobblers/1 HTTP/1.1" 200 OK
INFO:     51.250.96.61:38712 - "GET /api/wobblers/1 HTTP/1.1" 200 OK
INFO:     51.250.96.61:38712 - "GET /api/wobblers/1 HTTP/1.1" 200 OK
INFO:     51.250.96.61:38712 - "GET /api/wobblers/1 HTTP/1.1" 200 OK
INFO:     51.250.96.61:51872 - "GET /api/wobblers/1 HTTP/1.1" 200 OK
INFO:     51.250.96.61:38660 - "GET /api/wobblers/1 HTTP/1.1" 200 OK
INFO:     51.250.96.61:47950 - "GET /api/wobblers/1 HTTP/1.1" 200 OK
INFO:     51.250.96.61:48888 - "GET /api/wobblers/1 HTTP/1.1" 200 OK
INFO:     51.250.96.61:44778 - "GET /api/wobblers/1 HTTP/1.1" 200 OK
INFO:     51.250.96.61:40120 - "GET /api/wobblers/1 HTTP/1.1" 200 OK
INFO:     51.250.96.61:45836 - "GET /api/wobblers/1 HTTP/1.1" 200 OK
INFO:     51.250.96.61:51254 - "GET /api/wobblers/1 HTTP/1.1" 200 OK
INFO:     51.250.96.61:41924 - "GET /api/wobblers/1 HTTP/1.1" 200 OK
INFO:     51.250.96.61:51258 - "GET /api/wobblers/1 HTTP/1.1" 200 OK
INFO:     51.250.96.61:49056 - "GET /api/wobblers/1 HTTP/1.1" 200 OK
INFO:     51.250.96.61:53102 - "GET /api/wobblers/1 HTTP/1.1" 200 OK
INFO:     51.250.96.61:44354 - "GET /api/wobblers/1 HTTP/1.1" 200 OK
INFO:     51.250.96.61:50236 - "GET /api/wobblers/1 HTTP/1.1" 200 OK
INFO:     51.250.96.61:44618 - "GET /api/wobblers/1 HTTP/1.1" 200 OK
INFO:     51.250.96.61:52124 - "GET /api/wobblers/1 HTTP/1.1" 200 OK
INFO:     51.250.96.61:50568 - "GET /api/wobblers/1 HTTP/1.1" 200 OK
INFO:     51.250.96.61:46914 - "GET /api/wobblers/1 HTTP/1.1" 200 OK
INFO:     51.250.96.61:57186 - "GET /api/wobblers/1 HTTP/1.1" 200 OK
INFO:     51.250.96.61:33546 - "GET /api/wobblers/1 HTTP/1.1" 200 OK
INFO:     51.250.96.61:42526 - "GET /api/wobblers/1 HTTP/1.1" 200 OK
INFO:     51.250.96.61:58230 - "GET /api/wobblers/1 HTTP/1.1" 200 OK
INFO:     51.250.96.61:33216 - "GET /api/wobblers/1 HTTP/1.1" 200 OK
INFO:     51.250.96.61:54412 - "GET /api/wobblers/1 HTTP/1.1" 200 OK
INFO:     51.250.96.61:59364 - "GET /api/wobblers/1 HTTP/1.1" 200 OK
INFO:     51.250.96.61:50650 - "GET /api/wobblers/1 HTTP/1.1" 200 OK
INFO:     51.250.96.61:51436 - "GET /api/wobblers/1 HTTP/1.1" 200 OK
INFO:     51.250.96.61:54164 - "GET /api/wobblers/1 HTTP/1.1" 200 OK
INFO:     51.250.96.61:36208 - "GET /api/wobblers/1 HTTP/1.1" 200 OK
INFO:     51.250.96.61:60730 - "GET /api/wobblers/1 HTTP/1.1" 200 OK
INFO:     51.250.96.61:45430 - "GET /api/wobblers/1 HTTP/1.1" 200 OK
INFO:     51.250.96.61:48408 - "GET /api/wobblers/1 HTTP/1.1" 200 OK
INFO:     51.250.96.61:48850 - "GET /api/wobblers/1 HTTP/1.1" 200 OK
INFO:     51.250.96.61:45236 - "GET /api/wobblers/1 HTTP/1.1" 200 OK
INFO:     51.250.96.61:34054 - "GET /api/wobblers/1 HTTP/1.1" 200 OK
INFO:     51.250.96.61:54076 - "GET /api/wobblers/1 HTTP/1.1" 200 OK
INFO:     51.250.96.61:42368 - "GET /api/wobblers/1 HTTP/1.1" 200 OK
INFO:     51.250.96.61:47950 - "GET /api/wobblers/1 HTTP/1.1" 200 OK
INFO:     51.250.96.61:52258 - "GET /api/wobblers/1 HTTP/1.1" 200 OK
INFO:     51.250.96.61:60538 - "GET /api/wobblers/1 HTTP/1.1" 200 OK
INFO:     51.250.96.61:34704 - "GET /api/wobblers/1 HTTP/1.1" 200 OK
INFO:     51.250.96.61:50082 - "GET /api/wobblers/1 HTTP/1.1" 200 OK
INFO:     51.250.96.61:33238 - "GET /api/wobblers/1 HTTP/1.1" 200 OK
INFO:     51.250.96.61:41626 - "GET /api/wobblers/1 HTTP/1.1" 200 OK
INFO:     51.250.96.61:52580 - "GET /api/wobblers/1 HTTP/1.1" 200 OK
INFO:     51.250.96.61:56046 - "GET /api/wobblers/1 HTTP/1.1" 200 OK
INFO:     51.250.96.61:36750 - "GET /api/wobblers/1 HTTP/1.1" 200 OK
INFO:     51.250.96.61:37824 - "GET /api/wobblers/1 HTTP/1.1" 200 OK
INFO:     51.250.96.61:42592 - "GET /api/wobblers/1 HTTP/1.1" 200 OK
INFO:     51.250.96.61:39714 - "GET /api/wobblers/1 HTTP/1.1" 200 OK
INFO:     51.250.96.61:34152 - "GET /api/wobblers/1 HTTP/1.1" 200 OK
INFO:     51.250.96.61:51960 - "GET /api/wobblers/1 HTTP/1.1" 200 OK
INFO:     51.250.96.61:40062 - "GET /api/wobblers/1 HTTP/1.1" 200 OK
INFO:     51.250.96.61:60304 - "GET /api/wobblers/1 HTTP/1.1" 200 OK
INFO:     51.250.96.61:32938 - "GET /api/wobblers/1 HTTP/1.1" 200 OK
WARNING:  Invalid HTTP request received.
WARNING:  Invalid HTTP request received.
WARNING:  Invalid HTTP request received.
INFO:     164.90.228.79:51268 - "GET / HTTP/1.1" 200 OK
INFO:     164.90.228.79:51282 - "GET / HTTP/1.1" 200 OK
INFO:     164.90.228.79:51286 - "GET /server HTTP/1.1" 404 Not Found
INFO:     164.90.228.79:51292 - "GET /.vscode/sftp.json HTTP/1.1" 404 Not Found
INFO:     164.90.228.79:51306 - "GET /about HTTP/1.1" 404 Not Found
INFO:     164.90.228.79:51320 - "GET /debug/default/view?panel=config HTTP/1.1" 404 Not Found
INFO:     164.90.228.79:51322 - "GET /v2/_catalog HTTP/1.1" 404 Not Found
INFO:     164.90.228.79:51332 - "GET /ecp/Current/exporttool/microsoft.exchange.ediscovery.exporttool.application HTTP/1.1" 404 Not Found
INFO:     164.90.228.79:51338 - "GET /server-status HTTP/1.1" 404 Not Found
INFO:     164.90.228.79:51354 - "GET /_all_dbs HTTP/1.1" 404 Not Found
INFO:     164.90.228.79:51364 - "GET /.DS_Store HTTP/1.1" 404 Not Found
INFO:     164.90.228.79:51374 - "GET /.env HTTP/1.1" 404 Not Found
INFO:     164.90.228.79:51384 - "GET /.git/config HTTP/1.1" 404 Not Found
INFO:     164.90.228.79:51388 - "GET /s/1363e26393e2035323e21353/_/%3B/META-INF/maven/com.atlassian.jira/jira-webapp-dist/pom.properties HTTP/1.1" 404 Not Found
INFO:     164.90.228.79:51400 - "GET /config.json HTTP/1.1" 404 Not Found
INFO:     164.90.228.79:51410 - "GET /telescope/requests HTTP/1.1" 404 Not Found
INFO:     164.90.228.79:51414 - "GET /?rest_route=/wp/v2/users/ HTTP/1.1" 200 OK
INFO:     51.250.96.61:48852 - "GET /api/wobblers/1 HTTP/1.1" 200 OK
INFO:     51.250.96.61:35474 - "GET /api/wobblers/1 HTTP/1.1" 200 OK
INFO:     51.250.96.61:35474 - "GET /api/wobblers/1 HTTP/1.1" 200 OK
INFO:     51.250.96.61:35482 - "GET /api/wobblers/1 HTTP/1.1" 200 OK
INFO:     51.250.96.61:35482 - "GET /api/wobblers/1 HTTP/1.1" 200 OK
INFO:     51.250.96.61:52084 - "GET /api/wobblers/1 HTTP/1.1" 200 OK
INFO:     51.250.96.61:40152 - "GET /api/wobblers/1 HTTP/1.1" 200 OK
INFO:     51.250.96.61:55076 - "GET /api/wobblers/1 HTTP/1.1" 200 OK
INFO:     51.250.96.61:45030 - "GET /api/wobblers/1 HTTP/1.1" 200 OK
INFO:     51.250.96.61:52484 - "GET /api/wobblers/1 HTTP/1.1" 200 OK
INFO:     51.250.96.61:49752 - "GET /api/wobblers/1 HTTP/1.1" 200 OK
INFO:     51.250.96.61:52738 - "GET /api/wobblers/1 HTTP/1.1" 200 OK
INFO:     51.250.96.61:37018 - "GET /api/wobblers/1 HTTP/1.1" 200 OK
INFO:     51.250.96.61:37028 - "GET /api/wobblers/1 HTTP/1.1" 200 OK
INFO:     51.250.96.61:56614 - "GET /api/wobblers/1 HTTP/1.1" 200 OK
INFO:     51.250.96.61:56614 - "GET /api/wobblers/1 HTTP/1.1" 200 OK
INFO:     51.250.96.61:56614 - "GET /api/wobblers/1 HTTP/1.1" 200 OK
INFO:     51.250.96.61:56614 - "GET /api/wobblers/1 HTTP/1.1" 200 OK
INFO:     51.250.96.61:38830 - "GET /api/wobblers/1 HTTP/1.1" 200 OK
INFO:     51.250.96.61:38834 - "GET /api/wobblers/1 HTTP/1.1" 200 OK
INFO:     51.250.96.61:33988 - "GET /api/wobblers/1 HTTP/1.1" 200 OK
INFO:     51.250.96.61:34746 - "GET /api/wobblers/1 HTTP/1.1" 200 OK
INFO:     51.250.96.61:58674 - "GET /api/wobblers/1 HTTP/1.1" 200 OK
INFO:     51.250.96.61:54374 - "GET /api/wobblers/1 HTTP/1.1" 200 OK
INFO:     51.250.96.61:49706 - "GET /api/wobblers/1 HTTP/1.1" 200 OK
INFO:     51.250.96.61:46782 - "GET /api/wobblers/1 HTTP/1.1" 200 OK
INFO:     51.250.96.61:46782 - "GET /api/wobblers/1 HTTP/1.1" 200 OK
INFO:     51.250.96.61:46782 - "GET /api/wobblers/1 HTTP/1.1" 200 OK
INFO:     51.250.96.61:46782 - "GET /api/wobblers/1 HTTP/1.1" 200 OK
INFO:     51.250.96.61:43456 - "GET /api/wobblers/1 HTTP/1.1" 200 OK
INFO:     51.250.96.61:35214 - "GET /api/wobblers/1 HTTP/1.1" 200 OK
INFO:     51.250.96.61:54786 - "GET /api/wobblers/1 HTTP/1.1" 200 OK
WARNING:  Invalid HTTP request received.
INFO:     51.250.96.61:59298 - "GET /api/wobblers/1 HTTP/1.1" 200 OK
INFO:     51.250.96.61:40484 - "GET /api/wobblers/1 HTTP/1.1" 200 OK
INFO:     51.250.96.61:56886 - "GET /api/wobblers/1 HTTP/1.1" 200 OK
INFO:     51.250.96.61:45316 - "GET /api/wobblers/1 HTTP/1.1" 200 OK
INFO:     51.250.96.61:39750 - "GET /api/wobblers/1 HTTP/1.1" 200 OK
INFO:     51.250.96.61:57466 - "GET /api/wobblers/1 HTTP/1.1" 200 OK
INFO:     51.250.96.61:38370 - "GET /api/wobblers/1 HTTP/1.1" 200 OK
INFO:     51.250.96.61:49954 - "GET /api/wobblers/1 HTTP/1.1" 200 OK
INFO:     51.250.96.61:38634 - "GET /api/wobblers/1 HTTP/1.1" 200 OK
INFO:     51.250.96.61:38634 - "GET /api/wobblers/1 HTTP/1.1" 200 OK
INFO:     51.250.96.61:33318 - "GET /api/wobblers/1 HTTP/1.1" 200 OK
INFO:     51.250.96.61:45532 - "GET /api/wobblers/1 HTTP/1.1" 200 OK
INFO:     51.250.96.61:33188 - "GET /api/wobblers/1 HTTP/1.1" 200 OK
INFO:     51.250.96.61:49328 - "GET /api/wobblers/1 HTTP/1.1" 200 OK
WARNING:  Invalid HTTP request received.
INFO:     162.142.125.12:45146 - "GET / HTTP/1.1" 200 OK
INFO:     162.142.125.12:37194 - "GET / HTTP/1.1" 200 OK
WARNING:  Invalid HTTP request received.
INFO:     162.142.125.12:50608 - "GET /favicon.ico HTTP/1.1" 404 Not Found
INFO:     51.250.96.61:35874 - "GET /api/wobblers/1 HTTP/1.1" 200 OK
INFO:     51.250.96.61:34810 - "GET /api/wobblers/1 HTTP/1.1" 200 OK
INFO:     51.250.96.61:34810 - "GET /api/wobblers/1 HTTP/1.1" 200 OK
INFO:     51.250.96.61:34810 - "GET /api/wobblers/1 HTTP/1.1" 200 OK
INFO:     51.250.96.61:34810 - "GET /api/wobblers/1 HTTP/1.1" 200 OK
INFO:     51.250.96.61:34368 - "GET /api/wobblers/1 HTTP/1.1" 200 OK
INFO:     51.250.96.61:56916 - "GET /api/wobblers/1 HTTP/1.1" 200 OK
INFO:     51.250.96.61:55574 - "GET /api/wobblers/1 HTTP/1.1" 200 OK
INFO:     51.250.96.61:47512 - "GET /api/wobblers/1 HTTP/1.1" 200 OK
INFO:     51.250.96.61:43478 - "GET /api/wobblers/1 HTTP/1.1" 200 OK
INFO:     51.250.96.61:39474 - "GET /api/wobblers/1 HTTP/1.1" 200 OK
INFO:     51.250.96.61:37722 - "GET /api/wobblers/1 HTTP/1.1" 200 OK
INFO:     51.250.96.61:37406 - "GET /api/wobblers/1 HTTP/1.1" 200 OK
INFO:     51.250.96.61:56012 - "GET /api/wobblers/1 HTTP/1.1" 200 OK
INFO:     195.189.69.90:51622 - "GET /api/wobblers/1 HTTP/1.1" 200 OK
INFO:     195.189.69.90:51622 - "GET /api/wobblers/1 HTTP/1.1" 200 OK
INFO:     51.250.96.61:44700 - "GET /api/flights/last/breakages/1 HTTP/1.1" 200 OK
INFO:     51.250.96.61:44668 - "GET /api/breakages/1 HTTP/1.1" 200 OK
INFO:     51.250.96.61:44684 - "GET /api/flights/1 HTTP/1.1" 200 OK
INFO:     51.250.96.61:44700 - "GET /api/efficiency/1 HTTP/1.1" 200 OK
INFO:     51.250.96.61:44700 - "GET /api/breakages/repeating/1 HTTP/1.1" 200 OK
INFO:     195.189.69.90:51622 - "GET /api/map/1 HTTP/1.1" 200 OK
INFO:     195.189.69.90:51622 - "GET /api/flights/last/1 HTTP/1.1" 200 OK
INFO:     51.250.96.61:40448 - "GET /api/wobblers/1 HTTP/1.1" 200 OK
INFO:     51.250.96.61:32994 - "GET /api/wobblers/1 HTTP/1.1" 200 OK
INFO:     51.250.96.61:35396 - "GET /api/wobblers/1 HTTP/1.1" 200 OK
INFO:     51.250.96.61:48408 - "GET /api/wobblers/1 HTTP/1.1" 200 OK
INFO:     51.250.96.61:50062 - "GET /api/wobblers/1 HTTP/1.1" 200 OK
INFO:     51.250.96.61:50078 - "GET /api/wobblers/1 HTTP/1.1" 200 OK
INFO:     51.250.96.61:42536 - "GET /api/wobblers/1 HTTP/1.1" 200 OK
INFO:     51.250.96.61:57556 - "GET /api/wobblers/1 HTTP/1.1" 200 OK
INFO:     51.250.96.61:51858 - "GET /api/wobblers/1 HTTP/1.1" 200 OK
INFO:     51.250.96.61:59886 - "GET /api/wobblers/1 HTTP/1.1" 200 OK
INFO:     51.250.96.61:59886 - "GET /api/wobblers/1 HTTP/1.1" 200 OK
INFO:     51.250.96.61:59886 - "GET /api/wobblers/1 HTTP/1.1" 200 OK
INFO:     51.250.96.61:38882 - "GET /api/wobblers/1 HTTP/1.1" 200 OK
INFO:     51.250.96.61:60970 - "GET /api/wobblers/1 HTTP/1.1" 200 OK
INFO:     51.250.96.61:60970 - "GET /api/wobblers/1 HTTP/1.1" 200 OK
INFO:     51.250.96.61:60970 - "GET /api/wobblers/1 HTTP/1.1" 200 OK
INFO:     51.250.96.61:47718 - "GET /api/wobblers/1 HTTP/1.1" 200 OK
INFO:     51.250.96.61:45670 - "GET /api/wobblers/1 HTTP/1.1" 200 OK
INFO:     51.250.96.61:56592 - "GET /api/wobblers/1 HTTP/1.1" 200 OK
INFO:     51.250.96.61:50186 - "GET /api/wobblers/1 HTTP/1.1" 200 OK
INFO:     51.250.96.61:50194 - "GET /api/wobblers/1 HTTP/1.1" 200 OK
INFO:     51.250.96.61:50194 - "GET /api/wobblers/1 HTTP/1.1" 200 OK
INFO:     51.250.96.61:50186 - "GET /api/wobblers/1 HTTP/1.1" 200 OK
INFO:     51.250.96.61:44070 - "GET /api/wobblers/1 HTTP/1.1" 200 OK
INFO:     51.250.96.61:49862 - "GET /api/wobblers/1 HTTP/1.1" 200 OK
INFO:     51.250.96.61:49878 - "GET /api/wobblers/1 HTTP/1.1" 200 OK
INFO:     51.250.96.61:49896 - "GET /api/wobblers/1 HTTP/1.1" 200 OK
INFO:     51.250.96.61:49880 - "GET /api/wobblers/1 HTTP/1.1" 200 OK
INFO:     51.250.96.61:49862 - "GET /api/wobblers/1 HTTP/1.1" 200 OK
INFO:     51.250.96.61:49898 - "GET /api/wobblers/1 HTTP/1.1" 200 OK
INFO:     51.250.96.61:49914 - "GET /api/wobblers/1 HTTP/1.1" 200 OK
INFO:     51.250.96.61:49878 - "GET /api/wobblers/1 HTTP/1.1" 200 OK
INFO:     51.250.96.61:49922 - "GET /api/wobblers/1 HTTP/1.1" 200 OK
INFO:     51.250.96.61:49934 - "GET /api/wobblers/1 HTTP/1.1" 200 OK
INFO:     51.250.96.61:49944 - "GET /api/wobblers/1 HTTP/1.1" 200 OK
INFO:     51.250.96.61:49880 - "GET /api/wobblers/1 HTTP/1.1" 200 OK
INFO:     51.250.96.61:49896 - "GET /api/wobblers/1 HTTP/1.1" 200 OK
INFO:     51.250.96.61:49862 - "GET /api/wobblers/1 HTTP/1.1" 200 OK
INFO:     51.250.96.61:49958 - "GET /api/wobblers/1 HTTP/1.1" 200 OK
INFO:     51.250.96.61:49898 - "GET /api/wobblers/1 HTTP/1.1" 200 OK
INFO:     51.250.96.61:49914 - "GET /api/wobblers/1 HTTP/1.1" 200 OK
INFO:     51.250.96.61:49970 - "GET /api/wobblers/1 HTTP/1.1" 200 OK
INFO:     51.250.96.61:49878 - "GET /api/wobblers/1 HTTP/1.1" 200 OK
INFO:     51.250.96.61:49922 - "GET /api/wobblers/1 HTTP/1.1" 200 OK
INFO:     51.250.96.61:41236 - "GET /api/wobblers/1 HTTP/1.1" 200 OK
INFO:     51.250.96.61:41238 - "GET /api/wobblers/1 HTTP/1.1" 200 OK
INFO:     51.250.96.61:41240 - "GET /api/wobblers/1 HTTP/1.1" 200 OK
INFO:     51.250.96.61:49944 - "GET /api/wobblers/1 HTTP/1.1" 200 OK
INFO:     51.250.96.61:49880 - "GET /api/wobblers/1 HTTP/1.1" 200 OK
INFO:     51.250.96.61:41252 - "GET /api/wobblers/1 HTTP/1.1" 200 OK
INFO:     51.250.96.61:49896 - "GET /api/wobblers/1 HTTP/1.1" 200 OK
INFO:     51.250.96.61:41268 - "GET /api/wobblers/1 HTTP/1.1" 200 OK
INFO:     51.250.96.61:41270 - "GET /api/wobblers/1 HTTP/1.1" 200 OK
INFO:     51.250.96.61:49862 - "GET /api/wobblers/1 HTTP/1.1" 200 OK
INFO:     51.250.96.61:49934 - "GET /api/wobblers/1 HTTP/1.1" 200 OK
INFO:     51.250.96.61:41278 - "GET /api/wobblers/1 HTTP/1.1" 200 OK
INFO:     51.250.96.61:49914 - "GET /api/wobblers/1 HTTP/1.1" 200 OK
INFO:     51.250.96.61:49898 - "GET /api/wobblers/1 HTTP/1.1" 200 OK
INFO:     51.250.96.61:41292 - "GET /api/wobblers/1 HTTP/1.1" 200 OK
INFO:     51.250.96.61:49958 - "GET /api/wobblers/1 HTTP/1.1" 200 OK
INFO:     51.250.96.61:41308 - "GET /api/wobblers/1 HTTP/1.1" 200 OK
INFO:     51.250.96.61:41314 - "GET /api/wobblers/1 HTTP/1.1" 200 OK
INFO:     51.250.96.61:41320 - "GET /api/wobblers/1 HTTP/1.1" 200 OK
INFO:     51.250.96.61:41322 - "GET /api/wobblers/1 HTTP/1.1" 200 OK
INFO:     51.250.96.61:41338 - "GET /api/wobblers/1 HTTP/1.1" 200 OK
WARNING:  Invalid HTTP request received.
INFO:     51.250.96.61:42626 - "GET /api/wobblers/1 HTTP/1.1" 200 OK
INFO:     51.250.96.61:42626 - "GET /api/wobblers/1 HTTP/1.1" 200 OK
INFO:     51.250.96.61:42626 - "GET /api/wobblers/1 HTTP/1.1" 200 OK
INFO:     51.250.96.61:42626 - "GET /api/wobblers/1 HTTP/1.1" 200 OK
INFO:     51.250.96.61:51442 - "GET /api/wobblers/1 HTTP/1.1" 200 OK
INFO:     51.250.96.61:55660 - "GET /api/wobblers/1 HTTP/1.1" 200 OK
INFO:     52.76.71.100:20377 - "GET /favicon.ico HTTP/1.1" 404 Not Found
INFO:     51.250.96.61:44342 - "GET /api/wobblers/1 HTTP/1.1" 200 OK
INFO:     51.250.96.61:44346 - "GET /api/wobblers/1 HTTP/1.1" 200 OK
INFO:     51.250.96.61:49900 - "GET /api/wobblers/1 HTTP/1.1" 200 OK
INFO:     51.250.96.61:49908 - "GET /api/wobblers/1 HTTP/1.1" 200 OK
INFO:     51.250.96.61:55132 - "GET /api/wobblers/1 HTTP/1.1" 200 OK
INFO:     51.250.96.61:60248 - "GET /api/wobblers/1 HTTP/1.1" 200 OK
INFO:     51.250.96.61:60248 - "GET /api/wobblers/1 HTTP/1.1" 200 OK
INFO:     51.250.96.61:60248 - "GET /api/wobblers/1 HTTP/1.1" 200 OK
INFO:     51.250.96.61:60248 - "GET /api/wobblers/1 HTTP/1.1" 200 OK
INFO:     51.250.96.61:57922 - "GET /api/wobblers/1 HTTP/1.1" 200 OK
INFO:     51.250.96.61:46502 - "GET /api/wobblers/1 HTTP/1.1" 200 OK
INFO:     51.250.96.61:44334 - "GET /api/wobblers/1 HTTP/1.1" 200 OK
INFO:     51.250.96.61:44334 - "GET /api/wobblers/1 HTTP/1.1" 200 OK
INFO:     51.250.96.61:35548 - "GET /api/wobblers/1 HTTP/1.1" 200 OK
INFO:     51.250.96.61:35548 - "GET /api/wobblers/1 HTTP/1.1" 200 OK
INFO:     51.250.96.61:34846 - "GET /api/wobblers/1 HTTP/1.1" 200 OK
INFO:     51.250.96.61:57810 - "GET /api/wobblers/1 HTTP/1.1" 200 OK
INFO:     51.250.96.61:57810 - "GET /api/wobblers/1 HTTP/1.1" 200 OK
INFO:     45.79.115.134:52604 - "GET / HTTP/1.1" 200 OK
INFO:     51.250.96.61:58830 - "GET /api/wobblers/1 HTTP/1.1" 200 OK
INFO:     51.250.96.61:58830 - "GET /api/wobblers/1 HTTP/1.1" 200 OK
INFO:     51.250.96.61:37084 - "GET /api/wobblers/1 HTTP/1.1" 200 OK
INFO:     51.250.96.61:40782 - "GET /api/wobblers/1 HTTP/1.1" 200 OK
INFO:     51.250.96.61:40782 - "GET /api/wobblers/1 HTTP/1.1" 200 OK
INFO:     51.250.96.61:60040 - "GET /api/wobblers/1 HTTP/1.1" 200 OK
INFO:     51.250.96.61:35322 - "GET /api/wobblers/1 HTTP/1.1" 200 OK
INFO:     51.250.96.61:35334 - "GET /api/wobblers/1 HTTP/1.1" 200 OK
INFO:     51.250.96.61:35960 - "GET /api/wobblers/1 HTTP/1.1" 200 OK
INFO:     51.250.96.61:35974 - "GET /api/wobblers/1 HTTP/1.1" 200 OK
INFO:     51.250.96.61:35984 - "GET /api/wobblers/1 HTTP/1.1" 200 OK
INFO:     51.250.96.61:35322 - "GET /api/wobblers/1 HTTP/1.1" 200 OK
INFO:     51.250.96.61:36000 - "GET /api/wobblers/1 HTTP/1.1" 200 OK
INFO:     51.250.96.61:36006 - "GET /api/wobblers/1 HTTP/1.1" 200 OK
INFO:     51.250.96.61:36016 - "GET /api/wobblers/1 HTTP/1.1" 200 OK
INFO:     51.250.96.61:35334 - "GET /api/wobblers/1 HTTP/1.1" 200 OK
INFO:     51.250.96.61:36032 - "GET /api/wobblers/1 HTTP/1.1" 200 OK
INFO:     51.250.96.61:36034 - "GET /api/wobblers/1 HTTP/1.1" 200 OK
INFO:     51.250.96.61:35974 - "GET /api/wobblers/1 HTTP/1.1" 200 OK
INFO:     51.250.96.61:35960 - "GET /api/wobblers/1 HTTP/1.1" 200 OK
INFO:     51.250.96.61:36038 - "GET /api/wobblers/1 HTTP/1.1" 200 OK
INFO:     51.250.96.61:35984 - "GET /api/wobblers/1 HTTP/1.1" 200 OK
INFO:     51.250.96.61:36046 - "GET /api/wobblers/1 HTTP/1.1" 200 OK
INFO:     51.250.96.61:36062 - "GET /api/wobblers/1 HTTP/1.1" 200 OK
INFO:     51.250.96.61:35322 - "GET /api/wobblers/1 HTTP/1.1" 200 OK
INFO:     51.250.96.61:36064 - "GET /api/wobblers/1 HTTP/1.1" 200 OK
INFO:     51.250.96.61:36000 - "GET /api/wobblers/1 HTTP/1.1" 200 OK
INFO:     51.250.96.61:36078 - "GET /api/wobblers/1 HTTP/1.1" 200 OK
INFO:     51.250.96.61:36090 - "GET /api/wobblers/1 HTTP/1.1" 200 OK
INFO:     51.250.96.61:40828 - "GET /api/wobblers/1 HTTP/1.1" 200 OK
INFO:     51.250.96.61:47614 - "GET /api/wobblers/1 HTTP/1.1" 200 OK
INFO:     51.250.96.61:55534 - "GET /api/wobblers/1 HTTP/1.1" 200 OK
INFO:     51.250.96.61:56836 - "GET /api/wobblers/1 HTTP/1.1" 200 OK
INFO:     51.250.96.61:49316 - "GET /api/wobblers/1 HTTP/1.1" 200 OK
INFO:     51.250.96.61:49326 - "GET /api/wobblers/1 HTTP/1.1" 200 OK
INFO:     51.250.96.61:49334 - "GET /api/wobblers/1 HTTP/1.1" 200 OK
INFO:     51.250.96.61:49342 - "GET /api/wobblers/1 HTTP/1.1" 200 OK
INFO:     51.250.96.61:49316 - "GET /api/wobblers/1 HTTP/1.1" 200 OK
INFO:     51.250.96.61:49348 - "GET /api/wobblers/1 HTTP/1.1" 200 OK
INFO:     51.250.96.61:49350 - "GET /api/wobblers/1 HTTP/1.1" 200 OK
INFO:     51.250.96.61:49326 - "GET /api/wobblers/1 HTTP/1.1" 200 OK
INFO:     51.250.96.61:49354 - "GET /api/wobblers/1 HTTP/1.1" 200 OK
INFO:     51.250.96.61:49366 - "GET /api/wobblers/1 HTTP/1.1" 200 OK
INFO:     51.250.96.61:49342 - "GET /api/wobblers/1 HTTP/1.1" 200 OK
INFO:     51.250.96.61:49334 - "GET /api/wobblers/1 HTTP/1.1" 200 OK
INFO:     51.250.96.61:47052 - "GET /api/wobblers/1 HTTP/1.1" 200 OK
INFO:     51.250.96.61:47068 - "GET /api/wobblers/1 HTTP/1.1" 200 OK
INFO:     51.250.96.61:49316 - "GET /api/wobblers/1 HTTP/1.1" 200 OK
INFO:     51.250.96.61:47084 - "GET /api/wobblers/1 HTTP/1.1" 200 OK
INFO:     51.250.96.61:49348 - "GET /api/wobblers/1 HTTP/1.1" 200 OK
INFO:     51.250.96.61:47092 - "GET /api/wobblers/1 HTTP/1.1" 200 OK
INFO:     51.250.96.61:47108 - "GET /api/wobblers/1 HTTP/1.1" 200 OK
INFO:     51.250.96.61:49350 - "GET /api/wobblers/1 HTTP/1.1" 200 OK
INFO:     51.250.96.61:49326 - "GET /api/wobblers/1 HTTP/1.1" 200 OK
INFO:     51.250.96.61:47118 - "GET /api/wobblers/1 HTTP/1.1" 200 OK
INFO:     51.250.96.61:47116 - "GET /api/wobblers/1 HTTP/1.1" 200 OK
INFO:     51.250.96.61:51824 - "GET /api/wobblers/1 HTTP/1.1" 200 OK
INFO:     51.250.96.61:36034 - "GET /api/wobblers/1 HTTP/1.1" 200 OK
INFO:     51.250.96.61:49578 - "GET /api/wobblers/1 HTTP/1.1" 200 OK
INFO:     51.250.96.61:59148 - "GET /api/wobblers/1 HTTP/1.1" 200 OK
INFO:     51.250.96.61:59148 - "GET /api/wobblers/1 HTTP/1.1" 200 OK
INFO:     51.250.96.61:59148 - "GET /api/wobblers/1 HTTP/1.1" 200 OK
INFO:     51.250.96.61:59148 - "GET /api/wobblers/1 HTTP/1.1" 200 OK
WARNING:  Invalid HTTP request received.
INFO:     36.99.136.129:6738 - "GET / HTTP/1.1" 200 OK
INFO:     36.99.136.128:56751 - "GET /favicon.ico HTTP/1.1" 404 Not Found
INFO:     36.99.136.137:34628 - "GET / HTTP/1.1" 200 OK
INFO:     36.99.136.128:62501 - "GET /favicon.ico HTTP/1.1" 404 Not Found
INFO:     51.250.96.61:52102 - "GET /api/wobblers/1 HTTP/1.1" 200 OK
INFO:     51.250.96.61:48108 - "GET /api/wobblers/1 HTTP/1.1" 200 OK
INFO:     51.250.96.61:48112 - "GET /api/wobblers/1 HTTP/1.1" 200 OK
INFO:     51.250.96.61:48116 - "GET /api/wobblers/1 HTTP/1.1" 200 OK
INFO:     51.250.96.61:48120 - "GET /api/wobblers/1 HTTP/1.1" 200 OK
INFO:     51.250.96.61:43044 - "GET /api/wobblers/1 HTTP/1.1" 200 OK
INFO:     51.250.96.61:35084 - "GET /api/wobblers/1 HTTP/1.1" 200 OK
INFO:     51.250.96.61:50106 - "GET /api/wobblers/1 HTTP/1.1" 200 OK
INFO:     51.250.96.61:41714 - "GET /api/wobblers/1 HTTP/1.1" 200 OK
INFO:     51.250.96.61:54456 - "GET /api/wobblers/1 HTTP/1.1" 200 OK
INFO:     51.250.96.61:36324 - "GET /api/wobblers/1 HTTP/1.1" 200 OK
INFO:     51.250.96.61:45472 - "GET /api/wobblers/1 HTTP/1.1" 200 OK
INFO:     51.250.96.61:45472 - "GET /api/wobblers/1 HTTP/1.1" 200 OK
INFO:     51.250.96.61:45472 - "GET /api/wobblers/1 HTTP/1.1" 200 OK
INFO:     51.250.96.61:54956 - "GET /api/wobblers/1 HTTP/1.1" 200 OK
INFO:     51.250.96.61:57802 - "GET /api/wobblers/1 HTTP/1.1" 200 OK
INFO:     51.250.96.61:54544 - "GET /api/wobblers/1 HTTP/1.1" 200 OK
INFO:     51.250.96.61:40562 - "GET /api/wobblers/1 HTTP/1.1" 200 OK
INFO:     51.250.96.61:59500 - "GET /api/wobblers/1 HTTP/1.1" 200 OK
INFO:     51.250.96.61:38986 - "GET /api/wobblers/1 HTTP/1.1" 200 OK
INFO:     167.248.133.188:56242 - "GET / HTTP/1.1" 200 OK
WARNING:  Invalid HTTP request received.
INFO:     167.248.133.188:46786 - "GET /favicon.ico HTTP/1.1" 404 Not Found
INFO:     51.250.96.61:43652 - "GET /api/wobblers/1 HTTP/1.1" 200 OK
INFO:     51.250.96.61:37810 - "GET /api/wobblers/1 HTTP/1.1" 200 OK
INFO:     51.250.96.61:51088 - "GET /api/wobblers/1 HTTP/1.1" 200 OK
INFO:     51.250.96.61:51088 - "GET /api/wobblers/1 HTTP/1.1" 200 OK
INFO:     51.250.96.61:51088 - "GET /api/wobblers/1 HTTP/1.1" 200 OK
INFO:     51.250.96.61:51088 - "GET /api/wobblers/1 HTTP/1.1" 200 OK
INFO:     51.250.96.61:45380 - "GET /api/wobblers/1 HTTP/1.1" 200 OK
INFO:     51.250.96.61:38908 - "GET /api/wobblers/1 HTTP/1.1" 200 OK
INFO:     51.250.96.61:58332 - "GET /api/wobblers/1 HTTP/1.1" 200 OK
INFO:     51.250.96.61:57580 - "GET /api/wobblers/1 HTTP/1.1" 200 OK
INFO:     51.250.96.61:38790 - "GET /api/wobblers/1 HTTP/1.1" 200 OK
INFO:     51.250.96.61:49852 - "GET /api/wobblers/1 HTTP/1.1" 200 OK
INFO:     51.250.96.61:56746 - "GET /api/wobblers/1 HTTP/1.1" 200 OK
INFO:     51.250.96.61:46876 - "GET /api/wobblers/1 HTTP/1.1" 200 OK
INFO:     51.250.96.61:46890 - "GET /api/wobblers/1 HTTP/1.1" 200 OK
INFO:     51.250.96.61:57512 - "GET /api/wobblers/1 HTTP/1.1" 200 OK
INFO:     51.250.96.61:57512 - "GET /api/wobblers/1 HTTP/1.1" 200 OK
INFO:     51.250.96.61:57512 - "GET /api/wobblers/1 HTTP/1.1" 200 OK
INFO:     51.250.96.61:57512 - "GET /api/wobblers/1 HTTP/1.1" 200 OK
INFO:     51.250.96.61:51808 - "GET /api/wobblers/1 HTTP/1.1" 200 OK
INFO:     51.250.96.61:53778 - "GET /api/wobblers/1 HTTP/1.1" 200 OK
INFO:     51.250.96.61:44932 - "GET /api/wobblers/1 HTTP/1.1" 200 OK
INFO:     51.250.96.61:41456 - "GET /api/wobblers/1 HTTP/1.1" 200 OK
INFO:     51.250.96.61:44780 - "GET /api/wobblers/1 HTTP/1.1" 200 OK
INFO:     51.250.96.61:44780 - "GET /api/wobblers/1 HTTP/1.1" 200 OK
INFO:     51.250.96.61:51382 - "GET /api/wobblers/1 HTTP/1.1" 200 OK
INFO:     51.250.96.61:52698 - "GET /api/wobblers/1 HTTP/1.1" 200 OK
INFO:     51.250.96.61:35848 - "GET /api/wobblers/1 HTTP/1.1" 200 OK
INFO:     51.250.96.61:47748 - "GET /api/wobblers/1 HTTP/1.1" 200 OK
INFO:     51.250.96.61:55084 - "GET /api/wobblers/1 HTTP/1.1" 200 OK
INFO:     51.250.96.61:47246 - "GET /api/wobblers/1 HTTP/1.1" 200 OK
INFO:     51.250.96.61:58214 - "GET /api/wobblers/1 HTTP/1.1" 200 OK
INFO:     51.250.96.61:52762 - "GET /api/wobblers/1 HTTP/1.1" 200 OK
INFO:     36.99.136.137:30808 - "GET /api/wobblers/1 HTTP/1.1" 200 OK
INFO:     36.99.136.137:31462 - "GET /api/wobblers/1 HTTP/1.1" 200 OK
INFO:     111.7.96.169:49240 - "GET /api/wobblers/1 HTTP/1.1" 200 OK
INFO:     51.250.96.61:45664 - "GET /api/wobblers/1 HTTP/1.1" 200 OK
INFO:     51.250.96.61:45670 - "GET /api/wobblers/1 HTTP/1.1" 200 OK
INFO:     51.250.96.61:48026 - "GET /api/wobblers/1 HTTP/1.1" 200 OK
INFO:     51.250.96.61:48110 - "GET /api/wobblers/1 HTTP/1.1" 200 OK
WARNING:  Invalid HTTP request received.
INFO:     115.231.78.3:47491 - "GET / HTTP/1.1" 200 OK
INFO:     115.231.78.3:42824 - "GET /favicon.ico HTTP/1.1" 404 Not Found
INFO:     115.231.78.3:5372 - "GET /robots.txt HTTP/1.1" 404 Not Found
INFO:     51.250.96.61:37746 - "GET /api/wobblers/1 HTTP/1.1" 200 OK
INFO:     51.250.96.61:36310 - "GET /api/wobblers/1 HTTP/1.1" 200 OK
INFO:     51.250.96.61:57110 - "GET /api/wobblers/1 HTTP/1.1" 200 OK
INFO:     51.250.96.61:47408 - "GET /api/wobblers/1 HTTP/1.1" 200 OK
INFO:     51.250.96.61:48676 - "GET /api/wobblers/1 HTTP/1.1" 200 OK
INFO:     51.250.96.61:43362 - "GET /api/wobblers/1 HTTP/1.1" 200 OK
INFO:     51.250.96.61:43362 - "GET /api/wobblers/1 HTTP/1.1" 200 OK
INFO:     51.250.96.61:43362 - "GET /api/wobblers/1 HTTP/1.1" 200 OK
INFO:     51.250.96.61:43362 - "GET /api/wobblers/1 HTTP/1.1" 200 OK
INFO:     51.250.96.61:48240 - "GET /api/wobblers/1 HTTP/1.1" 200 OK
INFO:     51.250.96.61:34790 - "GET /api/wobblers/1 HTTP/1.1" 200 OK
INFO:     51.250.96.61:42728 - "GET /api/wobblers/1 HTTP/1.1" 200 OK
INFO:     51.250.96.61:41438 - "GET /api/wobblers/1 HTTP/1.1" 200 OK
INFO:     51.250.96.61:41860 - "GET /api/wobblers/1 HTTP/1.1" 200 OK
INFO:     51.250.96.61:41862 - "GET /api/wobblers/1 HTTP/1.1" 200 OK
INFO:     51.250.96.61:41862 - "GET /api/wobblers/1 HTTP/1.1" 200 OK
INFO:     51.250.96.61:41862 - "GET /api/wobblers/1 HTTP/1.1" 200 OK
INFO:     51.250.96.61:36884 - "GET /api/wobblers/1 HTTP/1.1" 200 OK
INFO:     51.250.96.61:40266 - "GET /api/wobblers/1 HTTP/1.1" 200 OK
INFO:     51.250.96.61:40266 - "GET /api/wobblers/1 HTTP/1.1" 200 OK
INFO:     51.250.96.61:55594 - "GET /api/wobblers/1 HTTP/1.1" 200 OK
INFO:     51.250.96.61:44970 - "GET /api/wobblers/1 HTTP/1.1" 200 OK
INFO:     51.250.96.61:58120 - "GET /api/wobblers/1 HTTP/1.1" 200 OK
INFO:     51.250.96.61:58136 - "GET /api/wobblers/1 HTTP/1.1" 200 OK
INFO:     51.250.96.61:58144 - "GET /api/wobblers/1 HTTP/1.1" 200 OK
INFO:     51.250.96.61:58146 - "GET /api/wobblers/1 HTTP/1.1" 200 OK
INFO:     51.250.96.61:58150 - "GET /api/wobblers/1 HTTP/1.1" 200 OK
INFO:     51.250.96.61:58156 - "GET /api/wobblers/1 HTTP/1.1" 200 OK
INFO:     51.250.96.61:58158 - "GET /api/wobblers/1 HTTP/1.1" 200 OK
INFO:     51.250.96.61:58164 - "GET /api/wobblers/1 HTTP/1.1" 200 OK
INFO:     51.250.96.61:58170 - "GET /api/wobblers/1 HTTP/1.1" 200 OK
INFO:     51.250.96.61:58176 - "GET /api/wobblers/1 HTTP/1.1" 200 OK
INFO:     51.250.96.61:48820 - "GET /api/wobblers/1 HTTP/1.1" 200 OK
INFO:     51.250.96.61:48820 - "GET /api/wobblers/1 HTTP/1.1" 200 OK
INFO:     51.250.96.61:48820 - "GET /api/wobblers/1 HTTP/1.1" 200 OK
INFO:     51.250.96.61:48820 - "GET /api/wobblers/1 HTTP/1.1" 200 OK
INFO:     51.250.96.61:48820 - "GET /api/wobblers/1 HTTP/1.1" 200 OK
INFO:     51.250.96.61:48820 - "GET /api/wobblers/1 HTTP/1.1" 200 OK
INFO:     51.250.96.61:43110 - "GET /api/breakages/1 HTTP/1.1" 200 OK
INFO:     51.250.96.61:43126 - "GET /api/flights/1 HTTP/1.1" 200 OK
INFO:     51.250.96.61:43142 - "GET /api/wobblers/1 HTTP/1.1" 200 OK
INFO:     51.250.96.61:43138 - "GET /api/flights/last/breakages/1 HTTP/1.1" 200 OK
INFO:     51.250.96.61:43138 - "GET /api/efficiency/1 HTTP/1.1" 200 OK
INFO:     51.250.96.61:43138 - "GET /api/breakages/repeating/1 HTTP/1.1" 200 OK
INFO:     87.255.216.83:56076 - "GET /api/wobblers/1 HTTP/1.1" 200 OK
INFO:     185.48.148.183:17677 - "GET /api/map/1 HTTP/1.1" 200 OK
INFO:     185.48.148.183:17677 - "GET /api/flights/last/1 HTTP/1.1" 200 OK
INFO:     51.250.96.61:49372 - "GET /api/wobblers/1 HTTP/1.1" 200 OK
INFO:     51.250.96.61:49374 - "GET /api/wobblers/1 HTTP/1.1" 200 OK
INFO:     51.250.96.61:49374 - "GET /api/wobblers/1 HTTP/1.1" 200 OK
INFO:     51.250.96.61:46634 - "GET /api/wobblers/1 HTTP/1.1" 200 OK
INFO:     51.250.96.61:42674 - "GET /api/wobblers/1 HTTP/1.1" 200 OK
INFO:     51.250.96.61:56574 - "GET /api/wobblers/1 HTTP/1.1" 200 OK
INFO:     51.250.96.61:47018 - "GET /api/wobblers/1 HTTP/1.1" 200 OK
INFO:     178.91.253.83:58435 - "GET /api/wobblers/1 HTTP/1.1" 200 OK
INFO:     178.91.253.83:58435 - "GET /api/wobblers/1 HTTP/1.1" 500 Internal Server Error
ERROR:    Exception in ASGI application
Traceback (most recent call last):
  File "/home/smartview/miniconda3/lib/python3.12/site-packages/sqlalchemy/engine/base.py", line 1967, in _exec_single_context
    self.dialect.do_execute(
  File "/home/smartview/miniconda3/lib/python3.12/site-packages/sqlalchemy/engine/default.py", line 924, in do_execute
    cursor.execute(statement, parameters)
psycopg2.OperationalError: SSL SYSCALL error: EOF detected


The above exception was the direct cause of the following exception:

Traceback (most recent call last):
  File "/home/smartview/miniconda3/lib/python3.12/site-packages/uvicorn/protocols/http/httptools_impl.py", line 411, in run_asgi
    result = await app(  # type: ignore[func-returns-value]
             ^^^^^^^^^^^^^^^^^^^^^^^^^^^^^^^^^^^^^^^^^^^^^^
  File "/home/smartview/miniconda3/lib/python3.12/site-packages/uvicorn/middleware/proxy_headers.py", line 69, in __call__
    return await self.app(scope, receive, send)
           ^^^^^^^^^^^^^^^^^^^^^^^^^^^^^^^^^^^^
  File "/home/smartview/miniconda3/lib/python3.12/site-packages/fastapi/applications.py", line 1054, in __call__
    await super().__call__(scope, receive, send)
  File "/home/smartview/miniconda3/lib/python3.12/site-packages/starlette/applications.py", line 123, in __call__
    await self.middleware_stack(scope, receive, send)
  File "/home/smartview/miniconda3/lib/python3.12/site-packages/starlette/middleware/errors.py", line 186, in __call__
    raise exc
  File "/home/smartview/miniconda3/lib/python3.12/site-packages/starlette/middleware/errors.py", line 164, in __call__
    await self.app(scope, receive, _send)
  File "/home/smartview/miniconda3/lib/python3.12/site-packages/starlette/middleware/cors.py", line 93, in __call__
    await self.simple_response(scope, receive, send, request_headers=headers)
  File "/home/smartview/miniconda3/lib/python3.12/site-packages/starlette/middleware/cors.py", line 148, in simple_response
    await self.app(scope, receive, send)
  File "/home/smartview/miniconda3/lib/python3.12/site-packages/starlette/middleware/exceptions.py", line 65, in __call__
    await wrap_app_handling_exceptions(self.app, conn)(scope, receive, send)
  File "/home/smartview/miniconda3/lib/python3.12/site-packages/starlette/_exception_handler.py", line 64, in wrapped_app
    raise exc
  File "/home/smartview/miniconda3/lib/python3.12/site-packages/starlette/_exception_handler.py", line 53, in wrapped_app
    await app(scope, receive, sender)
  File "/home/smartview/miniconda3/lib/python3.12/site-packages/starlette/routing.py", line 756, in __call__
    await self.middleware_stack(scope, receive, send)
  File "/home/smartview/miniconda3/lib/python3.12/site-packages/starlette/routing.py", line 776, in app
    await route.handle(scope, receive, send)
  File "/home/smartview/miniconda3/lib/python3.12/site-packages/starlette/routing.py", line 297, in handle
    await self.app(scope, receive, send)
  File "/home/smartview/miniconda3/lib/python3.12/site-packages/starlette/routing.py", line 77, in app
    await wrap_app_handling_exceptions(app, request)(scope, receive, send)
  File "/home/smartview/miniconda3/lib/python3.12/site-packages/starlette/_exception_handler.py", line 64, in wrapped_app
    raise exc
  File "/home/smartview/miniconda3/lib/python3.12/site-packages/starlette/_exception_handler.py", line 53, in wrapped_app
    await app(scope, receive, sender)
  File "/home/smartview/miniconda3/lib/python3.12/site-packages/starlette/routing.py", line 72, in app
    response = await func(request)
               ^^^^^^^^^^^^^^^^^^^
  File "/home/smartview/miniconda3/lib/python3.12/site-packages/fastapi/routing.py", line 278, in app
    raw_response = await run_endpoint_function(
                   ^^^^^^^^^^^^^^^^^^^^^^^^^^^^
  File "/home/smartview/miniconda3/lib/python3.12/site-packages/fastapi/routing.py", line 191, in run_endpoint_function
    return await dependant.call(**values)
           ^^^^^^^^^^^^^^^^^^^^^^^^^^^^^^
  File "/home/smartview/smartview-api/api.py", line 92, in get_wobblers
    wobblers = db.query(Wobbler).filter(Wobbler.heap_leaching_pad_id==heap_leaching_pad_id).all()
               ^^^^^^^^^^^^^^^^^^^^^^^^^^^^^^^^^^^^^^^^^^^^^^^^^^^^^^^^^^^^^^^^^^^^^^^^^^^^^^^^^^
  File "/home/smartview/miniconda3/lib/python3.12/site-packages/sqlalchemy/orm/query.py", line 2673, in all
    return self._iter().all()  # type: ignore
           ^^^^^^^^^^^^
  File "/home/smartview/miniconda3/lib/python3.12/site-packages/sqlalchemy/orm/query.py", line 2827, in _iter
    result: Union[ScalarResult[_T], Result[_T]] = self.session.execute(
                                                  ^^^^^^^^^^^^^^^^^^^^^
  File "/home/smartview/miniconda3/lib/python3.12/site-packages/sqlalchemy/orm/session.py", line 2351, in execute
    return self._execute_internal(
           ^^^^^^^^^^^^^^^^^^^^^^^
  File "/home/smartview/miniconda3/lib/python3.12/site-packages/sqlalchemy/orm/session.py", line 2236, in _execute_internal
    result: Result[Any] = compile_state_cls.orm_execute_statement(
                          ^^^^^^^^^^^^^^^^^^^^^^^^^^^^^^^^^^^^^^^^
  File "/home/smartview/miniconda3/lib/python3.12/site-packages/sqlalchemy/orm/context.py", line 293, in orm_execute_statement
    result = conn.execute(
             ^^^^^^^^^^^^^
  File "/home/smartview/miniconda3/lib/python3.12/site-packages/sqlalchemy/engine/base.py", line 1418, in execute
    return meth(
           ^^^^^
  File "/home/smartview/miniconda3/lib/python3.12/site-packages/sqlalchemy/sql/elements.py", line 515, in _execute_on_connection
    return connection._execute_clauseelement(
           ^^^^^^^^^^^^^^^^^^^^^^^^^^^^^^^^^^
  File "/home/smartview/miniconda3/lib/python3.12/site-packages/sqlalchemy/engine/base.py", line 1640, in _execute_clauseelement
    ret = self._execute_context(
          ^^^^^^^^^^^^^^^^^^^^^^
  File "/home/smartview/miniconda3/lib/python3.12/site-packages/sqlalchemy/engine/base.py", line 1846, in _execute_context
    return self._exec_single_context(
           ^^^^^^^^^^^^^^^^^^^^^^^^^^
  File "/home/smartview/miniconda3/lib/python3.12/site-packages/sqlalchemy/engine/base.py", line 1986, in _exec_single_context
    self._handle_dbapi_exception(
  File "/home/smartview/miniconda3/lib/python3.12/site-packages/sqlalchemy/engine/base.py", line 2353, in _handle_dbapi_exception
    raise sqlalchemy_exception.with_traceback(exc_info[2]) from e
  File "/home/smartview/miniconda3/lib/python3.12/site-packages/sqlalchemy/engine/base.py", line 1967, in _exec_single_context
    self.dialect.do_execute(
  File "/home/smartview/miniconda3/lib/python3.12/site-packages/sqlalchemy/engine/default.py", line 924, in do_execute
    cursor.execute(statement, parameters)
sqlalchemy.exc.OperationalError: (psycopg2.OperationalError) SSL SYSCALL error: EOF detected

[SQL: SELECT wobblers.id AS wobblers_id, wobblers.heap_leaching_pad_id AS wobblers_heap_leaching_pad_id, wobblers.number_of_breakages AS wobblers_number_of_breakages, wobblers.number_of_fixes AS wobblers_number_of_fixes, wobblers.latitude AS wobblers_latitude, wobblers.longitude AS wobblers_longitude, wobblers.time_of_detection_of_breakage AS wobblers_time_of_detection_of_breakage, wobblers.status AS wobblers_status 
FROM wobblers 
WHERE wobblers.heap_leaching_pad_id = %(heap_leaching_pad_id_1)s]
[parameters: {'heap_leaching_pad_id_1': 1}]
(Background on this error at: https://sqlalche.me/e/20/e3q8)
INFO:     178.91.253.83:46740 - "GET /api/wobblers/1 HTTP/1.1" 200 OK
INFO:     178.91.253.83:46740 - "GET /api/wobblers/1 HTTP/1.1" 200 OK
INFO:     51.250.96.61:57536 - "GET /api/flights/last/breakages/1 HTTP/1.1" 200 OK
INFO:     51.250.96.61:57524 - "GET /api/breakages/1 HTTP/1.1" 200 OK
INFO:     51.250.96.61:57530 - "GET /api/flights/1 HTTP/1.1" 200 OK
INFO:     51.250.96.61:57536 - "GET /api/efficiency/1 HTTP/1.1" 200 OK
INFO:     51.250.96.61:57536 - "GET /api/breakages/repeating/1 HTTP/1.1" 200 OK
INFO:     87.255.216.83:19287 - "GET /api/flights/last/1 HTTP/1.1" 200 OK
INFO:     34.123.170.104:16792 - "GET /api/wobblers/1 HTTP/1.1" 200 OK
INFO:     51.250.96.61:52592 - "GET /api/wobblers/1 HTTP/1.1" 200 OK
INFO:     51.250.96.61:52592 - "GET /api/wobblers/1 HTTP/1.1" 200 OK
INFO:     51.250.96.61:52598 - "GET /api/wobblers/1 HTTP/1.1" 200 OK
INFO:     51.250.96.61:38212 - "GET /api/wobblers/1 HTTP/1.1" 200 OK
INFO:     51.250.96.61:58386 - "GET /api/wobblers/1 HTTP/1.1" 200 OK
INFO:     51.250.96.61:58386 - "GET /api/wobblers/1 HTTP/1.1" 200 OK
INFO:     51.250.96.61:58386 - "GET /api/wobblers/1 HTTP/1.1" 200 OK
INFO:     51.250.96.61:36322 - "GET /api/wobblers/1 HTTP/1.1" 200 OK
INFO:     51.250.96.61:51560 - "GET /api/wobblers/1 HTTP/1.1" 200 OK
INFO:     51.250.96.61:52696 - "GET /api/wobblers/1 HTTP/1.1" 200 OK
INFO:     51.250.96.61:58038 - "GET /api/wobblers/1 HTTP/1.1" 200 OK
INFO:     51.250.96.61:58040 - "GET /api/wobblers/1 HTTP/1.1" 200 OK
INFO:     51.250.96.61:40988 - "GET /api/wobblers/1 HTTP/1.1" 200 OK
INFO:     51.250.96.61:43394 - "GET /api/wobblers/1 HTTP/1.1" 200 OK
INFO:     51.250.96.61:33138 - "GET /api/wobblers/1 HTTP/1.1" 200 OK
INFO:     51.250.96.61:48798 - "GET /api/wobblers/1 HTTP/1.1" 200 OK
INFO:     51.250.96.61:48808 - "GET /api/wobblers/1 HTTP/1.1" 200 OK
INFO:     51.250.96.61:48808 - "GET /api/wobblers/1 HTTP/1.1" 200 OK
INFO:     51.250.96.61:44156 - "GET /api/wobblers/1 HTTP/1.1" 200 OK
INFO:     51.250.96.61:55446 - "GET /api/wobblers/1 HTTP/1.1" 500 Internal Server Error
ERROR:    Exception in ASGI application
Traceback (most recent call last):
  File "/home/smartview/miniconda3/lib/python3.12/site-packages/sqlalchemy/engine/base.py", line 1967, in _exec_single_context
    self.dialect.do_execute(
  File "/home/smartview/miniconda3/lib/python3.12/site-packages/sqlalchemy/engine/default.py", line 924, in do_execute
    cursor.execute(statement, parameters)
psycopg2.OperationalError: SSL SYSCALL error: EOF detected


The above exception was the direct cause of the following exception:

Traceback (most recent call last):
  File "/home/smartview/miniconda3/lib/python3.12/site-packages/uvicorn/protocols/http/httptools_impl.py", line 411, in run_asgi
    result = await app(  # type: ignore[func-returns-value]
             ^^^^^^^^^^^^^^^^^^^^^^^^^^^^^^^^^^^^^^^^^^^^^^
  File "/home/smartview/miniconda3/lib/python3.12/site-packages/uvicorn/middleware/proxy_headers.py", line 69, in __call__
    return await self.app(scope, receive, send)
           ^^^^^^^^^^^^^^^^^^^^^^^^^^^^^^^^^^^^
  File "/home/smartview/miniconda3/lib/python3.12/site-packages/fastapi/applications.py", line 1054, in __call__
    await super().__call__(scope, receive, send)
  File "/home/smartview/miniconda3/lib/python3.12/site-packages/starlette/applications.py", line 123, in __call__
    await self.middleware_stack(scope, receive, send)
  File "/home/smartview/miniconda3/lib/python3.12/site-packages/starlette/middleware/errors.py", line 186, in __call__
    raise exc
  File "/home/smartview/miniconda3/lib/python3.12/site-packages/starlette/middleware/errors.py", line 164, in __call__
    await self.app(scope, receive, _send)
  File "/home/smartview/miniconda3/lib/python3.12/site-packages/starlette/middleware/cors.py", line 85, in __call__
    await self.app(scope, receive, send)
  File "/home/smartview/miniconda3/lib/python3.12/site-packages/starlette/middleware/exceptions.py", line 65, in __call__
    await wrap_app_handling_exceptions(self.app, conn)(scope, receive, send)
  File "/home/smartview/miniconda3/lib/python3.12/site-packages/starlette/_exception_handler.py", line 64, in wrapped_app
    raise exc
  File "/home/smartview/miniconda3/lib/python3.12/site-packages/starlette/_exception_handler.py", line 53, in wrapped_app
    await app(scope, receive, sender)
  File "/home/smartview/miniconda3/lib/python3.12/site-packages/starlette/routing.py", line 756, in __call__
    await self.middleware_stack(scope, receive, send)
  File "/home/smartview/miniconda3/lib/python3.12/site-packages/starlette/routing.py", line 776, in app
    await route.handle(scope, receive, send)
  File "/home/smartview/miniconda3/lib/python3.12/site-packages/starlette/routing.py", line 297, in handle
    await self.app(scope, receive, send)
  File "/home/smartview/miniconda3/lib/python3.12/site-packages/starlette/routing.py", line 77, in app
    await wrap_app_handling_exceptions(app, request)(scope, receive, send)
  File "/home/smartview/miniconda3/lib/python3.12/site-packages/starlette/_exception_handler.py", line 64, in wrapped_app
    raise exc
  File "/home/smartview/miniconda3/lib/python3.12/site-packages/starlette/_exception_handler.py", line 53, in wrapped_app
    await app(scope, receive, sender)
  File "/home/smartview/miniconda3/lib/python3.12/site-packages/starlette/routing.py", line 72, in app
    response = await func(request)
               ^^^^^^^^^^^^^^^^^^^
  File "/home/smartview/miniconda3/lib/python3.12/site-packages/fastapi/routing.py", line 278, in app
    raw_response = await run_endpoint_function(
                   ^^^^^^^^^^^^^^^^^^^^^^^^^^^^
  File "/home/smartview/miniconda3/lib/python3.12/site-packages/fastapi/routing.py", line 191, in run_endpoint_function
    return await dependant.call(**values)
           ^^^^^^^^^^^^^^^^^^^^^^^^^^^^^^
  File "/home/smartview/smartview-api/api.py", line 92, in get_wobblers
    wobblers = db.query(Wobbler).filter(Wobbler.heap_leaching_pad_id==heap_leaching_pad_id).all()
               ^^^^^^^^^^^^^^^^^^^^^^^^^^^^^^^^^^^^^^^^^^^^^^^^^^^^^^^^^^^^^^^^^^^^^^^^^^^^^^^^^^
  File "/home/smartview/miniconda3/lib/python3.12/site-packages/sqlalchemy/orm/query.py", line 2673, in all
    return self._iter().all()  # type: ignore
           ^^^^^^^^^^^^
  File "/home/smartview/miniconda3/lib/python3.12/site-packages/sqlalchemy/orm/query.py", line 2827, in _iter
    result: Union[ScalarResult[_T], Result[_T]] = self.session.execute(
                                                  ^^^^^^^^^^^^^^^^^^^^^
  File "/home/smartview/miniconda3/lib/python3.12/site-packages/sqlalchemy/orm/session.py", line 2351, in execute
    return self._execute_internal(
           ^^^^^^^^^^^^^^^^^^^^^^^
  File "/home/smartview/miniconda3/lib/python3.12/site-packages/sqlalchemy/orm/session.py", line 2236, in _execute_internal
    result: Result[Any] = compile_state_cls.orm_execute_statement(
                          ^^^^^^^^^^^^^^^^^^^^^^^^^^^^^^^^^^^^^^^^
  File "/home/smartview/miniconda3/lib/python3.12/site-packages/sqlalchemy/orm/context.py", line 293, in orm_execute_statement
    result = conn.execute(
             ^^^^^^^^^^^^^
  File "/home/smartview/miniconda3/lib/python3.12/site-packages/sqlalchemy/engine/base.py", line 1418, in execute
    return meth(
           ^^^^^
  File "/home/smartview/miniconda3/lib/python3.12/site-packages/sqlalchemy/sql/elements.py", line 515, in _execute_on_connection
    return connection._execute_clauseelement(
           ^^^^^^^^^^^^^^^^^^^^^^^^^^^^^^^^^^
  File "/home/smartview/miniconda3/lib/python3.12/site-packages/sqlalchemy/engine/base.py", line 1640, in _execute_clauseelement
    ret = self._execute_context(
          ^^^^^^^^^^^^^^^^^^^^^^
  File "/home/smartview/miniconda3/lib/python3.12/site-packages/sqlalchemy/engine/base.py", line 1846, in _execute_context
    return self._exec_single_context(
           ^^^^^^^^^^^^^^^^^^^^^^^^^^
  File "/home/smartview/miniconda3/lib/python3.12/site-packages/sqlalchemy/engine/base.py", line 1986, in _exec_single_context
    self._handle_dbapi_exception(
  File "/home/smartview/miniconda3/lib/python3.12/site-packages/sqlalchemy/engine/base.py", line 2353, in _handle_dbapi_exception
    raise sqlalchemy_exception.with_traceback(exc_info[2]) from e
  File "/home/smartview/miniconda3/lib/python3.12/site-packages/sqlalchemy/engine/base.py", line 1967, in _exec_single_context
    self.dialect.do_execute(
  File "/home/smartview/miniconda3/lib/python3.12/site-packages/sqlalchemy/engine/default.py", line 924, in do_execute
    cursor.execute(statement, parameters)
sqlalchemy.exc.OperationalError: (psycopg2.OperationalError) SSL SYSCALL error: EOF detected

[SQL: SELECT wobblers.id AS wobblers_id, wobblers.heap_leaching_pad_id AS wobblers_heap_leaching_pad_id, wobblers.number_of_breakages AS wobblers_number_of_breakages, wobblers.number_of_fixes AS wobblers_number_of_fixes, wobblers.latitude AS wobblers_latitude, wobblers.longitude AS wobblers_longitude, wobblers.time_of_detection_of_breakage AS wobblers_time_of_detection_of_breakage, wobblers.status AS wobblers_status 
FROM wobblers 
WHERE wobblers.heap_leaching_pad_id = %(heap_leaching_pad_id_1)s]
[parameters: {'heap_leaching_pad_id_1': 1}]
(Background on this error at: https://sqlalche.me/e/20/e3q8)
INFO:     51.250.96.61:46026 - "GET /api/wobblers/1 HTTP/1.1" 200 OK
INFO:     51.250.96.61:41620 - "GET /api/wobblers/1 HTTP/1.1" 200 OK
INFO:     51.250.96.61:55926 - "GET /api/wobblers/1 HTTP/1.1" 200 OK
INFO:     51.250.96.61:55932 - "GET /api/wobblers/1 HTTP/1.1" 200 OK
INFO:     51.250.96.61:55934 - "GET /api/wobblers/1 HTTP/1.1" 200 OK
INFO:     51.250.96.61:55942 - "GET /api/wobblers/1 HTTP/1.1" 200 OK
INFO:     51.250.96.61:36598 - "GET /api/wobblers/1 HTTP/1.1" 200 OK
INFO:     162.142.125.11:39704 - "GET / HTTP/1.1" 200 OK
WARNING:  Invalid HTTP request received.
INFO:     162.142.125.11:44500 - "GET /favicon.ico HTTP/1.1" 404 Not Found
INFO:     51.250.96.61:57874 - "GET /api/wobblers/1 HTTP/1.1" 200 OK
INFO:     51.250.96.61:48836 - "GET /api/wobblers/1 HTTP/1.1" 200 OK
INFO:     51.250.96.61:58608 - "GET /api/wobblers/1 HTTP/1.1" 200 OK
INFO:     51.250.96.61:55764 - "GET /api/wobblers/1 HTTP/1.1" 200 OK
INFO:     51.250.96.61:55764 - "GET /api/wobblers/1 HTTP/1.1" 200 OK
INFO:     51.250.96.61:55764 - "GET /api/wobblers/1 HTTP/1.1" 200 OK
INFO:     51.250.96.61:55764 - "GET /api/wobblers/1 HTTP/1.1" 200 OK
INFO:     51.250.96.61:46982 - "GET /api/wobblers/1 HTTP/1.1" 200 OK
INFO:     51.250.96.61:53662 - "GET /api/wobblers/1 HTTP/1.1" 200 OK
INFO:     51.250.96.61:39686 - "GET /api/wobblers/1 HTTP/1.1" 200 OK
INFO:     51.250.96.61:45544 - "GET /api/wobblers/1 HTTP/1.1" 200 OK
INFO:     51.250.96.61:45544 - "GET /api/wobblers/1 HTTP/1.1" 200 OK
INFO:     51.250.96.61:45544 - "GET /api/wobblers/1 HTTP/1.1" 200 OK
INFO:     51.250.96.61:45544 - "GET /api/wobblers/1 HTTP/1.1" 200 OK
INFO:     198.211.99.200:30521 - "GET / HTTP/1.0" 200 OK
WARNING:  Invalid HTTP request received.
INFO:     134.209.68.189:2028 - "GET /query?q=SHOW+DIAGNOSTICS HTTP/1.1" 404 Not Found
INFO:     147.182.172.151:32032 - "GET /cgi-bin/authLogin.cgi HTTP/1.1" 404 Not Found
INFO:     192.34.62.170:3660 - "GET /solr/admin/info/system HTTP/1.1" 404 Not Found
INFO:     147.182.128.176:21584 - "GET /v2/_catalog HTTP/1.1" 404 Not Found
WARNING:  Invalid HTTP request received.
WARNING:  Invalid HTTP request received.
INFO:     192.34.62.170:3662 - "GET /solr/admin/cores?action=STATUS&wt=json HTTP/1.1" 404 Not Found
WARNING:  Invalid HTTP request received.
INFO:     165.22.186.56:21205 - "GET / HTTP/1.0" 200 OK
INFO:     206.189.226.31:26594 - "GET /query?q=SHOW+DIAGNOSTICS HTTP/1.1" 404 Not Found
INFO:     157.245.81.234:7044 - "GET /solr/admin/info/system HTTP/1.1" 404 Not Found
INFO:     167.99.228.173:18894 - "GET /v2/_catalog HTTP/1.1" 404 Not Found
WARNING:  Invalid HTTP request received.
INFO:     159.223.132.235:25102 - "GET /cgi-bin/authLogin.cgi HTTP/1.1" 404 Not Found
WARNING:  Invalid HTTP request received.
INFO:     157.245.81.234:7056 - "GET /solr/admin/cores?action=STATUS&wt=json HTTP/1.1" 404 Not Found
WARNING:  Invalid HTTP request received.
WARNING:  Invalid HTTP request received.
WARNING:  Invalid HTTP request received.
INFO:     51.250.96.61:38790 - "GET /api/wobblers/1 HTTP/1.1" 200 OK
INFO:     142.93.48.159:43648 - "GET / HTTP/1.1" 200 OK
INFO:     52.76.71.100:40618 - "GET /favicon.ico HTTP/1.1" 404 Not Found
INFO:     51.250.96.61:50594 - "GET /api/wobblers/1 HTTP/1.1" 200 OK
INFO:     51.250.96.61:41010 - "GET /api/wobblers/1 HTTP/1.1" 200 OK
INFO:     51.250.96.61:45466 - "GET /api/wobblers/1 HTTP/1.1" 200 OK
INFO:     51.250.96.61:48460 - "GET /api/wobblers/1 HTTP/1.1" 200 OK
INFO:     51.250.96.61:56968 - "GET /api/wobblers/1 HTTP/1.1" 200 OK
INFO:     51.250.96.61:51226 - "GET /api/wobblers/1 HTTP/1.1" 200 OK
INFO:     51.250.96.61:38656 - "GET /api/wobblers/1 HTTP/1.1" 200 OK
INFO:     51.250.96.61:51346 - "GET /api/wobblers/1 HTTP/1.1" 200 OK
INFO:     51.250.96.61:59802 - "GET /api/wobblers/1 HTTP/1.1" 200 OK
INFO:     51.250.96.61:50040 - "GET /api/wobblers/1 HTTP/1.1" 200 OK
INFO:     51.250.96.61:43510 - "GET /api/wobblers/1 HTTP/1.1" 200 OK
INFO:     51.250.96.61:43510 - "GET /api/wobblers/1 HTTP/1.1" 200 OK
INFO:     51.250.96.61:43510 - "GET /api/wobblers/1 HTTP/1.1" 200 OK
INFO:     51.250.96.61:43510 - "GET /api/wobblers/1 HTTP/1.1" 200 OK
INFO:     51.250.96.61:49030 - "GET /api/wobblers/1 HTTP/1.1" 200 OK
INFO:     51.250.96.61:60738 - "GET /api/wobblers/1 HTTP/1.1" 200 OK
INFO:     51.250.96.61:36090 - "GET /api/wobblers/1 HTTP/1.1" 200 OK
INFO:     51.250.96.61:42366 - "GET /api/wobblers/1 HTTP/1.1" 200 OK
INFO:     51.250.96.61:38030 - "GET /api/wobblers/1 HTTP/1.1" 200 OK
INFO:     51.250.96.61:33794 - "GET /api/wobblers/1 HTTP/1.1" 200 OK
INFO:     51.250.96.61:36434 - "GET /api/wobblers/1 HTTP/1.1" 200 OK
INFO:     51.250.96.61:35668 - "GET /api/wobblers/1 HTTP/1.1" 200 OK
INFO:     51.250.96.61:58450 - "GET /api/wobblers/1 HTTP/1.1" 200 OK
INFO:     51.250.96.61:58008 - "GET /api/wobblers/1 HTTP/1.1" 200 OK
INFO:     51.250.96.61:34440 - "GET /api/wobblers/1 HTTP/1.1" 200 OK
INFO:     51.250.96.61:43942 - "GET /api/wobblers/1 HTTP/1.1" 200 OK
INFO:     51.250.96.61:37552 - "GET /api/wobblers/1 HTTP/1.1" 200 OK
INFO:     51.250.96.61:33492 - "GET /api/wobblers/1 HTTP/1.1" 200 OK
INFO:     51.250.96.61:58768 - "GET /api/wobblers/1 HTTP/1.1" 200 OK
INFO:     51.250.96.61:49168 - "GET /api/wobblers/1 HTTP/1.1" 200 OK
INFO:     51.250.96.61:44342 - "GET /api/wobblers/1 HTTP/1.1" 200 OK
INFO:     51.250.96.61:34088 - "GET /api/wobblers/1 HTTP/1.1" 200 OK
INFO:     51.250.96.61:35952 - "GET /api/wobblers/1 HTTP/1.1" 200 OK
INFO:     51.250.96.61:56136 - "GET /api/wobblers/1 HTTP/1.1" 200 OK
INFO:     159.223.136.191:47086 - "GET / HTTP/1.1" 200 OK
INFO:     52.76.71.100:62535 - "GET /favicon.ico HTTP/1.1" 404 Not Found
INFO:     51.250.96.61:40396 - "GET /api/wobblers/1 HTTP/1.1" 200 OK
INFO:     51.250.96.61:40396 - "GET /api/wobblers/1 HTTP/1.1" 200 OK
INFO:     51.250.96.61:44494 - "GET /api/wobblers/1 HTTP/1.1" 200 OK
INFO:     51.250.96.61:44494 - "GET /api/wobblers/1 HTTP/1.1" 200 OK
INFO:     51.250.96.61:44494 - "GET /api/wobblers/1 HTTP/1.1" 200 OK
INFO:     51.250.96.61:44494 - "GET /api/wobblers/1 HTTP/1.1" 200 OK
INFO:     51.250.96.61:39756 - "GET /api/wobblers/1 HTTP/1.1" 200 OK
INFO:     51.250.96.61:57450 - "GET /api/wobblers/1 HTTP/1.1" 200 OK
INFO:     51.250.96.61:57450 - "GET /api/wobblers/1 HTTP/1.1" 200 OK
INFO:     51.250.96.61:57466 - "GET /api/wobblers/1 HTTP/1.1" 200 OK
INFO:     51.250.96.61:57470 - "GET /api/wobblers/1 HTTP/1.1" 200 OK
INFO:     51.250.96.61:57470 - "GET /api/wobblers/1 HTTP/1.1" 200 OK
INFO:     51.250.96.61:57470 - "GET /api/wobblers/1 HTTP/1.1" 200 OK
INFO:     51.250.96.61:57470 - "GET /api/wobblers/1 HTTP/1.1" 200 OK
INFO:     51.250.96.61:57470 - "GET /api/wobblers/1 HTTP/1.1" 200 OK
INFO:     51.250.96.61:57470 - "GET /api/wobblers/1 HTTP/1.1" 200 OK
INFO:     51.250.96.61:57470 - "GET /api/wobblers/1 HTTP/1.1" 200 OK
INFO:     51.250.96.61:57470 - "GET /api/wobblers/1 HTTP/1.1" 200 OK
INFO:     51.250.96.61:57470 - "GET /api/wobblers/1 HTTP/1.1" 200 OK
INFO:     51.250.96.61:57466 - "GET /api/wobblers/1 HTTP/1.1" 200 OK
INFO:     51.250.96.61:57450 - "GET /api/wobblers/1 HTTP/1.1" 200 OK
INFO:     51.250.96.61:57470 - "GET /api/wobblers/1 HTTP/1.1" 200 OK
INFO:     51.250.96.61:57470 - "GET /api/wobblers/1 HTTP/1.1" 200 OK
INFO:     51.250.96.61:57450 - "GET /api/wobblers/1 HTTP/1.1" 200 OK
INFO:     51.250.96.61:57450 - "GET /api/wobblers/1 HTTP/1.1" 200 OK
INFO:     51.250.96.61:57450 - "GET /api/wobblers/1 HTTP/1.1" 200 OK
INFO:     51.250.96.61:57450 - "GET /api/wobblers/1 HTTP/1.1" 200 OK
INFO:     51.250.96.61:48242 - "GET /api/wobblers/1 HTTP/1.1" 200 OK
INFO:     51.250.96.61:48242 - "GET /api/wobblers/1 HTTP/1.1" 200 OK
INFO:     51.250.96.61:57450 - "GET /api/wobblers/1 HTTP/1.1" 200 OK
INFO:     51.250.96.61:57450 - "GET /api/wobblers/1 HTTP/1.1" 200 OK
INFO:     51.250.96.61:57450 - "GET /api/wobblers/1 HTTP/1.1" 200 OK
INFO:     51.250.96.61:57450 - "GET /api/wobblers/1 HTTP/1.1" 200 OK
INFO:     51.250.96.61:57450 - "GET /api/wobblers/1 HTTP/1.1" 200 OK
INFO:     51.250.96.61:57450 - "GET /api/wobblers/1 HTTP/1.1" 200 OK
INFO:     51.250.96.61:57450 - "GET /api/wobblers/1 HTTP/1.1" 200 OK
INFO:     51.250.96.61:57450 - "GET /api/wobblers/1 HTTP/1.1" 200 OK
INFO:     51.250.96.61:57450 - "GET /api/wobblers/1 HTTP/1.1" 200 OK
INFO:     51.250.96.61:57450 - "GET /api/wobblers/1 HTTP/1.1" 200 OK
INFO:     51.250.96.61:57450 - "GET /api/wobblers/1 HTTP/1.1" 200 OK
INFO:     51.250.96.61:57450 - "GET /api/wobblers/1 HTTP/1.1" 200 OK
INFO:     51.250.96.61:57450 - "GET /api/wobblers/1 HTTP/1.1" 200 OK
INFO:     51.250.96.61:55528 - "GET /api/wobblers/1 HTTP/1.1" 200 OK
INFO:     51.250.96.61:55528 - "GET /api/wobblers/1 HTTP/1.1" 200 OK
INFO:     51.250.96.61:55528 - "GET /api/wobblers/1 HTTP/1.1" 200 OK
INFO:     51.250.96.61:55528 - "GET /api/wobblers/1 HTTP/1.1" 200 OK
INFO:     51.250.96.61:55528 - "GET /api/wobblers/1 HTTP/1.1" 200 OK
INFO:     51.250.96.61:55528 - "GET /api/wobblers/1 HTTP/1.1" 200 OK
INFO:     51.250.96.61:55528 - "GET /api/wobblers/1 HTTP/1.1" 200 OK
INFO:     51.250.96.61:57450 - "GET /api/wobblers/1 HTTP/1.1" 200 OK
INFO:     51.250.96.61:55540 - "GET /api/wobblers/1 HTTP/1.1" 200 OK
INFO:     51.250.96.61:55548 - "GET /api/wobblers/1 HTTP/1.1" 200 OK
INFO:     51.250.96.61:55562 - "GET /api/wobblers/1 HTTP/1.1" 200 OK
INFO:     51.250.96.61:55566 - "GET /api/wobblers/1 HTTP/1.1" 200 OK
INFO:     51.250.96.61:55582 - "GET /api/wobblers/1 HTTP/1.1" 200 OK
INFO:     51.250.96.61:55528 - "GET /api/wobblers/1 HTTP/1.1" 200 OK
INFO:     51.250.96.61:55548 - "GET /api/wobblers/1 HTTP/1.1" 200 OK
INFO:     51.250.96.61:55562 - "GET /api/wobblers/1 HTTP/1.1" 200 OK
INFO:     51.250.96.61:55566 - "GET /api/wobblers/1 HTTP/1.1" 200 OK
INFO:     51.250.96.61:55566 - "GET /api/wobblers/1 HTTP/1.1" 200 OK
INFO:     51.250.96.61:55566 - "GET /api/wobblers/1 HTTP/1.1" 200 OK
INFO:     51.250.96.61:55566 - "GET /api/wobblers/1 HTTP/1.1" 200 OK
INFO:     51.250.96.61:55566 - "GET /api/wobblers/1 HTTP/1.1" 200 OK
INFO:     51.250.96.61:55566 - "GET /api/wobblers/1 HTTP/1.1" 200 OK
INFO:     51.250.96.61:55566 - "GET /api/wobblers/1 HTTP/1.1" 200 OK
INFO:     51.250.96.61:43588 - "GET /api/wobblers/1 HTTP/1.1" 200 OK
INFO:     51.250.96.61:55566 - "GET /api/wobblers/1 HTTP/1.1" 200 OK
INFO:     51.250.96.61:55566 - "GET /api/wobblers/1 HTTP/1.1" 200 OK
INFO:     51.250.96.61:55566 - "GET /api/wobblers/1 HTTP/1.1" 200 OK
INFO:     51.250.96.61:55566 - "GET /api/wobblers/1 HTTP/1.1" 200 OK
INFO:     51.250.96.61:43588 - "GET /api/wobblers/1 HTTP/1.1" 200 OK
INFO:     51.250.96.61:46112 - "GET /api/wobblers/1 HTTP/1.1" 200 OK
INFO:     51.250.96.61:46042 - "GET /api/wobblers/1 HTTP/1.1" 200 OK
INFO:     51.250.96.61:58560 - "GET /api/wobblers/1 HTTP/1.1" 200 OK
INFO:     51.250.96.61:38260 - "GET /api/wobblers/1 HTTP/1.1" 200 OK
INFO:     51.250.96.61:38260 - "GET /api/wobblers/1 HTTP/1.1" 200 OK
INFO:     51.250.96.61:38260 - "GET /api/wobblers/1 HTTP/1.1" 200 OK
INFO:     51.250.96.61:38260 - "GET /api/wobblers/1 HTTP/1.1" 200 OK
INFO:     51.250.96.61:38260 - "GET /api/wobblers/1 HTTP/1.1" 200 OK
INFO:     51.250.96.61:38260 - "GET /api/wobblers/1 HTTP/1.1" 200 OK
INFO:     51.250.96.61:38260 - "GET /api/wobblers/1 HTTP/1.1" 200 OK
INFO:     51.250.96.61:45774 - "GET /api/wobblers/1 HTTP/1.1" 200 OK
INFO:     51.250.96.61:45774 - "GET /api/wobblers/1 HTTP/1.1" 200 OK
INFO:     51.250.96.61:45774 - "GET /api/wobblers/1 HTTP/1.1" 200 OK
INFO:     51.250.96.61:45774 - "GET /api/wobblers/1 HTTP/1.1" 200 OK
INFO:     51.250.96.61:45774 - "GET /api/wobblers/1 HTTP/1.1" 200 OK
INFO:     51.250.96.61:45774 - "GET /api/wobblers/1 HTTP/1.1" 200 OK
INFO:     51.250.96.61:45774 - "GET /api/wobblers/1 HTTP/1.1" 200 OK
INFO:     51.250.96.61:45774 - "GET /api/wobblers/1 HTTP/1.1" 200 OK
INFO:     51.250.96.61:38260 - "GET /api/wobblers/1 HTTP/1.1" 200 OK
INFO:     51.250.96.61:38260 - "GET /api/wobblers/1 HTTP/1.1" 200 OK
INFO:     51.250.96.61:38260 - "GET /api/wobblers/1 HTTP/1.1" 200 OK
INFO:     51.250.96.61:38260 - "GET /api/wobblers/1 HTTP/1.1" 200 OK
INFO:     51.250.96.61:38260 - "GET /api/wobblers/1 HTTP/1.1" 200 OK
INFO:     51.250.96.61:38260 - "GET /api/wobblers/1 HTTP/1.1" 200 OK
INFO:     51.250.96.61:38260 - "GET /api/wobblers/1 HTTP/1.1" 200 OK
INFO:     51.250.96.61:38260 - "GET /api/wobblers/1 HTTP/1.1" 200 OK
INFO:     51.250.96.61:38260 - "GET /api/wobblers/1 HTTP/1.1" 200 OK
INFO:     51.250.96.61:38260 - "GET /api/wobblers/1 HTTP/1.1" 200 OK
INFO:     51.250.96.61:38260 - "GET /api/wobblers/1 HTTP/1.1" 200 OK
INFO:     51.250.96.61:38260 - "GET /api/wobblers/1 HTTP/1.1" 200 OK
INFO:     51.250.96.61:38260 - "GET /api/wobblers/1 HTTP/1.1" 200 OK
INFO:     51.250.96.61:38260 - "GET /api/wobblers/1 HTTP/1.1" 200 OK
INFO:     51.250.96.61:38260 - "GET /api/wobblers/1 HTTP/1.1" 200 OK
INFO:     51.250.96.61:38260 - "GET /api/wobblers/1 HTTP/1.1" 200 OK
INFO:     51.250.96.61:38260 - "GET /api/wobblers/1 HTTP/1.1" 200 OK
INFO:     51.250.96.61:38260 - "GET /api/wobblers/1 HTTP/1.1" 200 OK
INFO:     51.250.96.61:38260 - "GET /api/wobblers/1 HTTP/1.1" 200 OK
INFO:     51.250.96.61:38260 - "GET /api/wobblers/1 HTTP/1.1" 200 OK
INFO:     51.250.96.61:38260 - "GET /api/wobblers/1 HTTP/1.1" 200 OK
INFO:     51.250.96.61:38260 - "GET /api/wobblers/1 HTTP/1.1" 200 OK
INFO:     51.250.96.61:38260 - "GET /api/wobblers/1 HTTP/1.1" 200 OK
INFO:     51.250.96.61:38260 - "GET /api/wobblers/1 HTTP/1.1" 200 OK
INFO:     51.250.96.61:38260 - "GET /api/wobblers/1 HTTP/1.1" 200 OK
INFO:     51.250.96.61:38260 - "GET /api/wobblers/1 HTTP/1.1" 200 OK
INFO:     51.250.96.61:47610 - "GET /api/wobblers/1 HTTP/1.1" 200 OK
INFO:     51.250.96.61:44712 - "GET /api/wobblers/1 HTTP/1.1" 200 OK
INFO:     51.250.96.61:42158 - "GET /api/wobblers/1 HTTP/1.1" 200 OK
INFO:     51.250.96.61:52226 - "GET /api/wobblers/1 HTTP/1.1" 200 OK
INFO:     51.250.96.61:47732 - "GET /api/wobblers/1 HTTP/1.1" 200 OK
INFO:     46.34.192.18:6352 - "GET /api/wobblers/1 HTTP/1.1" 200 OK
INFO:     51.250.96.61:45242 - "GET /api/wobblers/1 HTTP/1.1" 200 OK
INFO:     51.250.96.61:45258 - "GET /api/wobblers/1 HTTP/1.1" 200 OK
INFO:     2.133.26.116:50514 - "GET /api/wobblers/1 HTTP/1.1" 200 OK
INFO:     2.133.26.116:50524 - "GET /api/wobblers/1 HTTP/1.1" 200 OK
INFO:     2.133.26.116:50524 - "GET /api/wobblers/1 HTTP/1.1" 200 OK
INFO:     51.250.96.61:33874 - "GET /api/wobblers/1 HTTP/1.1" 200 OK
INFO:     87.247.12.74:54066 - "GET /api/wobblers/1 HTTP/1.1" 200 OK
INFO:     87.247.12.74:54066 - "GET /api/wobblers/1 HTTP/1.1" 200 OK
INFO:     51.250.96.61:48566 - "GET /api/breakages/1 HTTP/1.1" 500 Internal Server Error
ERROR:    Exception in ASGI application
Traceback (most recent call last):
  File "/home/smartview/miniconda3/lib/python3.12/site-packages/sqlalchemy/engine/base.py", line 1967, in _exec_single_context
    self.dialect.do_execute(
  File "/home/smartview/miniconda3/lib/python3.12/site-packages/sqlalchemy/engine/default.py", line 924, in do_execute
    cursor.execute(statement, parameters)
psycopg2.OperationalError: SSL SYSCALL error: EOF detected


The above exception was the direct cause of the following exception:

Traceback (most recent call last):
  File "/home/smartview/miniconda3/lib/python3.12/site-packages/uvicorn/protocols/http/httptools_impl.py", line 411, in run_asgi
    result = await app(  # type: ignore[func-returns-value]
             ^^^^^^^^^^^^^^^^^^^^^^^^^^^^^^^^^^^^^^^^^^^^^^
  File "/home/smartview/miniconda3/lib/python3.12/site-packages/uvicorn/middleware/proxy_headers.py", line 69, in __call__
    return await self.app(scope, receive, send)
           ^^^^^^^^^^^^^^^^^^^^^^^^^^^^^^^^^^^^
  File "/home/smartview/miniconda3/lib/python3.12/site-packages/fastapi/applications.py", line 1054, in __call__
    await super().__call__(scope, receive, send)
  File "/home/smartview/miniconda3/lib/python3.12/site-packages/starlette/applications.py", line 123, in __call__
    await self.middleware_stack(scope, receive, send)
  File "/home/smartview/miniconda3/lib/python3.12/site-packages/starlette/middleware/errors.py", line 186, in __call__
    raise exc
  File "/home/smartview/miniconda3/lib/python3.12/site-packages/starlette/middleware/errors.py", line 164, in __call__
    await self.app(scope, receive, _send)
  File "/home/smartview/miniconda3/lib/python3.12/site-packages/starlette/middleware/cors.py", line 85, in __call__
    await self.app(scope, receive, send)
  File "/home/smartview/miniconda3/lib/python3.12/site-packages/starlette/middleware/exceptions.py", line 65, in __call__
    await wrap_app_handling_exceptions(self.app, conn)(scope, receive, send)
  File "/home/smartview/miniconda3/lib/python3.12/site-packages/starlette/_exception_handler.py", line 64, in wrapped_app
    raise exc
  File "/home/smartview/miniconda3/lib/python3.12/site-packages/starlette/_exception_handler.py", line 53, in wrapped_app
    await app(scope, receive, sender)
  File "/home/smartview/miniconda3/lib/python3.12/site-packages/starlette/routing.py", line 756, in __call__
    await self.middleware_stack(scope, receive, send)
  File "/home/smartview/miniconda3/lib/python3.12/site-packages/starlette/routing.py", line 776, in app
    await route.handle(scope, receive, send)
  File "/home/smartview/miniconda3/lib/python3.12/site-packages/starlette/routing.py", line 297, in handle
    await self.app(scope, receive, send)
  File "/home/smartview/miniconda3/lib/python3.12/site-packages/starlette/routing.py", line 77, in app
    await wrap_app_handling_exceptions(app, request)(scope, receive, send)
  File "/home/smartview/miniconda3/lib/python3.12/site-packages/starlette/_exception_handler.py", line 64, in wrapped_app
    raise exc
  File "/home/smartview/miniconda3/lib/python3.12/site-packages/starlette/_exception_handler.py", line 53, in wrapped_app
    await app(scope, receive, sender)
  File "/home/smartview/miniconda3/lib/python3.12/site-packages/starlette/routing.py", line 72, in app
    response = await func(request)
               ^^^^^^^^^^^^^^^^^^^
  File "/home/smartview/miniconda3/lib/python3.12/site-packages/fastapi/routing.py", line 278, in app
    raw_response = await run_endpoint_function(
                   ^^^^^^^^^^^^^^^^^^^^^^^^^^^^
  File "/home/smartview/miniconda3/lib/python3.12/site-packages/fastapi/routing.py", line 191, in run_endpoint_function
    return await dependant.call(**values)
           ^^^^^^^^^^^^^^^^^^^^^^^^^^^^^^
  File "/home/smartview/smartview-api/api.py", line 162, in get_breakages
    breakages = db.query(Breakage).filter(Breakage.heap_leaching_pad_id==heap_leaching_pad_id).all()
                ^^^^^^^^^^^^^^^^^^^^^^^^^^^^^^^^^^^^^^^^^^^^^^^^^^^^^^^^^^^^^^^^^^^^^^^^^^^^^^^^^^^^
  File "/home/smartview/miniconda3/lib/python3.12/site-packages/sqlalchemy/orm/query.py", line 2673, in all
    return self._iter().all()  # type: ignore
           ^^^^^^^^^^^^
  File "/home/smartview/miniconda3/lib/python3.12/site-packages/sqlalchemy/orm/query.py", line 2827, in _iter
    result: Union[ScalarResult[_T], Result[_T]] = self.session.execute(
                                                  ^^^^^^^^^^^^^^^^^^^^^
  File "/home/smartview/miniconda3/lib/python3.12/site-packages/sqlalchemy/orm/session.py", line 2351, in execute
    return self._execute_internal(
           ^^^^^^^^^^^^^^^^^^^^^^^
  File "/home/smartview/miniconda3/lib/python3.12/site-packages/sqlalchemy/orm/session.py", line 2236, in _execute_internal
    result: Result[Any] = compile_state_cls.orm_execute_statement(
                          ^^^^^^^^^^^^^^^^^^^^^^^^^^^^^^^^^^^^^^^^
  File "/home/smartview/miniconda3/lib/python3.12/site-packages/sqlalchemy/orm/context.py", line 293, in orm_execute_statement
    result = conn.execute(
             ^^^^^^^^^^^^^
  File "/home/smartview/miniconda3/lib/python3.12/site-packages/sqlalchemy/engine/base.py", line 1418, in execute
    return meth(
           ^^^^^
  File "/home/smartview/miniconda3/lib/python3.12/site-packages/sqlalchemy/sql/elements.py", line 515, in _execute_on_connection
    return connection._execute_clauseelement(
           ^^^^^^^^^^^^^^^^^^^^^^^^^^^^^^^^^^
  File "/home/smartview/miniconda3/lib/python3.12/site-packages/sqlalchemy/engine/base.py", line 1640, in _execute_clauseelement
    ret = self._execute_context(
          ^^^^^^^^^^^^^^^^^^^^^^
  File "/home/smartview/miniconda3/lib/python3.12/site-packages/sqlalchemy/engine/base.py", line 1846, in _execute_context
    return self._exec_single_context(
           ^^^^^^^^^^^^^^^^^^^^^^^^^^
  File "/home/smartview/miniconda3/lib/python3.12/site-packages/sqlalchemy/engine/base.py", line 1986, in _exec_single_context
    self._handle_dbapi_exception(
  File "/home/smartview/miniconda3/lib/python3.12/site-packages/sqlalchemy/engine/base.py", line 2353, in _handle_dbapi_exception
    raise sqlalchemy_exception.with_traceback(exc_info[2]) from e
  File "/home/smartview/miniconda3/lib/python3.12/site-packages/sqlalchemy/engine/base.py", line 1967, in _exec_single_context
    self.dialect.do_execute(
  File "/home/smartview/miniconda3/lib/python3.12/site-packages/sqlalchemy/engine/default.py", line 924, in do_execute
    cursor.execute(statement, parameters)
sqlalchemy.exc.OperationalError: (psycopg2.OperationalError) SSL SYSCALL error: EOF detected

[SQL: SELECT breakages.id AS breakages_id, breakages.wobbler_id AS breakages_wobbler_id, breakages.time_of_detection AS breakages_time_of_detection, breakages.time_of_repair AS breakages_time_of_repair, breakages.status AS breakages_status, breakages.is_last_breakage AS breakages_is_last_breakage, breakages.heap_leaching_pad_id AS breakages_heap_leaching_pad_id, breakages.flight_id AS breakages_flight_id 
FROM breakages 
WHERE breakages.heap_leaching_pad_id = %(heap_leaching_pad_id_1)s]
[parameters: {'heap_leaching_pad_id_1': 1}]
(Background on this error at: https://sqlalche.me/e/20/e3q8)
INFO:     51.250.96.61:48592 - "GET /api/flights/last/breakages/1 HTTP/1.1" 200 OK
INFO:     51.250.96.61:48578 - "GET /api/flights/1 HTTP/1.1" 200 OK
INFO:     51.250.96.61:48592 - "GET /api/efficiency/1 HTTP/1.1" 200 OK
INFO:     51.250.96.61:48592 - "GET /api/breakages/repeating/1 HTTP/1.1" 200 OK
INFO:     87.247.12.74:54066 - "GET /api/map/1 HTTP/1.1" 200 OK
INFO:     87.247.12.74:54066 - "GET /api/flights/last/1 HTTP/1.1" 200 OK
INFO:     91.147.92.182:55353 - "GET /api/wobblers/1 HTTP/1.1" 200 OK
INFO:     91.147.92.182:55353 - "GET /api/wobblers/1 HTTP/1.1" 200 OK
INFO:     51.250.96.61:44346 - "GET /api/flights/1 HTTP/1.1" 200 OK
INFO:     51.250.96.61:44344 - "GET /api/breakages/1 HTTP/1.1" 200 OK
INFO:     51.250.96.61:44350 - "GET /api/flights/last/breakages/1 HTTP/1.1" 200 OK
INFO:     51.250.96.61:44350 - "GET /api/efficiency/1 HTTP/1.1" 200 OK
INFO:     51.250.96.61:44350 - "GET /api/breakages/repeating/1 HTTP/1.1" 200 OK
INFO:     91.147.92.182:55353 - "GET /api/map/1 HTTP/1.1" 200 OK
INFO:     91.147.92.182:55353 - "GET /api/flights/last/1 HTTP/1.1" 200 OK
INFO:     51.250.96.61:49414 - "GET /api/wobblers/1 HTTP/1.1" 200 OK
ffmpeg version 4.2.7-0ubuntu0.1 Copyright (c) 2000-2022 the FFmpeg developers
  built with gcc 9 (Ubuntu 9.4.0-1ubuntu1~20.04.1)
  configuration: --prefix=/usr --extra-version=0ubuntu0.1 --toolchain=hardened --libdir=/usr/lib/x86_64-linux-gnu --incdir=/usr/include/x86_64-linux-gnu --arch=amd64 --enable-gpl --disable-stripping --enable-avresample --disable-filter=resample --enable-avisynth --enable-gnutls --enable-ladspa --enable-libaom --enable-libass --enable-libbluray --enable-libbs2b --enable-libcaca --enable-libcdio --enable-libcodec2 --enable-libflite --enable-libfontconfig --enable-libfreetype --enable-libfribidi --enable-libgme --enable-libgsm --enable-libjack --enable-libmp3lame --enable-libmysofa --enable-libopenjpeg --enable-libopenmpt --enable-libopus --enable-libpulse --enable-librsvg --enable-librubberband --enable-libshine --enable-libsnappy --enable-libsoxr --enable-libspeex --enable-libssh --enable-libtheora --enable-libtwolame --enable-libvidstab --enable-libvorbis --enable-libvpx --enable-libwavpack --enable-libwebp --enable-libx265 --enable-libxml2 --enable-libxvid --enable-libzmq --enable-libzvbi --enable-lv2 --enable-omx --enable-openal --enable-opencl --enable-opengl --enable-sdl2 --enable-libdc1394 --enable-libdrm --enable-libiec61883 --enable-nvenc --enable-chromaprint --enable-frei0r --enable-libx264 --enable-shared
  libavutil      56. 31.100 / 56. 31.100
  libavcodec     58. 54.100 / 58. 54.100
  libavformat    58. 29.100 / 58. 29.100
  libavdevice    58.  8.100 / 58.  8.100
  libavfilter     7. 57.100 /  7. 57.100
  libavresample   4.  0.  0 /  4.  0.  0
  libswscale      5.  5.100 /  5.  5.100
  libswresample   3.  5.100 /  3.  5.100
  libpostproc    55.  5.100 / 55.  5.100
Input #0, mov,mp4,m4a,3gp,3g2,mj2, from './MAX_0007.MP4':
  Metadata:
    major_brand     : isom
    minor_version   : 512
    compatible_brands: isomiso2avc1mp41
    creation_time   : 2024-05-21T12:15:20.000000Z
    encoder         : Lavf58.20.100
  Duration: 00:04:45.97, start: 0.000000, bitrate: 61456 kb/s
    Stream #0:0(und): Video: h264 (High) (avc1 / 0x31637661), yuvj420p(pc, bt709), 1920x1080, 61453 kb/s, 30 fps, 30 tbr, 90k tbn, 180k tbc (default)
    Metadata:
      creation_time   : 2024-05-21T12:15:20.000000Z
      handler_name    : Autel.Video
    Stream #0:1(und): Subtitle: mov_text (text / 0x74786574), 1 kb/s (default)
    Metadata:
      creation_time   : 2024-05-21T12:15:20.000000Z
      handler_name    : Autel.Subtitle
Output #0, srt, to './MAX_0007.MP4.SRT':
  Metadata:
    major_brand     : isom
    minor_version   : 512
    compatible_brands: isomiso2avc1mp41
    encoder         : Lavf58.29.100
    Stream #0:0(und): Subtitle: subrip (srt) (default)
    Metadata:
      creation_time   : 2024-05-21T12:15:20.000000Z
      handler_name    : Autel.Subtitle
      encoder         : Lavc58.54.100 srt
Stream mapping:
  Stream #0:1 -> #0:0 (mov_text (native) -> subrip (srt))
Press [q] to stop, [?] for help
size=      65kB time=00:04:44.00 bitrate=   1.9kbits/s speed=3.8e+04x    
video:0kB audio:0kB subtitle:55kB other streams:0kB global headers:0kB muxing overhead: 17.957018%
test
Subtitle file extracted: ./MAX_0007.MP4.SRT
The width: 0.0006568000000086727, the height: 0.0010316000000045733
The width: 509, the height: 800
test
The width: 0.0006568000000086727, the height: 0.0010316000000045733
The width: 509, the height: 800
Log at 2024-05-21 07:16:31
Video videos/dataset/wobbler_0.avi verified with exactly 16 frames.
Log at 2024-05-21 07:15:28
Video videos/dataset/wobbler_1.avi verified with exactly 16 frames.
Log at 2024-05-21 07:15:31
Video videos/dataset/wobbler_2.avi verified with exactly 16 frames.
Log at 2024-05-21 07:15:43
Video videos/dataset/wobbler_3.avi verified with exactly 16 frames.
Log at 2024-05-21 07:15:43
Video videos/dataset/wobbler_4.avi verified with exactly 16 frames.
Log at 2024-05-21 07:15:52
Video videos/dataset/wobbler_5.avi verified with exactly 16 frames.
Log at 2024-05-21 07:15:52
Video videos/dataset/wobbler_6.avi verified with exactly 16 frames.
Log at 2024-05-21 07:17:21
Video videos/dataset/wobbler_7.avi verified with exactly 16 frames.
Log at 2024-05-21 07:17:21
Video videos/dataset/wobbler_8.avi verified with exactly 16 frames.
Log at 2024-05-21 07:16:17
Video videos/dataset/wobbler_9.avi verified with exactly 16 frames.
Log at 2024-05-21 07:17:05
Video videos/dataset/wobbler_10.avi verified with exactly 16 frames.
Log at 2024-05-21 07:17:05
Video videos/dataset/wobbler_11.avi verified with exactly 16 frames.
Log at 2024-05-21 07:17:07
Video videos/dataset/wobbler_12.avi verified with exactly 16 frames.
Log at 2024-05-21 07:17:00
Video videos/dataset/wobbler_13.avi verified with exactly 16 frames.
Log at 2024-05-21 07:16:26
Video videos/dataset/wobbler_14.avi verified with exactly 16 frames.
Log at 2024-05-21 07:16:55
Video videos/dataset/wobbler_15.avi verified with exactly 16 frames.
Log at 2024-05-21 07:16:28
Video videos/dataset/wobbler_16.avi verified with exactly 16 frames.
Log at 2024-05-21 07:16:38
Video videos/dataset/wobbler_17.avi verified with exactly 16 frames.
Log at 2024-05-21 07:16:47
Video videos/dataset/wobbler_18.avi verified with exactly 16 frames.
Log at 2024-05-21 07:16:50
Video videos/dataset/wobbler_19.avi verified with exactly 16 frames.
Log at 2024-05-21 07:16:52
Video videos/dataset/wobbler_20.avi verified with exactly 16 frames.
Log at 2024-05-21 07:17:14
Video videos/dataset/wobbler_21.avi verified with exactly 16 frames.
Log at 2024-05-21 07:17:29
Video videos/dataset/wobbler_22.avi verified with exactly 16 frames.
Log at 2024-05-21 07:17:31
Video videos/dataset/wobbler_23.avi verified with exactly 16 frames.
Log at 2024-05-21 07:17:34
Video videos/dataset/wobbler_24.avi verified with exactly 16 frames.
Log at 2024-05-21 07:17:36
Video videos/dataset/wobbler_25.avi verified with exactly 16 frames.
Log at 2024-05-21 07:17:38
Video videos/dataset/wobbler_26.avi verified with exactly 16 frames.
Log at 2024-05-21 07:17:40
Video videos/dataset/wobbler_27.avi verified with exactly 16 frames.
Log at 2024-05-21 07:17:42
Video videos/dataset/wobbler_28.avi verified with exactly 16 frames.
Log at 2024-05-21 07:17:44
Video videos/dataset/wobbler_29.avi verified with exactly 16 frames.
Log at 2024-05-21 07:17:56
Video videos/dataset/wobbler_30.avi verified with exactly 16 frames.
Log at 2024-05-21 07:18:00
Video videos/dataset/wobbler_31.avi verified with exactly 16 frames.
Log at 2024-05-21 07:18:03
Video videos/dataset/wobbler_32.avi verified with exactly 16 frames.
Log at 2024-05-21 07:18:05
Video videos/dataset/wobbler_33.avi verified with exactly 16 frames.
Log at 2024-05-21 07:18:07
Video videos/dataset/wobbler_34.avi verified with exactly 16 frames.
Log at 2024-05-21 07:18:15
Video videos/dataset/wobbler_35.avi verified with exactly 16 frames.
Log at 2024-05-21 07:18:19
Video videos/dataset/wobbler_36.avi verified with exactly 16 frames.
Log at 2024-05-21 07:19:27
Video videos/dataset/wobbler_37.avi verified with exactly 16 frames.
Log at 2024-05-21 07:18:40
Video videos/dataset/wobbler_38.avi verified with exactly 16 frames.
Log at 2024-05-21 07:18:40
Video videos/dataset/wobbler_39.avi verified with exactly 16 frames.
Log at 2024-05-21 07:18:45
Video videos/dataset/wobbler_40.avi verified with exactly 16 frames.
Log at 2024-05-21 07:18:47
Video videos/dataset/wobbler_41.avi verified with exactly 16 frames.
Log at 2024-05-21 07:18:47
Video videos/dataset/wobbler_42.avi verified with exactly 16 frames.
Log at 2024-05-21 07:18:47
Video videos/dataset/wobbler_43.avi verified with exactly 16 frames.
Log at 2024-05-21 07:18:48
Video videos/dataset/wobbler_44.avi verified with exactly 16 frames.
Log at 2024-05-21 07:18:50
Video videos/dataset/wobbler_45.avi verified with exactly 16 frames.
Log at 2024-05-21 07:19:00
Video videos/dataset/wobbler_46.avi verified with exactly 16 frames.
Log at 2024-05-21 07:19:03
Video videos/dataset/wobbler_47.avi verified with exactly 16 frames.
Log at 2024-05-21 07:19:03
Video videos/dataset/wobbler_48.avi verified with exactly 16 frames.
Log at 2024-05-21 07:19:04
Video videos/dataset/wobbler_49.avi verified with exactly 16 frames.
Log at 2024-05-21 07:19:08
Video videos/dataset/wobbler_50.avi verified with exactly 16 frames.
Log at 2024-05-21 07:19:09
Video videos/dataset/wobbler_51.avi verified with exactly 16 frames.
Log at 2024-05-21 07:19:09
Video videos/dataset/wobbler_52.avi verified with exactly 16 frames.
Log at 2024-05-21 07:19:12
Video videos/dataset/wobbler_53.avi verified with exactly 16 frames.
Log at 2024-05-21 07:19:27
Video videos/dataset/wobbler_54.avi verified with exactly 16 frames.
Log at 2024-05-21 07:19:30
Video videos/dataset/wobbler_55.avi verified with exactly 16 frames.
Log at 2024-05-21 07:19:34
Video videos/dataset/wobbler_56.avi verified with exactly 16 frames.
Log at 2024-05-21 07:19:36
Video videos/dataset/wobbler_57.avi verified with exactly 16 frames.
Log at 2024-05-21 07:19:39
Video videos/dataset/wobbler_58.avi verified with exactly 16 frames.
Log at 2024-05-21 07:19:54
Video videos/dataset/wobbler_59.avi verified with exactly 16 frames.
Log at 2024-05-21 07:19:55
Video videos/dataset/wobbler_60.avi verified with exactly 16 frames.
Log at 2024-05-21 07:19:56
Video videos/dataset/wobbler_61.avi verified with exactly 16 frames.
Log at 2024-05-21 07:19:58
Video videos/dataset/wobbler_62.avi verified with exactly 16 frames.
Log at 2024-05-21 07:20:03
Video videos/dataset/wobbler_63.avi verified with exactly 16 frames.
Log at 2024-05-21 07:20:03
Video videos/dataset/wobbler_64.avi verified with exactly 16 frames.
Log at 2024-05-21 07:20:04
Video videos/dataset/wobbler_65.avi verified with exactly 16 frames.
/home/smartview/smartview-api/videos
66
Name of the files is  wobbler_36.avi
Name of the files is  wobbler_22.avi
Name of the files is  wobbler_7.avi
Name of the files is  wobbler_26.avi
Name of the files is  wobbler_62.avi
Name of the files is  wobbler_0.avi
Name of the files is  wobbler_27.avi
Name of the files is  wobbler_53.avi
Name of the files is  wobbler_64.avi
Name of the files is  wobbler_43.avi
Name of the files is  wobbler_52.avi
Name of the files is  wobbler_48.avi
Name of the files is  wobbler_31.avi
Name of the files is  wobbler_23.avi
Name of the files is  wobbler_29.avi
Name of the files is  wobbler_40.avi
Name of the files is  wobbler_58.avi
Name of the files is  wobbler_44.avi
Name of the files is  wobbler_49.avi
Name of the files is  wobbler_2.avi
Name of the files is  wobbler_63.avi
Name of the files is  wobbler_5.avi
Name of the files is  wobbler_60.avi
Name of the files is  wobbler_54.avi
Name of the files is  wobbler_6.avi
Name of the files is  wobbler_12.avi
Name of the files is  wobbler_37.avi
Name of the files is  wobbler_56.avi
Name of the files is  wobbler_33.avi
Name of the files is  wobbler_47.avi
Name of the files is  wobbler_15.avi
Name of the files is  wobbler_18.avi
Name of the files is  wobbler_46.avi
Name of the files is  wobbler_16.avi
Name of the files is  wobbler_28.avi
Name of the files is  wobbler_61.avi
Name of the files is  wobbler_3.avi
Name of the files is  wobbler_9.avi
Name of the files is  wobbler_39.avi
Name of the files is  wobbler_42.avi
Name of the files is  wobbler_24.avi
Name of the files is  wobbler_13.avi
Name of the files is  wobbler_32.avi
Name of the files is  wobbler_45.avi
Name of the files is  wobbler_4.avi
Name of the files is  wobbler_10.avi
Name of the files is  wobbler_34.avi
Name of the files is  wobbler_51.avi
Name of the files is  wobbler_21.avi
Name of the files is  wobbler_35.avi
Name of the files is  wobbler_65.avi
Name of the files is  wobbler_14.avi
Name of the files is  wobbler_25.avi
Name of the files is  wobbler_41.avi
Name of the files is  wobbler_11.avi
Name of the files is  wobbler_55.avi
Name of the files is  wobbler_50.avi
Name of the files is  wobbler_17.avi
Name of the files is  wobbler_30.avi
Name of the files is  wobbler_19.avi
Name of the files is  wobbler_8.avi
Name of the files is  wobbler_38.avi
Name of the files is  wobbler_59.avi
Name of the files is  wobbler_20.avi
Name of the files is  wobbler_1.avi
Name of the files is  wobbler_57.avi
here
here2
INFO:     87.247.12.74:54098 - "POST /api/load_data HTTP/1.1" 200 OK
INFO:     51.250.96.61:32790 - "GET /api/flights/last/breakages/1 HTTP/1.1" 200 OK
INFO:     51.250.96.61:32782 - "GET /api/breakages/1 HTTP/1.1" 200 OK
INFO:     51.250.96.61:32804 - "GET /api/wobblers/1 HTTP/1.1" 200 OK
INFO:     51.250.96.61:32784 - "GET /api/flights/1 HTTP/1.1" 200 OK
INFO:     51.250.96.61:32790 - "GET /api/efficiency/1 HTTP/1.1" 200 OK
INFO:     51.250.96.61:32790 - "GET /api/breakages/repeating/1 HTTP/1.1" 200 OK
INFO:     87.247.12.74:54098 - "GET /api/wobblers/1 HTTP/1.1" 200 OK
INFO:     87.247.12.74:54185 - "GET /api/flights/last/1 HTTP/1.1" 200 OK
INFO:     51.250.96.61:38694 - "GET /api/wobblers/1 HTTP/1.1" 200 OK
WARNING:  Invalid HTTP request received.
INFO:     115.231.78.3:32660 - "GET / HTTP/1.1" 200 OK
INFO:     115.231.78.3:27170 - "GET /favicon.ico HTTP/1.1" 404 Not Found
INFO:     115.231.78.3:5761 - "GET /robots.txt HTTP/1.1" 404 Not Found
INFO:     51.250.96.61:40582 - "GET /api/wobblers/1 HTTP/1.1" 200 OK
INFO:     51.250.96.61:40588 - "GET /api/wobblers/1 HTTP/1.1" 200 OK
INFO:     51.250.96.61:40588 - "GET /api/wobblers/1 HTTP/1.1" 200 OK
INFO:     51.250.96.61:41934 - "GET /api/wobblers/1 HTTP/1.1" 200 OK
INFO:     51.250.96.61:41842 - "GET /api/wobblers/1 HTTP/1.1" 200 OK
INFO:     51.250.96.61:34276 - "GET /api/wobblers/1 HTTP/1.1" 200 OK
INFO:     51.250.96.61:42490 - "GET /api/wobblers/1 HTTP/1.1" 200 OK
INFO:     51.250.96.61:57314 - "GET /api/wobblers/1 HTTP/1.1" 200 OK
INFO:     51.250.96.61:48176 - "GET /api/wobblers/1 HTTP/1.1" 200 OK
INFO:     51.250.96.61:49470 - "GET /api/wobblers/1 HTTP/1.1" 200 OK
INFO:     51.250.96.61:58484 - "GET /api/wobblers/1 HTTP/1.1" 200 OK
INFO:     51.250.96.61:53528 - "GET /api/wobblers/1 HTTP/1.1" 200 OK
INFO:     45.92.176.144:33684 - "GET / HTTP/1.1" 200 OK
INFO:     51.250.96.61:57608 - "GET /api/wobblers/1 HTTP/1.1" 200 OK
INFO:     51.250.96.61:57614 - "GET /api/wobblers/1 HTTP/1.1" 200 OK
INFO:     51.250.96.61:39898 - "GET /api/wobblers/1 HTTP/1.1" 200 OK
INFO:     51.250.96.61:48294 - "GET /api/wobblers/1 HTTP/1.1" 200 OK
INFO:     51.250.96.61:38622 - "GET /api/wobblers/1 HTTP/1.1" 200 OK
INFO:     51.250.96.61:59220 - "GET /api/wobblers/1 HTTP/1.1" 200 OK
INFO:     51.250.96.61:59220 - "GET /api/wobblers/1 HTTP/1.1" 200 OK
INFO:     51.250.96.61:59220 - "GET /api/wobblers/1 HTTP/1.1" 200 OK
INFO:     51.250.96.61:59220 - "GET /api/wobblers/1 HTTP/1.1" 200 OK
INFO:     51.250.96.61:59220 - "GET /api/wobblers/1 HTTP/1.1" 200 OK
INFO:     51.250.96.61:59220 - "GET /api/wobblers/1 HTTP/1.1" 200 OK
INFO:     51.250.96.61:59220 - "GET /api/wobblers/1 HTTP/1.1" 200 OK
INFO:     36.99.136.128:59798 - "GET /api/wobblers/1 HTTP/1.1" 200 OK
INFO:     51.250.96.61:52634 - "GET /api/wobblers/1 HTTP/1.1" 200 OK
INFO:     51.250.96.61:52634 - "GET /api/wobblers/1 HTTP/1.1" 200 OK
INFO:     51.250.96.61:52648 - "GET /api/wobblers/1 HTTP/1.1" 200 OK
INFO:     51.250.96.61:52662 - "GET /api/wobblers/1 HTTP/1.1" 200 OK
INFO:     51.250.96.61:52662 - "GET /api/wobblers/1 HTTP/1.1" 200 OK
INFO:     51.250.96.61:52662 - "GET /api/wobblers/1 HTTP/1.1" 200 OK
INFO:     51.250.96.61:52662 - "GET /api/wobblers/1 HTTP/1.1" 200 OK
INFO:     51.250.96.61:52648 - "GET /api/wobblers/1 HTTP/1.1" 200 OK
INFO:     51.250.96.61:52648 - "GET /api/wobblers/1 HTTP/1.1" 200 OK
INFO:     51.250.96.61:52648 - "GET /api/wobblers/1 HTTP/1.1" 200 OK
INFO:     51.250.96.61:52662 - "GET /api/wobblers/1 HTTP/1.1" 200 OK
INFO:     51.250.96.61:52634 - "GET /api/wobblers/1 HTTP/1.1" 200 OK
INFO:     51.250.96.61:58740 - "GET /api/wobblers/1 HTTP/1.1" 200 OK
INFO:     51.250.96.61:52648 - "GET /api/wobblers/1 HTTP/1.1" 200 OK
INFO:     51.250.96.61:52662 - "GET /api/wobblers/1 HTTP/1.1" 200 OK
INFO:     51.250.96.61:52662 - "GET /api/wobblers/1 HTTP/1.1" 200 OK
INFO:     51.250.96.61:52662 - "GET /api/wobblers/1 HTTP/1.1" 200 OK
INFO:     51.250.96.61:52662 - "GET /api/wobblers/1 HTTP/1.1" 200 OK
INFO:     51.250.96.61:52662 - "GET /api/wobblers/1 HTTP/1.1" 200 OK
INFO:     51.250.96.61:52648 - "GET /api/wobblers/1 HTTP/1.1" 200 OK
INFO:     51.250.96.61:58740 - "GET /api/wobblers/1 HTTP/1.1" 200 OK
INFO:     51.250.96.61:52634 - "GET /api/wobblers/1 HTTP/1.1" 200 OK
INFO:     51.250.96.61:52662 - "GET /api/wobblers/1 HTTP/1.1" 200 OK
INFO:     51.250.96.61:58750 - "GET /api/wobblers/1 HTTP/1.1" 200 OK
INFO:     51.250.96.61:58754 - "GET /api/wobblers/1 HTTP/1.1" 200 OK
INFO:     51.250.96.61:58758 - "GET /api/wobblers/1 HTTP/1.1" 200 OK
INFO:     51.250.96.61:58768 - "GET /api/wobblers/1 HTTP/1.1" 200 OK
INFO:     51.250.96.61:52648 - "GET /api/wobblers/1 HTTP/1.1" 200 OK
INFO:     51.250.96.61:58778 - "GET /api/wobblers/1 HTTP/1.1" 200 OK
INFO:     51.250.96.61:52662 - "GET /api/wobblers/1 HTTP/1.1" 200 OK
INFO:     51.250.96.61:52662 - "GET /api/wobblers/1 HTTP/1.1" 200 OK
INFO:     51.250.96.61:58778 - "GET /api/wobblers/1 HTTP/1.1" 200 OK
INFO:     51.250.96.61:58768 - "GET /api/wobblers/1 HTTP/1.1" 200 OK
INFO:     51.250.96.61:58768 - "GET /api/wobblers/1 HTTP/1.1" 200 OK
INFO:     51.250.96.61:58778 - "GET /api/wobblers/1 HTTP/1.1" 200 OK
INFO:     51.250.96.61:58778 - "GET /api/wobblers/1 HTTP/1.1" 200 OK
INFO:     51.250.96.61:58778 - "GET /api/wobblers/1 HTTP/1.1" 200 OK
INFO:     51.250.96.61:58768 - "GET /api/wobblers/1 HTTP/1.1" 200 OK
INFO:     51.250.96.61:52662 - "GET /api/wobblers/1 HTTP/1.1" 200 OK
INFO:     51.250.96.61:52662 - "GET /api/wobblers/1 HTTP/1.1" 200 OK
INFO:     51.250.96.61:58768 - "GET /api/wobblers/1 HTTP/1.1" 200 OK
INFO:     51.250.96.61:52648 - "GET /api/wobblers/1 HTTP/1.1" 200 OK
INFO:     51.250.96.61:58778 - "GET /api/wobblers/1 HTTP/1.1" 200 OK
INFO:     51.250.96.61:52662 - "GET /api/wobblers/1 HTTP/1.1" 200 OK
INFO:     51.250.96.61:58758 - "GET /api/wobblers/1 HTTP/1.1" 200 OK
INFO:     51.250.96.61:58758 - "GET /api/wobblers/1 HTTP/1.1" 200 OK
INFO:     51.250.96.61:58758 - "GET /api/wobblers/1 HTTP/1.1" 200 OK
INFO:     51.250.96.61:58758 - "GET /api/wobblers/1 HTTP/1.1" 200 OK
INFO:     51.250.96.61:52662 - "GET /api/wobblers/1 HTTP/1.1" 200 OK
INFO:     51.250.96.61:52662 - "GET /api/wobblers/1 HTTP/1.1" 200 OK
INFO:     51.250.96.61:58758 - "GET /api/wobblers/1 HTTP/1.1" 200 OK
INFO:     51.250.96.61:52648 - "GET /api/wobblers/1 HTTP/1.1" 200 OK
INFO:     51.250.96.61:58778 - "GET /api/wobblers/1 HTTP/1.1" 200 OK
INFO:     51.250.96.61:52662 - "GET /api/wobblers/1 HTTP/1.1" 200 OK
INFO:     51.250.96.61:52648 - "GET /api/wobblers/1 HTTP/1.1" 200 OK
INFO:     51.250.96.61:58778 - "GET /api/wobblers/1 HTTP/1.1" 200 OK
INFO:     51.250.96.61:52662 - "GET /api/wobblers/1 HTTP/1.1" 200 OK
INFO:     51.250.96.61:52662 - "GET /api/wobblers/1 HTTP/1.1" 200 OK
INFO:     51.250.96.61:58778 - "GET /api/wobblers/1 HTTP/1.1" 200 OK
INFO:     51.250.96.61:58778 - "GET /api/wobblers/1 HTTP/1.1" 200 OK
INFO:     51.250.96.61:52662 - "GET /api/wobblers/1 HTTP/1.1" 200 OK
INFO:     51.250.96.61:52662 - "GET /api/wobblers/1 HTTP/1.1" 200 OK
INFO:     51.250.96.61:52662 - "GET /api/wobblers/1 HTTP/1.1" 200 OK
INFO:     51.250.96.61:52662 - "GET /api/wobblers/1 HTTP/1.1" 200 OK
INFO:     51.250.96.61:58778 - "GET /api/wobblers/1 HTTP/1.1" 200 OK
INFO:     51.250.96.61:52648 - "GET /api/wobblers/1 HTTP/1.1" 200 OK
INFO:     51.250.96.61:52662 - "GET /api/wobblers/1 HTTP/1.1" 200 OK
INFO:     51.250.96.61:52662 - "GET /api/wobblers/1 HTTP/1.1" 200 OK
INFO:     51.250.96.61:52648 - "GET /api/wobblers/1 HTTP/1.1" 200 OK
INFO:     51.250.96.61:58778 - "GET /api/wobblers/1 HTTP/1.1" 200 OK
INFO:     51.250.96.61:58778 - "GET /api/wobblers/1 HTTP/1.1" 200 OK
INFO:     51.250.96.61:52648 - "GET /api/wobblers/1 HTTP/1.1" 200 OK
INFO:     51.250.96.61:52662 - "GET /api/wobblers/1 HTTP/1.1" 200 OK
INFO:     51.250.96.61:52662 - "GET /api/wobblers/1 HTTP/1.1" 200 OK
INFO:     51.250.96.61:52648 - "GET /api/wobblers/1 HTTP/1.1" 200 OK
INFO:     51.250.96.61:52648 - "GET /api/wobblers/1 HTTP/1.1" 200 OK
INFO:     51.250.96.61:52662 - "GET /api/wobblers/1 HTTP/1.1" 200 OK
INFO:     51.250.96.61:53260 - "GET /api/wobblers/1 HTTP/1.1" 200 OK
INFO:     51.250.96.61:52648 - "GET /api/wobblers/1 HTTP/1.1" 200 OK
INFO:     51.250.96.61:52648 - "GET /api/wobblers/1 HTTP/1.1" 200 OK
INFO:     51.250.96.61:52648 - "GET /api/wobblers/1 HTTP/1.1" 200 OK
INFO:     51.250.96.61:52648 - "GET /api/wobblers/1 HTTP/1.1" 200 OK
INFO:     51.250.96.61:53260 - "GET /api/wobblers/1 HTTP/1.1" 200 OK
INFO:     51.250.96.61:52662 - "GET /api/wobblers/1 HTTP/1.1" 200 OK
INFO:     51.250.96.61:36140 - "GET /api/wobblers/1 HTTP/1.1" 200 OK
INFO:     51.250.96.61:36124 - "GET /api/wobblers/1 HTTP/1.1" 200 OK
INFO:     51.250.96.61:52648 - "GET /api/wobblers/1 HTTP/1.1" 200 OK
INFO:     51.250.96.61:52648 - "GET /api/wobblers/1 HTTP/1.1" 200 OK
INFO:     51.250.96.61:52648 - "GET /api/wobblers/1 HTTP/1.1" 200 OK
INFO:     51.250.96.61:36140 - "GET /api/wobblers/1 HTTP/1.1" 200 OK
INFO:     51.250.96.61:36124 - "GET /api/wobblers/1 HTTP/1.1" 200 OK
INFO:     51.250.96.61:36124 - "GET /api/wobblers/1 HTTP/1.1" 200 OK
INFO:     51.250.96.61:36124 - "GET /api/wobblers/1 HTTP/1.1" 200 OK
INFO:     51.250.96.61:36124 - "GET /api/wobblers/1 HTTP/1.1" 200 OK
INFO:     51.250.96.61:36124 - "GET /api/wobblers/1 HTTP/1.1" 200 OK
INFO:     51.250.96.61:36140 - "GET /api/wobblers/1 HTTP/1.1" 200 OK
INFO:     51.250.96.61:52648 - "GET /api/wobblers/1 HTTP/1.1" 200 OK
INFO:     51.250.96.61:36142 - "GET /api/wobblers/1 HTTP/1.1" 200 OK
INFO:     51.250.96.61:36124 - "GET /api/wobblers/1 HTTP/1.1" 200 OK
INFO:     51.250.96.61:36140 - "GET /api/wobblers/1 HTTP/1.1" 200 OK
INFO:     51.250.96.61:52648 - "GET /api/wobblers/1 HTTP/1.1" 200 OK
INFO:     51.250.96.61:36124 - "GET /api/wobblers/1 HTTP/1.1" 200 OK
INFO:     51.250.96.61:36124 - "GET /api/wobblers/1 HTTP/1.1" 200 OK
INFO:     51.250.96.61:57692 - "GET /api/wobblers/1 HTTP/1.1" 200 OK
INFO:     51.250.96.61:44368 - "GET /api/wobblers/1 HTTP/1.1" 200 OK
INFO:     51.250.96.61:38170 - "GET /api/wobblers/1 HTTP/1.1" 200 OK
INFO:     51.250.96.61:38170 - "GET /api/wobblers/1 HTTP/1.1" 200 OK
INFO:     51.250.96.61:38170 - "GET /api/wobblers/1 HTTP/1.1" 200 OK
INFO:     51.250.96.61:38170 - "GET /api/wobblers/1 HTTP/1.1" 200 OK
INFO:     51.250.96.61:54556 - "GET /api/wobblers/1 HTTP/1.1" 200 OK
INFO:     51.250.96.61:33576 - "GET /api/wobblers/1 HTTP/1.1" 200 OK
INFO:     51.250.96.61:55084 - "GET /api/wobblers/1 HTTP/1.1" 200 OK
INFO:     51.250.96.61:46276 - "GET /api/wobblers/1 HTTP/1.1" 200 OK
INFO:     51.250.96.61:46276 - "GET /api/wobblers/1 HTTP/1.1" 200 OK
INFO:     51.250.96.61:46276 - "GET /api/wobblers/1 HTTP/1.1" 200 OK
INFO:     51.250.96.61:46276 - "GET /api/wobblers/1 HTTP/1.1" 200 OK
INFO:     51.250.96.61:46276 - "GET /api/wobblers/1 HTTP/1.1" 200 OK
INFO:     51.250.96.61:46276 - "GET /api/wobblers/1 HTTP/1.1" 200 OK
INFO:     51.250.96.61:46276 - "GET /api/wobblers/1 HTTP/1.1" 200 OK
INFO:     51.250.96.61:46276 - "GET /api/wobblers/1 HTTP/1.1" 200 OK
INFO:     51.250.96.61:46276 - "GET /api/wobblers/1 HTTP/1.1" 200 OK
INFO:     51.250.96.61:46276 - "GET /api/wobblers/1 HTTP/1.1" 200 OK
INFO:     51.250.96.61:46276 - "GET /api/wobblers/1 HTTP/1.1" 200 OK
INFO:     51.250.96.61:46276 - "GET /api/wobblers/1 HTTP/1.1" 200 OK
INFO:     51.250.96.61:46276 - "GET /api/wobblers/1 HTTP/1.1" 200 OK
INFO:     51.250.96.61:46276 - "GET /api/wobblers/1 HTTP/1.1" 200 OK
INFO:     51.250.96.61:46276 - "GET /api/wobblers/1 HTTP/1.1" 200 OK
INFO:     51.250.96.61:46276 - "GET /api/wobblers/1 HTTP/1.1" 200 OK
INFO:     51.250.96.61:46276 - "GET /api/wobblers/1 HTTP/1.1" 200 OK
INFO:     51.250.96.61:46276 - "GET /api/wobblers/1 HTTP/1.1" 200 OK
INFO:     51.250.96.61:46276 - "GET /api/wobblers/1 HTTP/1.1" 200 OK
INFO:     51.250.96.61:46276 - "GET /api/wobblers/1 HTTP/1.1" 200 OK
INFO:     51.250.96.61:46276 - "GET /api/wobblers/1 HTTP/1.1" 200 OK
INFO:     51.250.96.61:46276 - "GET /api/wobblers/1 HTTP/1.1" 200 OK
INFO:     51.250.96.61:46276 - "GET /api/wobblers/1 HTTP/1.1" 200 OK
INFO:     51.250.96.61:46276 - "GET /api/wobblers/1 HTTP/1.1" 200 OK
INFO:     51.250.96.61:46276 - "GET /api/wobblers/1 HTTP/1.1" 200 OK
INFO:     51.250.96.61:46276 - "GET /api/wobblers/1 HTTP/1.1" 200 OK
INFO:     51.250.96.61:46276 - "GET /api/wobblers/1 HTTP/1.1" 200 OK
INFO:     51.250.96.61:46276 - "GET /api/wobblers/1 HTTP/1.1" 200 OK
INFO:     51.250.96.61:46276 - "GET /api/wobblers/1 HTTP/1.1" 200 OK
INFO:     51.250.96.61:46276 - "GET /api/wobblers/1 HTTP/1.1" 200 OK
INFO:     51.250.96.61:46276 - "GET /api/wobblers/1 HTTP/1.1" 200 OK
INFO:     51.250.96.61:46276 - "GET /api/wobblers/1 HTTP/1.1" 200 OK
INFO:     51.250.96.61:46276 - "GET /api/wobblers/1 HTTP/1.1" 200 OK
INFO:     51.250.96.61:46276 - "GET /api/wobblers/1 HTTP/1.1" 200 OK
INFO:     51.250.96.61:46276 - "GET /api/wobblers/1 HTTP/1.1" 200 OK
INFO:     51.250.96.61:46276 - "GET /api/wobblers/1 HTTP/1.1" 200 OK
INFO:     51.250.96.61:46276 - "GET /api/wobblers/1 HTTP/1.1" 200 OK
INFO:     51.250.96.61:46276 - "GET /api/wobblers/1 HTTP/1.1" 200 OK
INFO:     51.250.96.61:46276 - "GET /api/wobblers/1 HTTP/1.1" 200 OK
INFO:     51.250.96.61:46276 - "GET /api/wobblers/1 HTTP/1.1" 200 OK
INFO:     51.250.96.61:46276 - "GET /api/wobblers/1 HTTP/1.1" 200 OK
INFO:     51.250.96.61:46276 - "GET /api/wobblers/1 HTTP/1.1" 200 OK
INFO:     51.250.96.61:46276 - "GET /api/wobblers/1 HTTP/1.1" 200 OK
INFO:     51.250.96.61:46276 - "GET /api/wobblers/1 HTTP/1.1" 200 OK
INFO:     51.250.96.61:46276 - "GET /api/wobblers/1 HTTP/1.1" 200 OK
INFO:     51.250.96.61:45836 - "GET /api/wobblers/1 HTTP/1.1" 200 OK
INFO:     51.250.96.61:55398 - "GET /api/wobblers/1 HTTP/1.1" 200 OK
INFO:     51.250.96.61:55398 - "GET /api/wobblers/1 HTTP/1.1" 200 OK
INFO:     51.250.96.61:55398 - "GET /api/wobblers/1 HTTP/1.1" 200 OK
WARNING:  Invalid HTTP request received.
INFO:     51.250.96.61:49498 - "GET /api/wobblers/1 HTTP/1.1" 200 OK
INFO:     51.250.96.61:50510 - "GET /api/wobblers/1 HTTP/1.1" 200 OK
INFO:     51.250.96.61:39168 - "GET /api/wobblers/1 HTTP/1.1" 200 OK
INFO:     51.250.96.61:44804 - "GET /api/wobblers/1 HTTP/1.1" 200 OK
INFO:     51.250.96.61:44810 - "GET /api/wobblers/1 HTTP/1.1" 200 OK
INFO:     51.250.96.61:44810 - "GET /api/wobblers/1 HTTP/1.1" 200 OK
INFO:     51.250.96.61:44804 - "GET /api/wobblers/1 HTTP/1.1" 200 OK
INFO:     51.250.96.61:44804 - "GET /api/wobblers/1 HTTP/1.1" 200 OK
INFO:     51.250.96.61:44810 - "GET /api/wobblers/1 HTTP/1.1" 200 OK
INFO:     51.250.96.61:44810 - "GET /api/wobblers/1 HTTP/1.1" 200 OK
INFO:     51.250.96.61:44804 - "GET /api/wobblers/1 HTTP/1.1" 200 OK
INFO:     51.250.96.61:44824 - "GET /api/wobblers/1 HTTP/1.1" 200 OK
INFO:     51.250.96.61:44816 - "GET /api/wobblers/1 HTTP/1.1" 200 OK
INFO:     51.250.96.61:44816 - "GET /api/wobblers/1 HTTP/1.1" 200 OK
INFO:     51.250.96.61:44824 - "GET /api/wobblers/1 HTTP/1.1" 200 OK
INFO:     51.250.96.61:44810 - "GET /api/wobblers/1 HTTP/1.1" 200 OK
INFO:     51.250.96.61:44804 - "GET /api/wobblers/1 HTTP/1.1" 200 OK
INFO:     51.250.96.61:44816 - "GET /api/wobblers/1 HTTP/1.1" 200 OK
INFO:     51.250.96.61:44274 - "GET /api/wobblers/1 HTTP/1.1" 200 OK
INFO:     167.248.133.183:41884 - "GET / HTTP/1.1" 200 OK
WARNING:  Invalid HTTP request received.
INFO:     167.248.133.183:60212 - "GET /favicon.ico HTTP/1.1" 404 Not Found
INFO:     51.250.96.61:39174 - "GET /api/wobblers/1 HTTP/1.1" 200 OK
INFO:     51.250.96.61:39174 - "GET /api/wobblers/1 HTTP/1.1" 200 OK
INFO:     51.250.96.61:39174 - "GET /api/wobblers/1 HTTP/1.1" 200 OK
INFO:     51.250.96.61:39174 - "GET /api/wobblers/1 HTTP/1.1" 200 OK
INFO:     51.250.96.61:34606 - "GET /api/wobblers/1 HTTP/1.1" 200 OK
INFO:     51.250.96.61:36400 - "GET /api/wobblers/1 HTTP/1.1" 200 OK
INFO:     51.250.96.61:57434 - "GET /api/wobblers/1 HTTP/1.1" 200 OK
INFO:     51.250.96.61:40160 - "GET /api/wobblers/1 HTTP/1.1" 200 OK
INFO:     51.250.96.61:40160 - "GET /api/wobblers/1 HTTP/1.1" 200 OK
INFO:     51.250.96.61:40160 - "GET /api/wobblers/1 HTTP/1.1" 200 OK
INFO:     51.250.96.61:40160 - "GET /api/wobblers/1 HTTP/1.1" 200 OK
INFO:     51.250.96.61:33902 - "GET /api/wobblers/1 HTTP/1.1" 200 OK
INFO:     51.250.96.61:56510 - "GET /api/wobblers/1 HTTP/1.1" 200 OK
INFO:     51.250.96.61:33362 - "GET /api/wobblers/1 HTTP/1.1" 200 OK
INFO:     51.250.96.61:45560 - "GET /api/wobblers/1 HTTP/1.1" 200 OK
INFO:     51.250.96.61:45560 - "GET /api/wobblers/1 HTTP/1.1" 200 OK
INFO:     51.250.96.61:45404 - "GET /api/wobblers/1 HTTP/1.1" 200 OK
INFO:     51.250.96.61:53270 - "GET /api/wobblers/1 HTTP/1.1" 200 OK
INFO:     51.250.96.61:59764 - "GET /api/wobblers/1 HTTP/1.1" 200 OK
INFO:     51.250.96.61:59764 - "GET /api/wobblers/1 HTTP/1.1" 200 OK
INFO:     51.250.96.61:59764 - "GET /api/wobblers/1 HTTP/1.1" 200 OK
INFO:     51.250.96.61:59764 - "GET /api/wobblers/1 HTTP/1.1" 200 OK
INFO:     51.250.96.61:33454 - "GET /api/wobblers/1 HTTP/1.1" 200 OK
INFO:     51.250.96.61:53320 - "GET /api/wobblers/1 HTTP/1.1" 200 OK
WARNING:  Invalid HTTP request received.
INFO:     46.101.111.185:41790 - "GET / HTTP/1.1" 200 OK
INFO:     46.101.111.185:41794 - "GET / HTTP/1.1" 200 OK
INFO:     46.101.111.185:41804 - "GET /server HTTP/1.1" 404 Not Found
INFO:     46.101.111.185:41812 - "GET /.vscode/sftp.json HTTP/1.1" 404 Not Found
INFO:     46.101.111.185:41824 - "GET /about HTTP/1.1" 404 Not Found
INFO:     46.101.111.185:41826 - "GET /debug/default/view?panel=config HTTP/1.1" 404 Not Found
INFO:     46.101.111.185:41830 - "GET /v2/_catalog HTTP/1.1" 404 Not Found
INFO:     46.101.111.185:41832 - "GET /ecp/Current/exporttool/microsoft.exchange.ediscovery.exporttool.application HTTP/1.1" 404 Not Found
INFO:     46.101.111.185:41848 - "GET /server-status HTTP/1.1" 404 Not Found
INFO:     46.101.111.185:41862 - "GET /_all_dbs HTTP/1.1" 404 Not Found
INFO:     46.101.111.185:41866 - "GET /.DS_Store HTTP/1.1" 404 Not Found
INFO:     46.101.111.185:41876 - "GET /.env HTTP/1.1" 404 Not Found
INFO:     46.101.111.185:41882 - "GET /.git/config HTTP/1.1" 404 Not Found
INFO:     46.101.111.185:41898 - "GET /s/1363e26393e2035323e21353/_/%3B/META-INF/maven/com.atlassian.jira/jira-webapp-dist/pom.properties HTTP/1.1" 404 Not Found
INFO:     46.101.111.185:41906 - "GET /config.json HTTP/1.1" 404 Not Found
INFO:     46.101.111.185:41922 - "GET /telescope/requests HTTP/1.1" 404 Not Found
INFO:     46.101.111.185:41932 - "GET /?rest_route=/wp/v2/users/ HTTP/1.1" 200 OK
INFO:     51.250.96.61:39602 - "GET /api/wobblers/1 HTTP/1.1" 200 OK
INFO:     51.250.96.61:39602 - "GET /api/wobblers/1 HTTP/1.1" 200 OK
INFO:     51.250.96.61:43164 - "GET /api/wobblers/1 HTTP/1.1" 200 OK
INFO:     51.250.96.61:43174 - "GET /api/wobblers/1 HTTP/1.1" 200 OK
INFO:     51.250.96.61:57940 - "GET /api/wobblers/1 HTTP/1.1" 200 OK
INFO:     51.250.96.61:39182 - "GET /api/wobblers/1 HTTP/1.1" 200 OK
INFO:     51.250.96.61:34260 - "GET /api/wobblers/1 HTTP/1.1" 200 OK
INFO:     51.250.96.61:34260 - "GET /api/wobblers/1 HTTP/1.1" 200 OK
INFO:     51.250.96.61:36146 - "GET /api/wobblers/1 HTTP/1.1" 200 OK
WARNING:  Invalid HTTP request received.
INFO:     51.250.96.61:33094 - "GET /api/wobblers/1 HTTP/1.1" 200 OK
INFO:     51.250.96.61:42328 - "GET /api/wobblers/1 HTTP/1.1" 200 OK
INFO:     51.250.96.61:52458 - "GET /api/wobblers/1 HTTP/1.1" 200 OK
INFO:     51.250.96.61:52466 - "GET /api/wobblers/1 HTTP/1.1" 200 OK
INFO:     51.250.96.61:52480 - "GET /api/wobblers/1 HTTP/1.1" 200 OK
INFO:     51.250.96.61:52480 - "GET /api/wobblers/1 HTTP/1.1" 200 OK
INFO:     51.250.96.61:52458 - "GET /api/wobblers/1 HTTP/1.1" 200 OK
INFO:     51.250.96.61:52466 - "GET /api/wobblers/1 HTTP/1.1" 200 OK
INFO:     51.250.96.61:52480 - "GET /api/wobblers/1 HTTP/1.1" 200 OK
INFO:     51.250.96.61:52494 - "GET /api/wobblers/1 HTTP/1.1" 200 OK
INFO:     51.250.96.61:52510 - "GET /api/wobblers/1 HTTP/1.1" 200 OK
INFO:     51.250.96.61:52510 - "GET /api/wobblers/1 HTTP/1.1" 200 OK
INFO:     51.250.96.61:43046 - "GET /api/wobblers/1 HTTP/1.1" 200 OK
INFO:     51.250.96.61:59796 - "GET /api/wobblers/1 HTTP/1.1" 200 OK
INFO:     51.250.96.61:35566 - "GET /api/wobblers/1 HTTP/1.1" 200 OK
INFO:     51.250.96.61:38958 - "GET /api/wobblers/1 HTTP/1.1" 200 OK
INFO:     51.250.96.61:52748 - "GET /api/wobblers/1 HTTP/1.1" 200 OK
INFO:     51.250.96.61:52748 - "GET /api/wobblers/1 HTTP/1.1" 200 OK
INFO:     51.250.96.61:60478 - "GET /api/wobblers/1 HTTP/1.1" 200 OK
INFO:     51.250.96.61:48220 - "GET /api/wobblers/1 HTTP/1.1" 200 OK
INFO:     51.250.96.61:37474 - "GET /api/wobblers/1 HTTP/1.1" 200 OK
INFO:     51.250.96.61:37474 - "GET /api/wobblers/1 HTTP/1.1" 200 OK
INFO:     51.250.96.61:37474 - "GET /api/wobblers/1 HTTP/1.1" 200 OK
INFO:     51.250.96.61:49546 - "GET /api/wobblers/1 HTTP/1.1" 200 OK
INFO:     51.250.96.61:41648 - "GET /api/wobblers/1 HTTP/1.1" 200 OK
INFO:     51.250.96.61:57396 - "GET /api/wobblers/1 HTTP/1.1" 200 OK
INFO:     51.250.96.61:59116 - "GET /api/wobblers/1 HTTP/1.1" 200 OK
INFO:     51.250.96.61:59636 - "GET /api/wobblers/1 HTTP/1.1" 200 OK
INFO:     51.250.96.61:57502 - "GET /api/wobblers/1 HTTP/1.1" 200 OK
INFO:     51.250.96.61:57502 - "GET /api/wobblers/1 HTTP/1.1" 200 OK
INFO:     51.250.96.61:57502 - "GET /api/wobblers/1 HTTP/1.1" 200 OK
INFO:     51.250.96.61:57502 - "GET /api/wobblers/1 HTTP/1.1" 200 OK
INFO:     51.250.96.61:54590 - "GET /api/wobblers/1 HTTP/1.1" 200 OK
INFO:     51.250.96.61:46636 - "GET /api/wobblers/1 HTTP/1.1" 200 OK
INFO:     51.250.96.61:42724 - "GET /api/wobblers/1 HTTP/1.1" 200 OK
INFO:     51.250.96.61:42724 - "GET /api/wobblers/1 HTTP/1.1" 200 OK
INFO:     51.250.96.61:53242 - "GET /api/wobblers/1 HTTP/1.1" 200 OK
INFO:     192.241.142.168:27205 - "GET / HTTP/1.0" 200 OK
INFO:     167.99.228.173:30082 - "GET /query?q=SHOW+DIAGNOSTICS HTTP/1.1" 404 Not Found
INFO:     157.245.81.234:35772 - "GET / HTTP/1.1" 200 OK
WARNING:  Invalid HTTP request received.
INFO:     147.182.174.93:32238 - "GET /cgi-bin/authLogin.cgi HTTP/1.1" 404 Not Found
INFO:     134.209.68.189:9530 - "GET /v2/_catalog HTTP/1.1" 404 Not Found
WARNING:  Invalid HTTP request received.
WARNING:  Invalid HTTP request received.
WARNING:  Invalid HTTP request received.
INFO:     52.76.71.100:51675 - "GET /favicon.ico HTTP/1.1" 404 Not Found
INFO:     51.250.96.61:34152 - "GET /api/wobblers/1 HTTP/1.1" 200 OK
INFO:     51.250.96.61:48282 - "GET /api/wobblers/1 HTTP/1.1" 200 OK
INFO:     51.250.96.61:58760 - "GET /api/wobblers/1 HTTP/1.1" 200 OK
INFO:     51.250.96.61:58772 - "GET /api/wobblers/1 HTTP/1.1" 200 OK
INFO:     51.250.96.61:58772 - "GET /api/wobblers/1 HTTP/1.1" 200 OK
INFO:     51.250.96.61:58772 - "GET /api/wobblers/1 HTTP/1.1" 200 OK
INFO:     51.250.96.61:40892 - "GET /api/wobblers/1 HTTP/1.1" 200 OK
INFO:     51.250.96.61:48302 - "GET /api/wobblers/1 HTTP/1.1" 200 OK
INFO:     51.250.96.61:36760 - "GET /api/wobblers/1 HTTP/1.1" 200 OK
INFO:     51.250.96.61:49818 - "GET /api/wobblers/1 HTTP/1.1" 200 OK
INFO:     51.250.96.61:49690 - "GET /api/wobblers/1 HTTP/1.1" 200 OK
INFO:     51.250.96.61:49146 - "GET /api/wobblers/1 HTTP/1.1" 200 OK
INFO:     192.241.147.73:29563 - "GET / HTTP/1.0" 200 OK
WARNING:  Invalid HTTP request received.
INFO:     159.223.136.191:25948 - "GET /query?q=SHOW+DIAGNOSTICS HTTP/1.1" 404 Not Found
INFO:     157.245.81.234:63942 - "GET /v2/_catalog HTTP/1.1" 404 Not Found
INFO:     147.182.174.66:4974 - "GET / HTTP/1.1" 200 OK
WARNING:  Invalid HTTP request received.
INFO:     178.128.148.3:9238 - "GET /cgi-bin/authLogin.cgi HTTP/1.1" 404 Not Found
WARNING:  Invalid HTTP request received.
WARNING:  Invalid HTTP request received.
INFO:     52.76.71.100:23170 - "GET /favicon.ico HTTP/1.1" 404 Not Found
INFO:     51.250.96.61:59370 - "GET /api/wobblers/1 HTTP/1.1" 200 OK
INFO:     51.250.96.61:59370 - "GET /api/wobblers/1 HTTP/1.1" 500 Internal Server Error
ERROR:    Exception in ASGI application
Traceback (most recent call last):
  File "/home/smartview/miniconda3/lib/python3.12/site-packages/sqlalchemy/engine/base.py", line 1967, in _exec_single_context
    self.dialect.do_execute(
  File "/home/smartview/miniconda3/lib/python3.12/site-packages/sqlalchemy/engine/default.py", line 924, in do_execute
    cursor.execute(statement, parameters)
psycopg2.OperationalError: SSL SYSCALL error: EOF detected


The above exception was the direct cause of the following exception:

Traceback (most recent call last):
  File "/home/smartview/miniconda3/lib/python3.12/site-packages/uvicorn/protocols/http/httptools_impl.py", line 411, in run_asgi
    result = await app(  # type: ignore[func-returns-value]
             ^^^^^^^^^^^^^^^^^^^^^^^^^^^^^^^^^^^^^^^^^^^^^^
  File "/home/smartview/miniconda3/lib/python3.12/site-packages/uvicorn/middleware/proxy_headers.py", line 69, in __call__
    return await self.app(scope, receive, send)
           ^^^^^^^^^^^^^^^^^^^^^^^^^^^^^^^^^^^^
  File "/home/smartview/miniconda3/lib/python3.12/site-packages/fastapi/applications.py", line 1054, in __call__
    await super().__call__(scope, receive, send)
  File "/home/smartview/miniconda3/lib/python3.12/site-packages/starlette/applications.py", line 123, in __call__
    await self.middleware_stack(scope, receive, send)
  File "/home/smartview/miniconda3/lib/python3.12/site-packages/starlette/middleware/errors.py", line 186, in __call__
    raise exc
  File "/home/smartview/miniconda3/lib/python3.12/site-packages/starlette/middleware/errors.py", line 164, in __call__
    await self.app(scope, receive, _send)
  File "/home/smartview/miniconda3/lib/python3.12/site-packages/starlette/middleware/cors.py", line 85, in __call__
    await self.app(scope, receive, send)
  File "/home/smartview/miniconda3/lib/python3.12/site-packages/starlette/middleware/exceptions.py", line 65, in __call__
    await wrap_app_handling_exceptions(self.app, conn)(scope, receive, send)
  File "/home/smartview/miniconda3/lib/python3.12/site-packages/starlette/_exception_handler.py", line 64, in wrapped_app
    raise exc
  File "/home/smartview/miniconda3/lib/python3.12/site-packages/starlette/_exception_handler.py", line 53, in wrapped_app
    await app(scope, receive, sender)
  File "/home/smartview/miniconda3/lib/python3.12/site-packages/starlette/routing.py", line 756, in __call__
    await self.middleware_stack(scope, receive, send)
  File "/home/smartview/miniconda3/lib/python3.12/site-packages/starlette/routing.py", line 776, in app
    await route.handle(scope, receive, send)
  File "/home/smartview/miniconda3/lib/python3.12/site-packages/starlette/routing.py", line 297, in handle
    await self.app(scope, receive, send)
  File "/home/smartview/miniconda3/lib/python3.12/site-packages/starlette/routing.py", line 77, in app
    await wrap_app_handling_exceptions(app, request)(scope, receive, send)
  File "/home/smartview/miniconda3/lib/python3.12/site-packages/starlette/_exception_handler.py", line 64, in wrapped_app
    raise exc
  File "/home/smartview/miniconda3/lib/python3.12/site-packages/starlette/_exception_handler.py", line 53, in wrapped_app
    await app(scope, receive, sender)
  File "/home/smartview/miniconda3/lib/python3.12/site-packages/starlette/routing.py", line 72, in app
    response = await func(request)
               ^^^^^^^^^^^^^^^^^^^
  File "/home/smartview/miniconda3/lib/python3.12/site-packages/fastapi/routing.py", line 278, in app
    raw_response = await run_endpoint_function(
                   ^^^^^^^^^^^^^^^^^^^^^^^^^^^^
  File "/home/smartview/miniconda3/lib/python3.12/site-packages/fastapi/routing.py", line 191, in run_endpoint_function
    return await dependant.call(**values)
           ^^^^^^^^^^^^^^^^^^^^^^^^^^^^^^
  File "/home/smartview/smartview-api/api.py", line 92, in get_wobblers
    wobblers = db.query(Wobbler).filter(Wobbler.heap_leaching_pad_id==heap_leaching_pad_id).all()
               ^^^^^^^^^^^^^^^^^^^^^^^^^^^^^^^^^^^^^^^^^^^^^^^^^^^^^^^^^^^^^^^^^^^^^^^^^^^^^^^^^^
  File "/home/smartview/miniconda3/lib/python3.12/site-packages/sqlalchemy/orm/query.py", line 2673, in all
    return self._iter().all()  # type: ignore
           ^^^^^^^^^^^^
  File "/home/smartview/miniconda3/lib/python3.12/site-packages/sqlalchemy/orm/query.py", line 2827, in _iter
    result: Union[ScalarResult[_T], Result[_T]] = self.session.execute(
                                                  ^^^^^^^^^^^^^^^^^^^^^
  File "/home/smartview/miniconda3/lib/python3.12/site-packages/sqlalchemy/orm/session.py", line 2351, in execute
    return self._execute_internal(
           ^^^^^^^^^^^^^^^^^^^^^^^
  File "/home/smartview/miniconda3/lib/python3.12/site-packages/sqlalchemy/orm/session.py", line 2236, in _execute_internal
    result: Result[Any] = compile_state_cls.orm_execute_statement(
                          ^^^^^^^^^^^^^^^^^^^^^^^^^^^^^^^^^^^^^^^^
  File "/home/smartview/miniconda3/lib/python3.12/site-packages/sqlalchemy/orm/context.py", line 293, in orm_execute_statement
    result = conn.execute(
             ^^^^^^^^^^^^^
  File "/home/smartview/miniconda3/lib/python3.12/site-packages/sqlalchemy/engine/base.py", line 1418, in execute
    return meth(
           ^^^^^
  File "/home/smartview/miniconda3/lib/python3.12/site-packages/sqlalchemy/sql/elements.py", line 515, in _execute_on_connection
    return connection._execute_clauseelement(
           ^^^^^^^^^^^^^^^^^^^^^^^^^^^^^^^^^^
  File "/home/smartview/miniconda3/lib/python3.12/site-packages/sqlalchemy/engine/base.py", line 1640, in _execute_clauseelement
    ret = self._execute_context(
          ^^^^^^^^^^^^^^^^^^^^^^
  File "/home/smartview/miniconda3/lib/python3.12/site-packages/sqlalchemy/engine/base.py", line 1846, in _execute_context
    return self._exec_single_context(
           ^^^^^^^^^^^^^^^^^^^^^^^^^^
  File "/home/smartview/miniconda3/lib/python3.12/site-packages/sqlalchemy/engine/base.py", line 1986, in _exec_single_context
    self._handle_dbapi_exception(
  File "/home/smartview/miniconda3/lib/python3.12/site-packages/sqlalchemy/engine/base.py", line 2353, in _handle_dbapi_exception
    raise sqlalchemy_exception.with_traceback(exc_info[2]) from e
  File "/home/smartview/miniconda3/lib/python3.12/site-packages/sqlalchemy/engine/base.py", line 1967, in _exec_single_context
    self.dialect.do_execute(
  File "/home/smartview/miniconda3/lib/python3.12/site-packages/sqlalchemy/engine/default.py", line 924, in do_execute
    cursor.execute(statement, parameters)
sqlalchemy.exc.OperationalError: (psycopg2.OperationalError) SSL SYSCALL error: EOF detected

[SQL: SELECT wobblers.id AS wobblers_id, wobblers.heap_leaching_pad_id AS wobblers_heap_leaching_pad_id, wobblers.number_of_breakages AS wobblers_number_of_breakages, wobblers.number_of_fixes AS wobblers_number_of_fixes, wobblers.latitude AS wobblers_latitude, wobblers.longitude AS wobblers_longitude, wobblers.time_of_detection_of_breakage AS wobblers_time_of_detection_of_breakage, wobblers.status AS wobblers_status 
FROM wobblers 
WHERE wobblers.heap_leaching_pad_id = %(heap_leaching_pad_id_1)s]
[parameters: {'heap_leaching_pad_id_1': 1}]
(Background on this error at: https://sqlalche.me/e/20/e3q8)
INFO:     51.250.96.61:49754 - "GET /api/wobblers/1 HTTP/1.1" 200 OK
INFO:     51.250.96.61:49754 - "GET /api/wobblers/1 HTTP/1.1" 200 OK
INFO:     51.250.96.61:49754 - "GET /api/wobblers/1 HTTP/1.1" 200 OK
INFO:     51.250.96.61:49754 - "GET /api/wobblers/1 HTTP/1.1" 200 OK
INFO:     51.250.96.61:49754 - "GET /api/wobblers/1 HTTP/1.1" 200 OK
INFO:     51.250.96.61:38714 - "GET /api/wobblers/1 HTTP/1.1" 200 OK
INFO:     143.198.124.167:18589 - "GET / HTTP/1.0" 200 OK
INFO:     142.93.48.159:47340 - "GET /v2/_catalog HTTP/1.1" 404 Not Found
INFO:     147.182.180.244:34738 - "GET /query?q=SHOW+DIAGNOSTICS HTTP/1.1" 404 Not Found
WARNING:  Invalid HTTP request received.
INFO:     157.245.81.234:19076 - "GET /cgi-bin/authLogin.cgi HTTP/1.1" 404 Not Found
WARNING:  Invalid HTTP request received.
WARNING:  Invalid HTTP request received.
WARNING:  Invalid HTTP request received.
INFO:     159.223.136.191:31678 - "GET / HTTP/1.1" 200 OK
INFO:     52.76.71.100:12512 - "GET /favicon.ico HTTP/1.1" 404 Not Found
INFO:     51.250.96.61:33628 - "GET /api/wobblers/1 HTTP/1.1" 200 OK
INFO:     51.250.96.61:34134 - "GET /api/wobblers/1 HTTP/1.1" 200 OK
INFO:     51.250.96.61:58050 - "GET /api/wobblers/1 HTTP/1.1" 200 OK
INFO:     51.250.96.61:45764 - "GET /api/wobblers/1 HTTP/1.1" 200 OK
INFO:     51.250.96.61:56196 - "GET /api/wobblers/1 HTTP/1.1" 200 OK
INFO:     167.99.228.175:64996 - "GET /solr/admin/info/system HTTP/1.1" 404 Not Found
INFO:     167.99.228.175:64998 - "GET /solr/admin/cores?action=STATUS&wt=json HTTP/1.1" 404 Not Found
INFO:     51.250.96.61:56108 - "GET /api/wobblers/1 HTTP/1.1" 200 OK
INFO:     51.250.96.61:56108 - "GET /api/wobblers/1 HTTP/1.1" 200 OK
INFO:     51.250.96.61:43112 - "GET /api/wobblers/1 HTTP/1.1" 200 OK
INFO:     51.250.96.61:43112 - "GET /api/wobblers/1 HTTP/1.1" 200 OK
INFO:     51.250.96.61:43112 - "GET /api/wobblers/1 HTTP/1.1" 200 OK
INFO:     51.250.96.61:43112 - "GET /api/wobblers/1 HTTP/1.1" 200 OK
INFO:     51.250.96.61:43112 - "GET /api/wobblers/1 HTTP/1.1" 200 OK
INFO:     51.250.96.61:43112 - "GET /api/wobblers/1 HTTP/1.1" 200 OK
INFO:     51.250.96.61:43112 - "GET /api/wobblers/1 HTTP/1.1" 200 OK
INFO:     51.250.96.61:43112 - "GET /api/wobblers/1 HTTP/1.1" 200 OK
INFO:     51.250.96.61:43112 - "GET /api/wobblers/1 HTTP/1.1" 200 OK
INFO:     51.250.96.61:43112 - "GET /api/wobblers/1 HTTP/1.1" 200 OK
INFO:     51.250.96.61:43112 - "GET /api/wobblers/1 HTTP/1.1" 200 OK
INFO:     51.250.96.61:43112 - "GET /api/wobblers/1 HTTP/1.1" 200 OK
INFO:     51.250.96.61:43112 - "GET /api/wobblers/1 HTTP/1.1" 200 OK
INFO:     51.250.96.61:43112 - "GET /api/wobblers/1 HTTP/1.1" 200 OK
INFO:     51.250.96.61:43112 - "GET /api/wobblers/1 HTTP/1.1" 200 OK
INFO:     51.250.96.61:43112 - "GET /api/wobblers/1 HTTP/1.1" 200 OK
INFO:     51.250.96.61:43112 - "GET /api/wobblers/1 HTTP/1.1" 200 OK
INFO:     51.250.96.61:43112 - "GET /api/wobblers/1 HTTP/1.1" 200 OK
INFO:     51.250.96.61:43112 - "GET /api/wobblers/1 HTTP/1.1" 200 OK
INFO:     51.250.96.61:43112 - "GET /api/wobblers/1 HTTP/1.1" 200 OK
INFO:     51.250.96.61:43112 - "GET /api/wobblers/1 HTTP/1.1" 200 OK
INFO:     51.250.96.61:43112 - "GET /api/wobblers/1 HTTP/1.1" 200 OK
INFO:     51.250.96.61:43112 - "GET /api/wobblers/1 HTTP/1.1" 200 OK
INFO:     51.250.96.61:43112 - "GET /api/wobblers/1 HTTP/1.1" 200 OK
INFO:     51.250.96.61:43112 - "GET /api/wobblers/1 HTTP/1.1" 200 OK
INFO:     51.250.96.61:42562 - "GET /api/wobblers/1 HTTP/1.1" 200 OK
INFO:     51.250.96.61:42562 - "GET /api/wobblers/1 HTTP/1.1" 200 OK
INFO:     51.250.96.61:42562 - "GET /api/wobblers/1 HTTP/1.1" 200 OK
INFO:     51.250.96.61:42562 - "GET /api/wobblers/1 HTTP/1.1" 200 OK
INFO:     51.250.96.61:42562 - "GET /api/wobblers/1 HTTP/1.1" 200 OK
INFO:     51.250.96.61:42562 - "GET /api/wobblers/1 HTTP/1.1" 200 OK
INFO:     51.250.96.61:47474 - "GET /api/wobblers/1 HTTP/1.1" 200 OK
INFO:     51.250.96.61:47474 - "GET /api/wobblers/1 HTTP/1.1" 200 OK
INFO:     51.250.96.61:47474 - "GET /api/wobblers/1 HTTP/1.1" 200 OK
INFO:     51.250.96.61:47474 - "GET /api/wobblers/1 HTTP/1.1" 200 OK
INFO:     51.250.96.61:47474 - "GET /api/wobblers/1 HTTP/1.1" 200 OK
INFO:     51.250.96.61:47474 - "GET /api/wobblers/1 HTTP/1.1" 200 OK
INFO:     51.250.96.61:47474 - "GET /api/wobblers/1 HTTP/1.1" 200 OK
INFO:     51.250.96.61:47474 - "GET /api/wobblers/1 HTTP/1.1" 200 OK
INFO:     51.250.96.61:47474 - "GET /api/wobblers/1 HTTP/1.1" 200 OK
INFO:     51.250.96.61:47474 - "GET /api/wobblers/1 HTTP/1.1" 200 OK
INFO:     51.250.96.61:47474 - "GET /api/wobblers/1 HTTP/1.1" 200 OK
INFO:     51.250.96.61:47474 - "GET /api/wobblers/1 HTTP/1.1" 200 OK
INFO:     51.250.96.61:36258 - "GET /api/wobblers/1 HTTP/1.1" 200 OK
INFO:     51.250.96.61:36258 - "GET /api/wobblers/1 HTTP/1.1" 200 OK
INFO:     51.250.96.61:36258 - "GET /api/wobblers/1 HTTP/1.1" 200 OK
INFO:     51.250.96.61:36258 - "GET /api/wobblers/1 HTTP/1.1" 200 OK
INFO:     51.250.96.61:53714 - "GET /api/wobblers/1 HTTP/1.1" 200 OK
INFO:     51.250.96.61:34282 - "GET /api/wobblers/1 HTTP/1.1" 200 OK
INFO:     51.250.96.61:60328 - "GET /api/wobblers/1 HTTP/1.1" 200 OK
INFO:     51.250.96.61:47728 - "GET /api/wobblers/1 HTTP/1.1" 200 OK
INFO:     51.250.96.61:47734 - "GET /api/wobblers/1 HTTP/1.1" 200 OK
INFO:     51.250.96.61:47754 - "GET /api/wobblers/1 HTTP/1.1" 200 OK
INFO:     51.250.96.61:47738 - "GET /api/wobblers/1 HTTP/1.1" 200 OK
INFO:     51.250.96.61:47760 - "GET /api/wobblers/1 HTTP/1.1" 200 OK
INFO:     51.250.96.61:47774 - "GET /api/wobblers/1 HTTP/1.1" 200 OK
INFO:     51.250.96.61:47784 - "GET /api/wobblers/1 HTTP/1.1" 200 OK
INFO:     51.250.96.61:47794 - "GET /api/wobblers/1 HTTP/1.1" 200 OK
INFO:     51.250.96.61:47800 - "GET /api/wobblers/1 HTTP/1.1" 200 OK
INFO:     51.250.96.61:47808 - "GET /api/wobblers/1 HTTP/1.1" 200 OK
INFO:     51.250.96.61:46620 - "GET /api/wobblers/1 HTTP/1.1" 200 OK
INFO:     51.250.96.61:46620 - "GET /api/wobblers/1 HTTP/1.1" 200 OK
INFO:     51.250.96.61:46336 - "GET /api/wobblers/1 HTTP/1.1" 200 OK
INFO:     51.250.96.61:41974 - "GET /api/wobblers/1 HTTP/1.1" 200 OK
INFO:     51.250.96.61:48420 - "GET /api/wobblers/1 HTTP/1.1" 200 OK
INFO:     51.250.96.61:33384 - "GET /api/wobblers/1 HTTP/1.1" 200 OK
INFO:     51.250.96.61:56202 - "GET /api/wobblers/1 HTTP/1.1" 200 OK
INFO:     31.131.255.210:35206 - "GET / HTTP/1.1" 200 OK
INFO:     51.250.96.61:49810 - "GET /api/wobblers/1 HTTP/1.1" 200 OK
INFO:     51.250.96.61:59474 - "GET /api/wobblers/1 HTTP/1.1" 200 OK
INFO:     51.250.96.61:59476 - "GET /api/wobblers/1 HTTP/1.1" 200 OK
INFO:     51.250.96.61:59484 - "GET /api/wobblers/1 HTTP/1.1" 200 OK
INFO:     51.250.96.61:59486 - "GET /api/wobblers/1 HTTP/1.1" 200 OK
INFO:     51.250.96.61:59474 - "GET /api/wobblers/1 HTTP/1.1" 200 OK
INFO:     51.250.96.61:59476 - "GET /api/wobblers/1 HTTP/1.1" 200 OK
INFO:     51.250.96.61:59484 - "GET /api/wobblers/1 HTTP/1.1" 200 OK
INFO:     51.250.96.61:59474 - "GET /api/wobblers/1 HTTP/1.1" 200 OK
INFO:     51.250.96.61:59486 - "GET /api/wobblers/1 HTTP/1.1" 200 OK
INFO:     51.250.96.61:59476 - "GET /api/wobblers/1 HTTP/1.1" 200 OK
INFO:     51.250.96.61:59484 - "GET /api/wobblers/1 HTTP/1.1" 200 OK
INFO:     51.250.96.61:59502 - "GET /api/wobblers/1 HTTP/1.1" 200 OK
INFO:     51.250.96.61:59474 - "GET /api/wobblers/1 HTTP/1.1" 200 OK
INFO:     51.250.96.61:59476 - "GET /api/wobblers/1 HTTP/1.1" 200 OK
INFO:     51.250.96.61:59486 - "GET /api/wobblers/1 HTTP/1.1" 200 OK
INFO:     51.250.96.61:45784 - "GET /api/wobblers/1 HTTP/1.1" 200 OK
INFO:     51.250.96.61:59786 - "GET /api/wobblers/1 HTTP/1.1" 200 OK
INFO:     51.250.96.61:59786 - "GET /api/wobblers/1 HTTP/1.1" 200 OK
INFO:     51.250.96.61:51966 - "GET /api/wobblers/1 HTTP/1.1" 200 OK
INFO:     51.250.96.61:57980 - "GET /api/wobblers/1 HTTP/1.1" 200 OK
INFO:     51.250.96.61:48558 - "GET /api/wobblers/1 HTTP/1.1" 200 OK
INFO:     51.250.96.61:51450 - "GET /api/wobblers/1 HTTP/1.1" 200 OK
INFO:     51.250.96.61:51450 - "GET /api/wobblers/1 HTTP/1.1" 200 OK
INFO:     51.250.96.61:51450 - "GET /api/wobblers/1 HTTP/1.1" 200 OK
INFO:     51.250.96.61:51450 - "GET /api/wobblers/1 HTTP/1.1" 200 OK
INFO:     51.250.96.61:51450 - "GET /api/wobblers/1 HTTP/1.1" 200 OK
INFO:     51.250.96.61:51450 - "GET /api/wobblers/1 HTTP/1.1" 200 OK
INFO:     51.250.96.61:51450 - "GET /api/wobblers/1 HTTP/1.1" 200 OK
INFO:     51.250.96.61:51450 - "GET /api/wobblers/1 HTTP/1.1" 200 OK
INFO:     51.250.96.61:51450 - "GET /api/wobblers/1 HTTP/1.1" 200 OK
INFO:     51.250.96.61:51450 - "GET /api/wobblers/1 HTTP/1.1" 200 OK
INFO:     51.250.96.61:51450 - "GET /api/wobblers/1 HTTP/1.1" 200 OK
INFO:     51.250.96.61:51450 - "GET /api/wobblers/1 HTTP/1.1" 200 OK
INFO:     51.250.96.61:51450 - "GET /api/wobblers/1 HTTP/1.1" 200 OK
INFO:     51.250.96.61:51450 - "GET /api/wobblers/1 HTTP/1.1" 200 OK
INFO:     51.250.96.61:55920 - "GET /api/wobblers/1 HTTP/1.1" 200 OK
INFO:     51.250.96.61:56698 - "GET /api/wobblers/1 HTTP/1.1" 200 OK
INFO:     51.250.96.61:58172 - "GET /api/wobblers/1 HTTP/1.1" 200 OK
INFO:     51.250.96.61:54352 - "GET /api/wobblers/1 HTTP/1.1" 200 OK
INFO:     51.250.96.61:52780 - "GET /api/wobblers/1 HTTP/1.1" 200 OK
INFO:     51.250.96.61:58412 - "GET /api/wobblers/1 HTTP/1.1" 200 OK
INFO:     51.250.96.61:43192 - "GET /api/wobblers/1 HTTP/1.1" 200 OK
INFO:     51.250.96.61:55468 - "GET /api/wobblers/1 HTTP/1.1" 200 OK
INFO:     159.223.132.235:29856 - "GET /solr/admin/info/system HTTP/1.1" 404 Not Found
INFO:     159.223.132.235:29858 - "GET /solr/admin/cores?action=STATUS&wt=json HTTP/1.1" 404 Not Found
INFO:     51.250.96.61:33484 - "GET /api/wobblers/1 HTTP/1.1" 200 OK
INFO:     51.250.96.61:54370 - "GET /api/wobblers/1 HTTP/1.1" 200 OK
INFO:     51.250.96.61:54370 - "GET /api/wobblers/1 HTTP/1.1" 200 OK
INFO:     51.250.96.61:54370 - "GET /api/wobblers/1 HTTP/1.1" 200 OK
INFO:     51.250.96.61:54370 - "GET /api/wobblers/1 HTTP/1.1" 200 OK
INFO:     51.250.96.61:58312 - "GET /api/wobblers/1 HTTP/1.1" 200 OK
INFO:     178.128.148.3:17390 - "GET /solr/admin/info/system HTTP/1.1" 404 Not Found
INFO:     178.128.148.3:17396 - "GET /solr/admin/cores?action=STATUS&wt=json HTTP/1.1" 404 Not Found
INFO:     51.250.96.61:37854 - "GET /api/wobblers/1 HTTP/1.1" 200 OK
INFO:     167.94.138.41:48016 - "GET / HTTP/1.1" 200 OK
WARNING:  Invalid HTTP request received.
INFO:     167.94.138.41:48026 - "GET /favicon.ico HTTP/1.1" 404 Not Found
INFO:     51.250.96.61:46698 - "GET /api/wobblers/1 HTTP/1.1" 200 OK
INFO:     51.250.96.61:46078 - "GET /api/wobblers/1 HTTP/1.1" 200 OK
INFO:     51.250.96.61:46078 - "GET /api/wobblers/1 HTTP/1.1" 200 OK
INFO:     51.250.96.61:46078 - "GET /api/wobblers/1 HTTP/1.1" 200 OK
INFO:     51.250.96.61:46078 - "GET /api/wobblers/1 HTTP/1.1" 200 OK
INFO:     51.250.96.61:46078 - "GET /api/wobblers/1 HTTP/1.1" 200 OK
INFO:     51.250.96.61:46078 - "GET /api/wobblers/1 HTTP/1.1" 200 OK
INFO:     51.250.96.61:46078 - "GET /api/wobblers/1 HTTP/1.1" 200 OK
INFO:     51.250.96.61:46078 - "GET /api/wobblers/1 HTTP/1.1" 200 OK
INFO:     51.250.96.61:46078 - "GET /api/wobblers/1 HTTP/1.1" 200 OK
INFO:     51.250.96.61:46078 - "GET /api/wobblers/1 HTTP/1.1" 200 OK
INFO:     51.250.96.61:46078 - "GET /api/wobblers/1 HTTP/1.1" 200 OK
INFO:     51.250.96.61:46078 - "GET /api/wobblers/1 HTTP/1.1" 200 OK
INFO:     51.250.96.61:46078 - "GET /api/wobblers/1 HTTP/1.1" 200 OK
INFO:     51.250.96.61:46078 - "GET /api/wobblers/1 HTTP/1.1" 200 OK
INFO:     51.250.96.61:46078 - "GET /api/wobblers/1 HTTP/1.1" 200 OK
INFO:     51.250.96.61:46078 - "GET /api/wobblers/1 HTTP/1.1" 200 OK
INFO:     51.250.96.61:46078 - "GET /api/wobblers/1 HTTP/1.1" 200 OK
INFO:     51.250.96.61:46078 - "GET /api/wobblers/1 HTTP/1.1" 200 OK
INFO:     51.250.96.61:46078 - "GET /api/wobblers/1 HTTP/1.1" 200 OK
INFO:     51.250.96.61:46298 - "GET /api/wobblers/1 HTTP/1.1" 200 OK
INFO:     51.250.96.61:46298 - "GET /api/wobblers/1 HTTP/1.1" 200 OK
INFO:     51.250.96.61:46298 - "GET /api/wobblers/1 HTTP/1.1" 200 OK
INFO:     51.250.96.61:46298 - "GET /api/wobblers/1 HTTP/1.1" 200 OK
INFO:     51.250.96.61:46298 - "GET /api/wobblers/1 HTTP/1.1" 200 OK
INFO:     51.250.96.61:46298 - "GET /api/wobblers/1 HTTP/1.1" 200 OK
INFO:     51.250.96.61:46298 - "GET /api/wobblers/1 HTTP/1.1" 200 OK
INFO:     51.250.96.61:46298 - "GET /api/wobblers/1 HTTP/1.1" 200 OK
INFO:     51.250.96.61:46298 - "GET /api/wobblers/1 HTTP/1.1" 200 OK
INFO:     51.250.96.61:46298 - "GET /api/wobblers/1 HTTP/1.1" 200 OK
INFO:     51.250.96.61:46298 - "GET /api/wobblers/1 HTTP/1.1" 200 OK
INFO:     51.250.96.61:46298 - "GET /api/wobblers/1 HTTP/1.1" 200 OK
INFO:     51.250.96.61:46298 - "GET /api/wobblers/1 HTTP/1.1" 200 OK
INFO:     51.250.96.61:46298 - "GET /api/wobblers/1 HTTP/1.1" 200 OK
INFO:     51.250.96.61:46298 - "GET /api/wobblers/1 HTTP/1.1" 200 OK
INFO:     51.250.96.61:46298 - "GET /api/wobblers/1 HTTP/1.1" 200 OK
INFO:     51.250.96.61:46298 - "GET /api/wobblers/1 HTTP/1.1" 200 OK
INFO:     51.250.96.61:46298 - "GET /api/wobblers/1 HTTP/1.1" 200 OK
INFO:     51.250.96.61:46298 - "GET /api/wobblers/1 HTTP/1.1" 200 OK
INFO:     51.250.96.61:46298 - "GET /api/wobblers/1 HTTP/1.1" 200 OK
INFO:     51.250.96.61:46298 - "GET /api/wobblers/1 HTTP/1.1" 200 OK
INFO:     51.250.96.61:46298 - "GET /api/wobblers/1 HTTP/1.1" 200 OK
INFO:     51.250.96.61:34140 - "GET /api/wobblers/1 HTTP/1.1" 200 OK
WARNING:  Invalid HTTP request received.
WARNING:  Invalid HTTP request received.
INFO:     51.250.96.61:57932 - "GET /api/wobblers/1 HTTP/1.1" 200 OK
INFO:     51.250.96.61:57932 - "GET /api/breakages/1 HTTP/1.1" 200 OK
INFO:     51.250.96.61:40914 - "GET /api/flights/1 HTTP/1.1" 200 OK
INFO:     51.250.96.61:40926 - "GET /api/flights/last/breakages/1 HTTP/1.1" 200 OK
INFO:     51.250.96.61:40934 - "GET /api/wobblers/1 HTTP/1.1" 200 OK
INFO:     51.250.96.61:40938 - "GET /api/breakages/2 HTTP/1.1" 200 OK
INFO:     51.250.96.61:40950 - "GET /api/flights/1 HTTP/1.1" 200 OK
INFO:     51.250.96.61:40954 - "GET /api/flights/last/breakages/1 HTTP/1.1" 200 OK
INFO:     51.250.96.61:40966 - "GET /api/wobblers/1 HTTP/1.1" 200 OK
INFO:     51.250.96.61:40926 - "GET /api/efficiency/1 HTTP/1.1" 200 OK
INFO:     51.250.96.61:40954 - "GET /api/efficiency/1 HTTP/1.1" 200 OK
INFO:     51.250.96.61:40926 - "GET /api/breakages/repeating/1 HTTP/1.1" 200 OK
INFO:     51.250.96.61:40954 - "GET /api/breakages/repeating/1 HTTP/1.1" 200 OK
INFO:     51.250.96.61:40954 - "GET /api/wobblers/1 HTTP/1.1" 200 OK
INFO:     51.250.96.61:40954 - "GET /api/wobblers/1 HTTP/1.1" 200 OK
INFO:     51.250.96.61:40926 - "GET /api/wobblers/1 HTTP/1.1" 200 OK
INFO:     51.250.96.61:40926 - "GET /api/wobblers/1 HTTP/1.1" 200 OK
INFO:     51.250.96.61:40926 - "GET /api/wobblers/1 HTTP/1.1" 200 OK
INFO:     51.250.96.61:40954 - "GET /api/wobblers/1 HTTP/1.1" 200 OK
INFO:     51.250.96.61:40954 - "GET /api/wobblers/1 HTTP/1.1" 200 OK
INFO:     51.250.96.61:40926 - "GET /api/wobblers/1 HTTP/1.1" 200 OK
INFO:     51.250.96.61:40980 - "GET /api/wobblers/1 HTTP/1.1" 200 OK
INFO:     51.250.96.61:40982 - "GET /api/wobblers/1 HTTP/1.1" 200 OK
INFO:     51.250.96.61:40988 - "GET /api/wobblers/1 HTTP/1.1" 200 OK
INFO:     51.250.96.61:40954 - "GET /api/wobblers/1 HTTP/1.1" 200 OK
INFO:     51.250.96.61:40954 - "GET /api/wobblers/1 HTTP/1.1" 200 OK
INFO:     51.250.96.61:40954 - "GET /api/wobblers/1 HTTP/1.1" 200 OK
INFO:     51.250.96.61:40954 - "GET /api/wobblers/1 HTTP/1.1" 200 OK
INFO:     51.250.96.61:40926 - "GET /api/wobblers/1 HTTP/1.1" 200 OK
INFO:     51.250.96.61:40988 - "GET /api/wobblers/1 HTTP/1.1" 200 OK
INFO:     51.250.96.61:40982 - "GET /api/wobblers/1 HTTP/1.1" 200 OK
INFO:     51.250.96.61:40980 - "GET /api/wobblers/1 HTTP/1.1" 200 OK
INFO:     51.250.96.61:37010 - "GET /api/wobblers/1 HTTP/1.1" 200 OK
INFO:     51.250.96.61:37024 - "GET /api/wobblers/1 HTTP/1.1" 200 OK
INFO:     51.250.96.61:37028 - "GET /api/wobblers/1 HTTP/1.1" 200 OK
INFO:     51.250.96.61:37040 - "GET /api/wobblers/1 HTTP/1.1" 200 OK
INFO:     51.250.96.61:37060 - "GET /api/wobblers/1 HTTP/1.1" 200 OK
INFO:     51.250.96.61:37046 - "GET /api/wobblers/1 HTTP/1.1" 200 OK
INFO:     51.250.96.61:51086 - "GET /api/wobblers/1 HTTP/1.1" 200 OK
INFO:     51.250.96.61:33442 - "GET /api/wobblers/1 HTTP/1.1" 200 OK
INFO:     51.250.96.61:46830 - "GET /api/wobblers/1 HTTP/1.1" 200 OK
INFO:     51.250.96.61:42890 - "GET /api/wobblers/1 HTTP/1.1" 200 OK
INFO:     51.250.96.61:42890 - "GET /api/wobblers/1 HTTP/1.1" 200 OK
INFO:     51.250.96.61:42890 - "GET /api/wobblers/1 HTTP/1.1" 200 OK
INFO:     51.250.96.61:42890 - "GET /api/wobblers/1 HTTP/1.1" 200 OK
INFO:     51.250.96.61:42890 - "GET /api/wobblers/1 HTTP/1.1" 200 OK
INFO:     51.250.96.61:42890 - "GET /api/wobblers/1 HTTP/1.1" 200 OK
INFO:     51.250.96.61:42890 - "GET /api/wobblers/1 HTTP/1.1" 200 OK
INFO:     51.250.96.61:32878 - "GET /api/wobblers/1 HTTP/1.1" 200 OK
INFO:     51.250.96.61:46738 - "GET /api/wobblers/1 HTTP/1.1" 200 OK
INFO:     51.250.96.61:46738 - "GET /api/breakages/1 HTTP/1.1" 200 OK
INFO:     51.250.96.61:46746 - "GET /api/flights/last/breakages/1 HTTP/1.1" 200 OK
INFO:     51.250.96.61:46742 - "GET /api/flights/1 HTTP/1.1" 200 OK
INFO:     51.250.96.61:46758 - "GET /api/breakages/2 HTTP/1.1" 200 OK
INFO:     51.250.96.61:46770 - "GET /api/flights/1 HTTP/1.1" 200 OK
INFO:     51.250.96.61:46786 - "GET /api/flights/last/breakages/1 HTTP/1.1" 200 OK
INFO:     51.250.96.61:46802 - "GET /api/wobblers/1 HTTP/1.1" 200 OK
INFO:     51.250.96.61:46804 - "GET /api/wobblers/1 HTTP/1.1" 200 OK
INFO:     51.250.96.61:46746 - "GET /api/efficiency/1 HTTP/1.1" 200 OK
INFO:     51.250.96.61:46786 - "GET /api/efficiency/1 HTTP/1.1" 200 OK
INFO:     51.250.96.61:46746 - "GET /api/breakages/repeating/1 HTTP/1.1" 200 OK
INFO:     51.250.96.61:46786 - "GET /api/breakages/repeating/1 HTTP/1.1" 200 OK
INFO:     51.250.96.61:46786 - "GET /api/wobblers/1 HTTP/1.1" 200 OK
INFO:     51.250.96.61:46786 - "GET /api/wobblers/1 HTTP/1.1" 200 OK
INFO:     51.250.96.61:46786 - "GET /api/wobblers/1 HTTP/1.1" 200 OK
INFO:     51.250.96.61:46786 - "GET /api/wobblers/1 HTTP/1.1" 200 OK
INFO:     51.250.96.61:46746 - "GET /api/wobblers/1 HTTP/1.1" 200 OK
INFO:     51.250.96.61:51980 - "GET /api/wobblers/1 HTTP/1.1" 200 OK
INFO:     51.250.96.61:51976 - "GET /api/wobblers/1 HTTP/1.1" 200 OK
INFO:     51.250.96.61:51984 - "GET /api/wobblers/1 HTTP/1.1" 200 OK
INFO:     51.250.96.61:51990 - "GET /api/wobblers/1 HTTP/1.1" 200 OK
INFO:     51.250.96.61:51990 - "GET /api/wobblers/1 HTTP/1.1" 200 OK
INFO:     51.250.96.61:51984 - "GET /api/wobblers/1 HTTP/1.1" 200 OK
INFO:     51.250.96.61:51984 - "GET /api/wobblers/1 HTTP/1.1" 200 OK
INFO:     51.250.96.61:51976 - "GET /api/wobblers/1 HTTP/1.1" 200 OK
INFO:     51.250.96.61:51990 - "GET /api/wobblers/1 HTTP/1.1" 200 OK
INFO:     51.250.96.61:51984 - "GET /api/wobblers/1 HTTP/1.1" 200 OK
INFO:     51.250.96.61:51976 - "GET /api/wobblers/1 HTTP/1.1" 200 OK
INFO:     51.250.96.61:46786 - "GET /api/wobblers/1 HTTP/1.1" 200 OK
INFO:     51.250.96.61:51980 - "GET /api/wobblers/1 HTTP/1.1" 200 OK
INFO:     51.250.96.61:51990 - "GET /api/wobblers/1 HTTP/1.1" 200 OK
INFO:     51.250.96.61:46746 - "GET /api/wobblers/1 HTTP/1.1" 200 OK
INFO:     51.250.96.61:51984 - "GET /api/wobblers/1 HTTP/1.1" 200 OK
INFO:     51.250.96.61:52004 - "GET /api/wobblers/1 HTTP/1.1" 200 OK
INFO:     51.250.96.61:52028 - "GET /api/wobblers/1 HTTP/1.1" 200 OK
INFO:     51.250.96.61:52010 - "GET /api/wobblers/1 HTTP/1.1" 200 OK
INFO:     51.250.96.61:52012 - "GET /api/wobblers/1 HTTP/1.1" 200 OK
INFO:     51.250.96.61:51956 - "GET /api/wobblers/1 HTTP/1.1" 200 OK
INFO:     51.250.96.61:51956 - "GET /api/wobblers/1 HTTP/1.1" 200 OK
INFO:     51.250.96.61:53546 - "GET /api/wobblers/1 HTTP/1.1" 200 OK
INFO:     51.250.96.61:56912 - "GET /api/wobblers/1 HTTP/1.1" 200 OK
INFO:     51.250.96.61:56912 - "GET /api/wobblers/1 HTTP/1.1" 200 OK
INFO:     51.250.96.61:56912 - "GET /api/wobblers/1 HTTP/1.1" 200 OK
INFO:     51.250.96.61:52818 - "GET /api/wobblers/1 HTTP/1.1" 200 OK
INFO:     51.250.96.61:52822 - "GET /api/wobblers/1 HTTP/1.1" 200 OK
INFO:     51.250.96.61:52834 - "GET /api/wobblers/1 HTTP/1.1" 200 OK
INFO:     51.250.96.61:50100 - "GET /api/wobblers/1 HTTP/1.1" 200 OK
INFO:     51.250.96.61:57182 - "GET /api/wobblers/1 HTTP/1.1" 200 OK
INFO:     51.250.96.61:43954 - "GET /api/wobblers/1 HTTP/1.1" 200 OK
INFO:     51.250.96.61:43962 - "GET /api/wobblers/1 HTTP/1.1" 200 OK
INFO:     51.250.96.61:43974 - "GET /api/wobblers/1 HTTP/1.1" 200 OK
INFO:     51.250.96.61:43986 - "GET /api/wobblers/1 HTTP/1.1" 200 OK
INFO:     51.250.96.61:43954 - "GET /api/wobblers/1 HTTP/1.1" 200 OK
INFO:     51.250.96.61:43992 - "GET /api/wobblers/1 HTTP/1.1" 200 OK
INFO:     51.250.96.61:50196 - "GET /api/wobblers/1 HTTP/1.1" 200 OK
INFO:     51.250.96.61:40554 - "GET /api/wobblers/1 HTTP/1.1" 200 OK
INFO:     51.250.96.61:40554 - "GET /api/wobblers/1 HTTP/1.1" 200 OK
INFO:     51.250.96.61:40554 - "GET /api/wobblers/1 HTTP/1.1" 200 OK
INFO:     51.250.96.61:40554 - "GET /api/wobblers/1 HTTP/1.1" 200 OK
INFO:     89.248.171.23:49196 - "GET /api/wobblers/1 HTTP/1.1" 200 OK
INFO:     51.250.96.61:34934 - "GET /api/wobblers/1 HTTP/1.1" 200 OK
INFO:     87.247.12.74:61460 - "GET /api/wobblers/1 HTTP/1.1" 200 OK
INFO:     87.247.12.74:61462 - "GET /api/wobblers/1 HTTP/1.1" 200 OK
INFO:     87.247.12.74:61462 - "GET /api/wobblers/1 HTTP/1.1" 200 OK
INFO:     87.247.12.74:61464 - "GET /api/wobblers/1 HTTP/1.1" 200 OK
INFO:     51.250.96.61:39560 - "GET /api/wobblers/1 HTTP/1.1" 200 OK
INFO:     51.250.96.61:41702 - "GET /api/wobblers/1 HTTP/1.1" 200 OK
INFO:     51.250.96.61:45566 - "GET /api/wobblers/1 HTTP/1.1" 200 OK
INFO:     51.250.96.61:47710 - "GET /api/wobblers/1 HTTP/1.1" 200 OK
INFO:     51.250.96.61:40526 - "GET /api/wobblers/1 HTTP/1.1" 200 OK
INFO:     51.250.96.61:40526 - "GET /api/wobblers/1 HTTP/1.1" 200 OK
INFO:     51.250.96.61:40526 - "GET /api/wobblers/1 HTTP/1.1" 200 OK
INFO:     51.250.96.61:40526 - "GET /api/wobblers/1 HTTP/1.1" 200 OK
INFO:     51.250.96.61:40526 - "GET /api/wobblers/1 HTTP/1.1" 200 OK
INFO:     51.250.96.61:40526 - "GET /api/wobblers/1 HTTP/1.1" 200 OK
INFO:     51.250.96.61:34884 - "GET /api/wobblers/1 HTTP/1.1" 200 OK
INFO:     51.250.96.61:34898 - "GET /api/wobblers/1 HTTP/1.1" 200 OK
INFO:     51.250.96.61:51608 - "GET /api/wobblers/1 HTTP/1.1" 200 OK
INFO:     46.34.192.79:44519 - "GET /api/wobblers/1 HTTP/1.1" 200 OK
INFO:     46.34.192.79:50181 - "GET /api/wobblers/1 HTTP/1.1" 200 OK
INFO:     51.250.96.61:34424 - "GET /api/flights/last/breakages/1 HTTP/1.1" 200 OK
INFO:     51.250.96.61:34396 - "GET /api/breakages/1 HTTP/1.1" 200 OK
INFO:     51.250.96.61:34408 - "GET /api/flights/1 HTTP/1.1" 200 OK
INFO:     51.250.96.61:34424 - "GET /api/efficiency/1 HTTP/1.1" 200 OK
INFO:     51.250.96.61:34424 - "GET /api/breakages/repeating/1 HTTP/1.1" 200 OK
INFO:     46.34.192.79:50181 - "GET /api/map/1 HTTP/1.1" 200 OK
INFO:     46.34.192.79:50181 - "GET /api/flights/last/1 HTTP/1.1" 200 OK
INFO:     2.133.26.116:60044 - "GET /api/wobblers/1 HTTP/1.1" 200 OK
INFO:     193.148.60.110:58361 - "GET /api/wobblers/1 HTTP/1.1" 200 OK
INFO:     2.133.26.116:60058 - "GET /api/wobblers/1 HTTP/1.1" 200 OK
INFO:     2.133.26.116:60058 - "GET /api/wobblers/1 HTTP/1.1" 200 OK
INFO:     51.250.96.61:52008 - "GET /api/breakages/1 HTTP/1.1" 200 OK
INFO:     51.250.96.61:52028 - "GET /api/flights/last/breakages/1 HTTP/1.1" 200 OK
INFO:     51.250.96.61:52022 - "GET /api/flights/1 HTTP/1.1" 200 OK
INFO:     51.250.96.61:52028 - "GET /api/efficiency/1 HTTP/1.1" 200 OK
INFO:     51.250.96.61:52028 - "GET /api/breakages/repeating/1 HTTP/1.1" 200 OK
INFO:     2.133.26.116:60058 - "GET /api/map/1 HTTP/1.1" 200 OK
INFO:     2.133.26.116:60058 - "GET /api/flights/last/1 HTTP/1.1" 200 OK
INFO:     193.148.60.110:58363 - "GET /api/wobblers/1 HTTP/1.1" 200 OK
INFO:     193.148.60.110:58363 - "GET /api/wobblers/1 HTTP/1.1" 200 OK
INFO:     51.250.96.61:35044 - "GET /api/flights/1 HTTP/1.1" 200 OK
INFO:     51.250.96.61:35060 - "GET /api/flights/last/breakages/1 HTTP/1.1" 200 OK
INFO:     51.250.96.61:35034 - "GET /api/breakages/1 HTTP/1.1" 200 OK
INFO:     51.250.96.61:35060 - "GET /api/efficiency/1 HTTP/1.1" 200 OK
INFO:     51.250.96.61:35060 - "GET /api/breakages/repeating/1 HTTP/1.1" 200 OK
INFO:     193.148.60.110:58363 - "GET /api/map/1 HTTP/1.1" 200 OK
INFO:     193.148.60.110:58363 - "GET /api/flights/last/1 HTTP/1.1" 200 OK
INFO:     193.148.60.110:58382 - "GET /api/wobblers/1 HTTP/1.1" 200 OK
INFO:     193.148.60.110:58406 - "GET /api/wobblers/1 HTTP/1.1" 200 OK
INFO:     193.148.60.110:58406 - "GET /api/wobblers/1 HTTP/1.1" 200 OK
INFO:     193.148.60.110:58406 - "GET /api/wobblers/1 HTTP/1.1" 200 OK
INFO:     193.148.60.110:58410 - "GET /api/wobblers/1 HTTP/1.1" 200 OK
INFO:     193.148.60.110:58410 - "GET /api/wobblers/1 HTTP/1.1" 200 OK
INFO:     193.148.60.110:58410 - "GET /api/wobblers/1 HTTP/1.1" 200 OK
INFO:     193.148.60.110:58411 - "GET /api/wobblers/1 HTTP/1.1" 200 OK
INFO:     193.148.60.110:58411 - "GET /api/wobblers/1 HTTP/1.1" 200 OK
INFO:     193.148.60.110:58411 - "GET /api/wobblers/1 HTTP/1.1" 200 OK
INFO:     193.148.60.110:58411 - "GET /api/wobblers/1 HTTP/1.1" 200 OK
INFO:     193.148.60.110:58411 - "GET /api/wobblers/1 HTTP/1.1" 200 OK
INFO:     193.148.60.110:58414 - "GET /api/wobblers/1 HTTP/1.1" 200 OK
INFO:     193.148.60.110:58414 - "GET /api/wobblers/1 HTTP/1.1" 200 OK
INFO:     51.250.96.61:39398 - "GET /api/flights/1 HTTP/1.1" 200 OK
INFO:     51.250.96.61:39388 - "GET /api/breakages/1 HTTP/1.1" 200 OK
INFO:     51.250.96.61:39402 - "GET /api/flights/last/breakages/1 HTTP/1.1" 200 OK
INFO:     51.250.96.61:39402 - "GET /api/efficiency/1 HTTP/1.1" 200 OK
INFO:     51.250.96.61:39402 - "GET /api/breakages/repeating/1 HTTP/1.1" 200 OK
INFO:     193.148.60.110:58414 - "GET /api/flights/last/1 HTTP/1.1" 200 OK
INFO:     193.148.60.110:58420 - "GET /api/wobblers/1 HTTP/1.1" 200 OK
INFO:     193.148.60.110:58422 - "GET /api/wobblers/1 HTTP/1.1" 200 OK
INFO:     193.148.60.110:58424 - "GET /api/wobblers/1 HTTP/1.1" 200 OK
INFO:     193.148.60.110:58428 - "GET /api/wobblers/1 HTTP/1.1" 200 OK
INFO:     193.148.60.110:58432 - "GET /api/wobblers/1 HTTP/1.1" 200 OK
INFO:     193.148.60.110:58432 - "GET /api/wobblers/1 HTTP/1.1" 200 OK
INFO:     193.148.60.110:58438 - "GET /api/wobblers/1 HTTP/1.1" 200 OK
INFO:     193.148.60.110:58438 - "GET /api/wobblers/1 HTTP/1.1" 200 OK
INFO:     193.148.60.110:58438 - "GET /api/wobblers/1 HTTP/1.1" 200 OK
INFO:     193.148.60.110:58438 - "GET /api/wobblers/1 HTTP/1.1" 200 OK
INFO:     193.148.60.110:58439 - "GET /api/wobblers/1 HTTP/1.1" 200 OK
INFO:     193.148.60.110:58447 - "GET /api/wobblers/1 HTTP/1.1" 200 OK
INFO:     193.148.60.110:58447 - "GET /api/wobblers/1 HTTP/1.1" 200 OK
INFO:     193.148.60.110:58447 - "GET /api/wobblers/1 HTTP/1.1" 200 OK
INFO:     51.250.96.61:33998 - "GET /api/breakages/2 HTTP/1.1" 200 OK
INFO:     51.250.96.61:34010 - "GET /api/flights/1 HTTP/1.1" 200 OK
INFO:     51.250.96.61:34020 - "GET /api/flights/last/breakages/1 HTTP/1.1" 200 OK
INFO:     51.250.96.61:34020 - "GET /api/efficiency/1 HTTP/1.1" 200 OK
INFO:     51.250.96.61:34020 - "GET /api/breakages/repeating/1 HTTP/1.1" 200 OK
INFO:     193.148.60.110:58451 - "GET /api/map/2 HTTP/1.1" 200 OK
INFO:     193.148.60.110:58451 - "GET /api/flights/last/1 HTTP/1.1" 200 OK
INFO:     193.148.60.110:58452 - "GET /api/wobblers/1 HTTP/1.1" 200 OK
INFO:     193.148.60.110:58453 - "GET /api/wobblers/1 HTTP/1.1" 200 OK
INFO:     193.148.60.110:58454 - "GET /api/wobblers/1 HTTP/1.1" 200 OK
INFO:     193.148.60.110:58455 - "GET /api/wobblers/1 HTTP/1.1" 200 OK
INFO:     51.250.96.61:37030 - "GET /api/breakages/1 HTTP/1.1" 200 OK
INFO:     51.250.96.61:37042 - "GET /api/flights/1 HTTP/1.1" 200 OK
INFO:     51.250.96.61:37056 - "GET /api/flights/last/breakages/1 HTTP/1.1" 200 OK
INFO:     51.250.96.61:37056 - "GET /api/efficiency/1 HTTP/1.1" 200 OK
INFO:     51.250.96.61:37056 - "GET /api/breakages/repeating/1 HTTP/1.1" 200 OK
INFO:     193.148.60.110:58455 - "GET /api/flights/last/1 HTTP/1.1" 200 OK
INFO:     193.148.60.110:58456 - "GET /api/wobblers/1 HTTP/1.1" 200 OK
INFO:     193.148.60.110:58457 - "GET /api/wobblers/1 HTTP/1.1" 200 OK
INFO:     193.148.60.110:58457 - "GET /api/wobblers/1 HTTP/1.1" 200 OK
INFO:     51.250.96.61:56454 - "GET /api/flights/1 HTTP/1.1" 200 OK
INFO:     51.250.96.61:56448 - "GET /api/breakages/2 HTTP/1.1" 200 OK
INFO:     51.250.96.61:56460 - "GET /api/flights/last/breakages/1 HTTP/1.1" 200 OK
INFO:     51.250.96.61:56460 - "GET /api/efficiency/1 HTTP/1.1" 200 OK
INFO:     51.250.96.61:56460 - "GET /api/breakages/repeating/1 HTTP/1.1" 200 OK
INFO:     193.148.60.110:58457 - "GET /api/flights/last/1 HTTP/1.1" 200 OK
INFO:     193.148.60.110:58463 - "GET /api/wobblers/1 HTTP/1.1" 200 OK
INFO:     2.133.26.116:60969 - "GET /api/wobblers/1 HTTP/1.1" 200 OK
INFO:     193.148.60.110:58479 - "GET /api/wobblers/1 HTTP/1.1" 200 OK
INFO:     193.148.60.110:58479 - "GET /api/wobblers/1 HTTP/1.1" 200 OK
INFO:     193.148.60.110:58479 - "GET /api/wobblers/1 HTTP/1.1" 200 OK
INFO:     193.148.60.110:58483 - "GET /api/wobblers/1 HTTP/1.1" 200 OK
INFO:     193.148.60.110:58483 - "GET /api/wobblers/1 HTTP/1.1" 200 OK
INFO:     193.148.60.110:58483 - "GET /api/wobblers/1 HTTP/1.1" 200 OK
INFO:     193.148.60.110:58479 - "GET /api/wobblers/1 HTTP/1.1" 200 OK
INFO:     193.148.60.110:58483 - "GET /api/wobblers/1 HTTP/1.1" 200 OK
INFO:     51.250.96.61:52106 - "GET /api/breakages/1 HTTP/1.1" 200 OK
INFO:     51.250.96.61:52124 - "GET /api/flights/last/breakages/1 HTTP/1.1" 200 OK
INFO:     51.250.96.61:52116 - "GET /api/flights/1 HTTP/1.1" 200 OK
INFO:     51.250.96.61:52124 - "GET /api/efficiency/1 HTTP/1.1" 200 OK
INFO:     51.250.96.61:52124 - "GET /api/breakages/repeating/1 HTTP/1.1" 200 OK
INFO:     193.148.60.110:58484 - "GET /api/flights/last/1 HTTP/1.1" 200 OK
INFO:     51.250.96.61:55146 - "GET /api/wobblers/1 HTTP/1.1" 200 OK
INFO:     51.250.96.61:55150 - "GET /api/wobblers/1 HTTP/1.1" 200 OK
INFO:     51.250.96.61:55150 - "GET /api/wobblers/1 HTTP/1.1" 200 OK
INFO:     51.250.96.61:55146 - "GET /api/wobblers/1 HTTP/1.1" 200 OK
INFO:     51.250.96.61:55154 - "GET /api/wobblers/1 HTTP/1.1" 200 OK
INFO:     51.250.96.61:55150 - "GET /api/wobblers/1 HTTP/1.1" 200 OK
INFO:     51.250.96.61:55146 - "GET /api/wobblers/1 HTTP/1.1" 200 OK
INFO:     51.250.96.61:51472 - "GET /api/wobblers/1 HTTP/1.1" 200 OK
INFO:     51.250.96.61:46506 - "GET /api/wobblers/1 HTTP/1.1" 200 OK
INFO:     51.250.96.61:50322 - "GET /api/wobblers/1 HTTP/1.1" 200 OK
INFO:     51.250.96.61:59242 - "GET /api/wobblers/1 HTTP/1.1" 200 OK
INFO:     51.250.96.61:59006 - "GET /api/wobblers/1 HTTP/1.1" 200 OK
INFO:     51.250.96.61:34786 - "GET /api/wobblers/1 HTTP/1.1" 200 OK
INFO:     51.250.96.61:45822 - "GET /api/wobblers/1 HTTP/1.1" 200 OK
INFO:     51.250.96.61:35450 - "GET /api/wobblers/1 HTTP/1.1" 200 OK
INFO:     51.250.96.61:57734 - "GET /api/wobblers/1 HTTP/1.1" 200 OK
INFO:     51.250.96.61:36716 - "GET /api/wobblers/1 HTTP/1.1" 200 OK
INFO:     51.250.96.61:36716 - "GET /api/wobblers/1 HTTP/1.1" 200 OK
INFO:     51.250.96.61:48952 - "GET /api/wobblers/1 HTTP/1.1" 200 OK
INFO:     51.250.96.61:53598 - "GET /api/wobblers/1 HTTP/1.1" 200 OK
INFO:     51.250.96.61:53598 - "GET /api/wobblers/1 HTTP/1.1" 200 OK
INFO:     51.250.96.61:41098 - "GET /api/wobblers/1 HTTP/1.1" 200 OK
INFO:     51.250.96.61:32884 - "GET /api/wobblers/1 HTTP/1.1" 200 OK
INFO:     51.250.96.61:32884 - "GET /api/wobblers/1 HTTP/1.1" 200 OK
INFO:     51.250.96.61:38946 - "GET /api/wobblers/1 HTTP/1.1" 200 OK
INFO:     51.250.96.61:38962 - "GET /api/wobblers/1 HTTP/1.1" 200 OK
INFO:     51.250.96.61:47880 - "GET /api/wobblers/1 HTTP/1.1" 200 OK
INFO:     51.250.96.61:35788 - "GET /api/wobblers/1 HTTP/1.1" 200 OK
INFO:     51.250.96.61:45812 - "GET /api/wobblers/1 HTTP/1.1" 200 OK
INFO:     51.250.96.61:45812 - "GET /api/wobblers/1 HTTP/1.1" 200 OK
INFO:     51.250.96.61:45812 - "GET /api/wobblers/1 HTTP/1.1" 200 OK
INFO:     51.250.96.61:38950 - "GET /api/wobblers/1 HTTP/1.1" 200 OK
INFO:     51.250.96.61:44644 - "GET /api/wobblers/1 HTTP/1.1" 200 OK
INFO:     51.250.96.61:44648 - "GET /api/wobblers/1 HTTP/1.1" 200 OK
INFO:     51.250.96.61:44656 - "GET /api/wobblers/1 HTTP/1.1" 200 OK
INFO:     51.250.96.61:44664 - "GET /api/wobblers/1 HTTP/1.1" 200 OK
INFO:     51.250.96.61:44670 - "GET /api/wobblers/1 HTTP/1.1" 200 OK
INFO:     51.250.96.61:44682 - "GET /api/wobblers/1 HTTP/1.1" 200 OK
INFO:     51.250.96.61:44692 - "GET /api/wobblers/1 HTTP/1.1" 200 OK
INFO:     51.250.96.61:44694 - "GET /api/wobblers/1 HTTP/1.1" 200 OK
INFO:     51.250.96.61:44708 - "GET /api/wobblers/1 HTTP/1.1" 200 OK
INFO:     51.250.96.61:44704 - "GET /api/wobblers/1 HTTP/1.1" 200 OK
INFO:     51.250.96.61:33152 - "GET /api/wobblers/1 HTTP/1.1" 200 OK
INFO:     51.250.96.61:33168 - "GET /api/wobblers/1 HTTP/1.1" 200 OK
INFO:     51.250.96.61:60308 - "GET /api/wobblers/1 HTTP/1.1" 200 OK
INFO:     51.250.96.61:40408 - "GET /api/wobblers/1 HTTP/1.1" 200 OK
INFO:     51.250.96.61:40416 - "GET /api/wobblers/1 HTTP/1.1" 200 OK
INFO:     51.250.96.61:40426 - "GET /api/wobblers/1 HTTP/1.1" 200 OK
INFO:     51.250.96.61:40428 - "GET /api/wobblers/1 HTTP/1.1" 200 OK
INFO:     51.250.96.61:40442 - "GET /api/wobblers/1 HTTP/1.1" 200 OK
INFO:     51.250.96.61:40456 - "GET /api/wobblers/1 HTTP/1.1" 200 OK
INFO:     51.250.96.61:40460 - "GET /api/wobblers/1 HTTP/1.1" 200 OK
INFO:     51.250.96.61:40468 - "GET /api/wobblers/1 HTTP/1.1" 200 OK
INFO:     51.250.96.61:40496 - "GET /api/wobblers/1 HTTP/1.1" 200 OK
INFO:     51.250.96.61:40482 - "GET /api/wobblers/1 HTTP/1.1" 200 OK
WARNING:  Invalid HTTP request received.
INFO:     51.250.96.61:48888 - "GET /api/wobblers/1 HTTP/1.1" 200 OK
INFO:     51.250.96.61:48888 - "GET /api/wobblers/1 HTTP/1.1" 200 OK
INFO:     51.250.96.61:48888 - "GET /api/wobblers/1 HTTP/1.1" 200 OK
INFO:     51.250.96.61:53308 - "GET /api/wobblers/1 HTTP/1.1" 200 OK
INFO:     51.250.96.61:59504 - "GET /api/wobblers/1 HTTP/1.1" 200 OK
INFO:     51.250.96.61:34990 - "GET /api/wobblers/1 HTTP/1.1" 200 OK
INFO:     51.250.96.61:34990 - "GET /api/wobblers/1 HTTP/1.1" 200 OK
INFO:     51.250.96.61:34990 - "GET /api/wobblers/1 HTTP/1.1" 200 OK
INFO:     51.250.96.61:34990 - "GET /api/wobblers/1 HTTP/1.1" 200 OK
INFO:     51.250.96.61:37968 - "GET /api/wobblers/1 HTTP/1.1" 200 OK
INFO:     51.250.96.61:37968 - "GET /api/wobblers/1 HTTP/1.1" 200 OK
INFO:     51.250.96.61:41428 - "GET /api/wobblers/1 HTTP/1.1" 200 OK
INFO:     51.250.96.61:40898 - "GET /api/wobblers/1 HTTP/1.1" 200 OK
INFO:     51.250.96.61:43112 - "GET /api/wobblers/1 HTTP/1.1" 200 OK
INFO:     180.95.238.48:30748 - "GET / HTTP/1.1" 200 OK
INFO:     1.24.16.76:43720 - "GET / HTTP/1.1" 200 OK
INFO:     221.14.171.177:14945 - "GET /favicon.ico HTTP/1.1" 404 Not Found
INFO:     51.250.96.61:57784 - "GET /api/wobblers/1 HTTP/1.1" 200 OK
INFO:     87.247.12.74:65057 - "GET /api/wobblers/1 HTTP/1.1" 500 Internal Server Error
ERROR:    Exception in ASGI application
Traceback (most recent call last):
  File "/home/smartview/miniconda3/lib/python3.12/site-packages/sqlalchemy/engine/base.py", line 1967, in _exec_single_context
    self.dialect.do_execute(
  File "/home/smartview/miniconda3/lib/python3.12/site-packages/sqlalchemy/engine/default.py", line 924, in do_execute
    cursor.execute(statement, parameters)
psycopg2.OperationalError: SSL SYSCALL error: EOF detected


The above exception was the direct cause of the following exception:

Traceback (most recent call last):
  File "/home/smartview/miniconda3/lib/python3.12/site-packages/uvicorn/protocols/http/httptools_impl.py", line 411, in run_asgi
    result = await app(  # type: ignore[func-returns-value]
             ^^^^^^^^^^^^^^^^^^^^^^^^^^^^^^^^^^^^^^^^^^^^^^
  File "/home/smartview/miniconda3/lib/python3.12/site-packages/uvicorn/middleware/proxy_headers.py", line 69, in __call__
    return await self.app(scope, receive, send)
           ^^^^^^^^^^^^^^^^^^^^^^^^^^^^^^^^^^^^
  File "/home/smartview/miniconda3/lib/python3.12/site-packages/fastapi/applications.py", line 1054, in __call__
    await super().__call__(scope, receive, send)
  File "/home/smartview/miniconda3/lib/python3.12/site-packages/starlette/applications.py", line 123, in __call__
    await self.middleware_stack(scope, receive, send)
  File "/home/smartview/miniconda3/lib/python3.12/site-packages/starlette/middleware/errors.py", line 186, in __call__
    raise exc
  File "/home/smartview/miniconda3/lib/python3.12/site-packages/starlette/middleware/errors.py", line 164, in __call__
    await self.app(scope, receive, _send)
  File "/home/smartview/miniconda3/lib/python3.12/site-packages/starlette/middleware/cors.py", line 93, in __call__
    await self.simple_response(scope, receive, send, request_headers=headers)
  File "/home/smartview/miniconda3/lib/python3.12/site-packages/starlette/middleware/cors.py", line 148, in simple_response
    await self.app(scope, receive, send)
  File "/home/smartview/miniconda3/lib/python3.12/site-packages/starlette/middleware/exceptions.py", line 65, in __call__
    await wrap_app_handling_exceptions(self.app, conn)(scope, receive, send)
  File "/home/smartview/miniconda3/lib/python3.12/site-packages/starlette/_exception_handler.py", line 64, in wrapped_app
    raise exc
  File "/home/smartview/miniconda3/lib/python3.12/site-packages/starlette/_exception_handler.py", line 53, in wrapped_app
    await app(scope, receive, sender)
  File "/home/smartview/miniconda3/lib/python3.12/site-packages/starlette/routing.py", line 756, in __call__
    await self.middleware_stack(scope, receive, send)
  File "/home/smartview/miniconda3/lib/python3.12/site-packages/starlette/routing.py", line 776, in app
    await route.handle(scope, receive, send)
  File "/home/smartview/miniconda3/lib/python3.12/site-packages/starlette/routing.py", line 297, in handle
    await self.app(scope, receive, send)
  File "/home/smartview/miniconda3/lib/python3.12/site-packages/starlette/routing.py", line 77, in app
    await wrap_app_handling_exceptions(app, request)(scope, receive, send)
  File "/home/smartview/miniconda3/lib/python3.12/site-packages/starlette/_exception_handler.py", line 64, in wrapped_app
    raise exc
  File "/home/smartview/miniconda3/lib/python3.12/site-packages/starlette/_exception_handler.py", line 53, in wrapped_app
    await app(scope, receive, sender)
  File "/home/smartview/miniconda3/lib/python3.12/site-packages/starlette/routing.py", line 72, in app
    response = await func(request)
               ^^^^^^^^^^^^^^^^^^^
  File "/home/smartview/miniconda3/lib/python3.12/site-packages/fastapi/routing.py", line 278, in app
    raw_response = await run_endpoint_function(
                   ^^^^^^^^^^^^^^^^^^^^^^^^^^^^
  File "/home/smartview/miniconda3/lib/python3.12/site-packages/fastapi/routing.py", line 191, in run_endpoint_function
    return await dependant.call(**values)
           ^^^^^^^^^^^^^^^^^^^^^^^^^^^^^^
  File "/home/smartview/smartview-api/api.py", line 92, in get_wobblers
    wobblers = db.query(Wobbler).filter(Wobbler.heap_leaching_pad_id==heap_leaching_pad_id).all()
               ^^^^^^^^^^^^^^^^^^^^^^^^^^^^^^^^^^^^^^^^^^^^^^^^^^^^^^^^^^^^^^^^^^^^^^^^^^^^^^^^^^
  File "/home/smartview/miniconda3/lib/python3.12/site-packages/sqlalchemy/orm/query.py", line 2673, in all
    return self._iter().all()  # type: ignore
           ^^^^^^^^^^^^
  File "/home/smartview/miniconda3/lib/python3.12/site-packages/sqlalchemy/orm/query.py", line 2827, in _iter
    result: Union[ScalarResult[_T], Result[_T]] = self.session.execute(
                                                  ^^^^^^^^^^^^^^^^^^^^^
  File "/home/smartview/miniconda3/lib/python3.12/site-packages/sqlalchemy/orm/session.py", line 2351, in execute
    return self._execute_internal(
           ^^^^^^^^^^^^^^^^^^^^^^^
  File "/home/smartview/miniconda3/lib/python3.12/site-packages/sqlalchemy/orm/session.py", line 2236, in _execute_internal
    result: Result[Any] = compile_state_cls.orm_execute_statement(
                          ^^^^^^^^^^^^^^^^^^^^^^^^^^^^^^^^^^^^^^^^
  File "/home/smartview/miniconda3/lib/python3.12/site-packages/sqlalchemy/orm/context.py", line 293, in orm_execute_statement
    result = conn.execute(
             ^^^^^^^^^^^^^
  File "/home/smartview/miniconda3/lib/python3.12/site-packages/sqlalchemy/engine/base.py", line 1418, in execute
    return meth(
           ^^^^^
  File "/home/smartview/miniconda3/lib/python3.12/site-packages/sqlalchemy/sql/elements.py", line 515, in _execute_on_connection
    return connection._execute_clauseelement(
           ^^^^^^^^^^^^^^^^^^^^^^^^^^^^^^^^^^
  File "/home/smartview/miniconda3/lib/python3.12/site-packages/sqlalchemy/engine/base.py", line 1640, in _execute_clauseelement
    ret = self._execute_context(
          ^^^^^^^^^^^^^^^^^^^^^^
  File "/home/smartview/miniconda3/lib/python3.12/site-packages/sqlalchemy/engine/base.py", line 1846, in _execute_context
    return self._exec_single_context(
           ^^^^^^^^^^^^^^^^^^^^^^^^^^
  File "/home/smartview/miniconda3/lib/python3.12/site-packages/sqlalchemy/engine/base.py", line 1986, in _exec_single_context
    self._handle_dbapi_exception(
  File "/home/smartview/miniconda3/lib/python3.12/site-packages/sqlalchemy/engine/base.py", line 2353, in _handle_dbapi_exception
    raise sqlalchemy_exception.with_traceback(exc_info[2]) from e
  File "/home/smartview/miniconda3/lib/python3.12/site-packages/sqlalchemy/engine/base.py", line 1967, in _exec_single_context
    self.dialect.do_execute(
  File "/home/smartview/miniconda3/lib/python3.12/site-packages/sqlalchemy/engine/default.py", line 924, in do_execute
    cursor.execute(statement, parameters)
sqlalchemy.exc.OperationalError: (psycopg2.OperationalError) SSL SYSCALL error: EOF detected

[SQL: SELECT wobblers.id AS wobblers_id, wobblers.heap_leaching_pad_id AS wobblers_heap_leaching_pad_id, wobblers.number_of_breakages AS wobblers_number_of_breakages, wobblers.number_of_fixes AS wobblers_number_of_fixes, wobblers.latitude AS wobblers_latitude, wobblers.longitude AS wobblers_longitude, wobblers.time_of_detection_of_breakage AS wobblers_time_of_detection_of_breakage, wobblers.status AS wobblers_status 
FROM wobblers 
WHERE wobblers.heap_leaching_pad_id = %(heap_leaching_pad_id_1)s]
[parameters: {'heap_leaching_pad_id_1': 1}]
(Background on this error at: https://sqlalche.me/e/20/e3q8)
INFO:     87.247.12.74:65063 - "GET /api/wobblers/1 HTTP/1.1" 200 OK
INFO:     87.247.12.74:65063 - "GET /api/wobblers/1 HTTP/1.1" 200 OK
INFO:     87.247.12.74:65063 - "GET /api/wobblers/1 HTTP/1.1" 200 OK
INFO:     87.247.12.74:65124 - "GET /api/wobblers/1 HTTP/1.1" 200 OK
INFO:     87.247.12.74:65130 - "GET /api/wobblers/1 HTTP/1.1" 200 OK
INFO:     87.247.12.74:65133 - "GET /api/wobblers/1 HTTP/1.1" 200 OK
INFO:     51.250.96.61:36670 - "GET /api/wobblers/1 HTTP/1.1" 200 OK
INFO:     51.250.96.61:39224 - "GET /api/wobblers/1 HTTP/1.1" 500 Internal Server Error
ERROR:    Exception in ASGI application
Traceback (most recent call last):
  File "/home/smartview/miniconda3/lib/python3.12/site-packages/sqlalchemy/engine/base.py", line 1967, in _exec_single_context
    self.dialect.do_execute(
  File "/home/smartview/miniconda3/lib/python3.12/site-packages/sqlalchemy/engine/default.py", line 924, in do_execute
    cursor.execute(statement, parameters)
psycopg2.OperationalError: SSL SYSCALL error: EOF detected


The above exception was the direct cause of the following exception:

Traceback (most recent call last):
  File "/home/smartview/miniconda3/lib/python3.12/site-packages/uvicorn/protocols/http/httptools_impl.py", line 411, in run_asgi
    result = await app(  # type: ignore[func-returns-value]
             ^^^^^^^^^^^^^^^^^^^^^^^^^^^^^^^^^^^^^^^^^^^^^^
  File "/home/smartview/miniconda3/lib/python3.12/site-packages/uvicorn/middleware/proxy_headers.py", line 69, in __call__
    return await self.app(scope, receive, send)
           ^^^^^^^^^^^^^^^^^^^^^^^^^^^^^^^^^^^^
  File "/home/smartview/miniconda3/lib/python3.12/site-packages/fastapi/applications.py", line 1054, in __call__
    await super().__call__(scope, receive, send)
  File "/home/smartview/miniconda3/lib/python3.12/site-packages/starlette/applications.py", line 123, in __call__
    await self.middleware_stack(scope, receive, send)
  File "/home/smartview/miniconda3/lib/python3.12/site-packages/starlette/middleware/errors.py", line 186, in __call__
    raise exc
  File "/home/smartview/miniconda3/lib/python3.12/site-packages/starlette/middleware/errors.py", line 164, in __call__
    await self.app(scope, receive, _send)
  File "/home/smartview/miniconda3/lib/python3.12/site-packages/starlette/middleware/cors.py", line 85, in __call__
    await self.app(scope, receive, send)
  File "/home/smartview/miniconda3/lib/python3.12/site-packages/starlette/middleware/exceptions.py", line 65, in __call__
    await wrap_app_handling_exceptions(self.app, conn)(scope, receive, send)
  File "/home/smartview/miniconda3/lib/python3.12/site-packages/starlette/_exception_handler.py", line 64, in wrapped_app
    raise exc
  File "/home/smartview/miniconda3/lib/python3.12/site-packages/starlette/_exception_handler.py", line 53, in wrapped_app
    await app(scope, receive, sender)
  File "/home/smartview/miniconda3/lib/python3.12/site-packages/starlette/routing.py", line 756, in __call__
    await self.middleware_stack(scope, receive, send)
  File "/home/smartview/miniconda3/lib/python3.12/site-packages/starlette/routing.py", line 776, in app
    await route.handle(scope, receive, send)
  File "/home/smartview/miniconda3/lib/python3.12/site-packages/starlette/routing.py", line 297, in handle
    await self.app(scope, receive, send)
  File "/home/smartview/miniconda3/lib/python3.12/site-packages/starlette/routing.py", line 77, in app
    await wrap_app_handling_exceptions(app, request)(scope, receive, send)
  File "/home/smartview/miniconda3/lib/python3.12/site-packages/starlette/_exception_handler.py", line 64, in wrapped_app
    raise exc
  File "/home/smartview/miniconda3/lib/python3.12/site-packages/starlette/_exception_handler.py", line 53, in wrapped_app
    await app(scope, receive, sender)
  File "/home/smartview/miniconda3/lib/python3.12/site-packages/starlette/routing.py", line 72, in app
    response = await func(request)
               ^^^^^^^^^^^^^^^^^^^
  File "/home/smartview/miniconda3/lib/python3.12/site-packages/fastapi/routing.py", line 278, in app
    raw_response = await run_endpoint_function(
                   ^^^^^^^^^^^^^^^^^^^^^^^^^^^^
  File "/home/smartview/miniconda3/lib/python3.12/site-packages/fastapi/routing.py", line 191, in run_endpoint_function
    return await dependant.call(**values)
           ^^^^^^^^^^^^^^^^^^^^^^^^^^^^^^
  File "/home/smartview/smartview-api/api.py", line 92, in get_wobblers
    wobblers = db.query(Wobbler).filter(Wobbler.heap_leaching_pad_id==heap_leaching_pad_id).all()
               ^^^^^^^^^^^^^^^^^^^^^^^^^^^^^^^^^^^^^^^^^^^^^^^^^^^^^^^^^^^^^^^^^^^^^^^^^^^^^^^^^^
  File "/home/smartview/miniconda3/lib/python3.12/site-packages/sqlalchemy/orm/query.py", line 2673, in all
    return self._iter().all()  # type: ignore
           ^^^^^^^^^^^^
  File "/home/smartview/miniconda3/lib/python3.12/site-packages/sqlalchemy/orm/query.py", line 2827, in _iter
    result: Union[ScalarResult[_T], Result[_T]] = self.session.execute(
                                                  ^^^^^^^^^^^^^^^^^^^^^
  File "/home/smartview/miniconda3/lib/python3.12/site-packages/sqlalchemy/orm/session.py", line 2351, in execute
    return self._execute_internal(
           ^^^^^^^^^^^^^^^^^^^^^^^
  File "/home/smartview/miniconda3/lib/python3.12/site-packages/sqlalchemy/orm/session.py", line 2236, in _execute_internal
    result: Result[Any] = compile_state_cls.orm_execute_statement(
                          ^^^^^^^^^^^^^^^^^^^^^^^^^^^^^^^^^^^^^^^^
  File "/home/smartview/miniconda3/lib/python3.12/site-packages/sqlalchemy/orm/context.py", line 293, in orm_execute_statement
    result = conn.execute(
             ^^^^^^^^^^^^^
  File "/home/smartview/miniconda3/lib/python3.12/site-packages/sqlalchemy/engine/base.py", line 1418, in execute
    return meth(
           ^^^^^
  File "/home/smartview/miniconda3/lib/python3.12/site-packages/sqlalchemy/sql/elements.py", line 515, in _execute_on_connection
    return connection._execute_clauseelement(
           ^^^^^^^^^^^^^^^^^^^^^^^^^^^^^^^^^^
  File "/home/smartview/miniconda3/lib/python3.12/site-packages/sqlalchemy/engine/base.py", line 1640, in _execute_clauseelement
    ret = self._execute_context(
          ^^^^^^^^^^^^^^^^^^^^^^
  File "/home/smartview/miniconda3/lib/python3.12/site-packages/sqlalchemy/engine/base.py", line 1846, in _execute_context
    return self._exec_single_context(
           ^^^^^^^^^^^^^^^^^^^^^^^^^^
  File "/home/smartview/miniconda3/lib/python3.12/site-packages/sqlalchemy/engine/base.py", line 1986, in _exec_single_context
    self._handle_dbapi_exception(
  File "/home/smartview/miniconda3/lib/python3.12/site-packages/sqlalchemy/engine/base.py", line 2353, in _handle_dbapi_exception
    raise sqlalchemy_exception.with_traceback(exc_info[2]) from e
  File "/home/smartview/miniconda3/lib/python3.12/site-packages/sqlalchemy/engine/base.py", line 1967, in _exec_single_context
    self.dialect.do_execute(
  File "/home/smartview/miniconda3/lib/python3.12/site-packages/sqlalchemy/engine/default.py", line 924, in do_execute
    cursor.execute(statement, parameters)
sqlalchemy.exc.OperationalError: (psycopg2.OperationalError) SSL SYSCALL error: EOF detected

[SQL: SELECT wobblers.id AS wobblers_id, wobblers.heap_leaching_pad_id AS wobblers_heap_leaching_pad_id, wobblers.number_of_breakages AS wobblers_number_of_breakages, wobblers.number_of_fixes AS wobblers_number_of_fixes, wobblers.latitude AS wobblers_latitude, wobblers.longitude AS wobblers_longitude, wobblers.time_of_detection_of_breakage AS wobblers_time_of_detection_of_breakage, wobblers.status AS wobblers_status 
FROM wobblers 
WHERE wobblers.heap_leaching_pad_id = %(heap_leaching_pad_id_1)s]
[parameters: {'heap_leaching_pad_id_1': 1}]
(Background on this error at: https://sqlalche.me/e/20/e3q8)
INFO:     51.250.96.61:39226 - "GET /api/wobblers/1 HTTP/1.1" 200 OK
INFO:     51.250.96.61:39242 - "GET /api/wobblers/1 HTTP/1.1" 200 OK
INFO:     51.250.96.61:39254 - "GET /api/wobblers/1 HTTP/1.1" 200 OK
INFO:     51.250.96.61:58588 - "GET /api/wobblers/1 HTTP/1.1" 200 OK
INFO:     51.250.96.61:42012 - "GET /api/wobblers/1 HTTP/1.1" 200 OK
INFO:     172.233.57.39:38154 - "GET / HTTP/1.0" 200 OK
INFO:     172.233.57.39:45562 - "GET /nice%20ports%2C/Trinity.txt.bak HTTP/1.0" 404 Not Found
INFO:     172.233.57.39:52246 - "OPTIONS / HTTP/1.0" 405 Method Not Allowed
INFO:     172.233.57.39:52422 - "OPTIONS / HTTP/1.0" 405 Method Not Allowed
WARNING:  Invalid HTTP request received.
WARNING:  Invalid HTTP request received.
WARNING:  Invalid HTTP request received.
WARNING:  Invalid HTTP request received.
WARNING:  Invalid HTTP request received.
WARNING:  Invalid HTTP request received.
WARNING:  Invalid HTTP request received.
WARNING:  Invalid HTTP request received.
WARNING:  Invalid HTTP request received.
WARNING:  Invalid HTTP request received.
INFO:     51.250.96.61:53104 - "GET /api/wobblers/1 HTTP/1.1" 200 OK
WARNING:  Invalid HTTP request received.
INFO:     51.250.96.61:53108 - "GET /api/wobblers/1 HTTP/1.1" 200 OK
INFO:     51.250.96.61:53124 - "GET /api/wobblers/1 HTTP/1.1" 200 OK
INFO:     51.250.96.61:53134 - "GET /api/wobblers/1 HTTP/1.1" 200 OK
INFO:     51.250.96.61:53146 - "GET /api/wobblers/1 HTTP/1.1" 200 OK
INFO:     51.250.96.61:53160 - "GET /api/wobblers/1 HTTP/1.1" 200 OK
INFO:     51.250.96.61:53162 - "GET /api/wobblers/1 HTTP/1.1" 200 OK
INFO:     51.250.96.61:53176 - "GET /api/wobblers/1 HTTP/1.1" 200 OK
INFO:     51.250.96.61:53104 - "GET /api/wobblers/1 HTTP/1.1" 200 OK
INFO:     51.250.96.61:53186 - "GET /api/wobblers/1 HTTP/1.1" 200 OK
INFO:     51.250.96.61:53198 - "GET /api/wobblers/1 HTTP/1.1" 200 OK
INFO:     51.250.96.61:53108 - "GET /api/wobblers/1 HTTP/1.1" 200 OK
INFO:     51.250.96.61:53208 - "GET /api/wobblers/1 HTTP/1.1" 200 OK
INFO:     51.250.96.61:53220 - "GET /api/wobblers/1 HTTP/1.1" 200 OK
INFO:     51.250.96.61:53222 - "GET /api/wobblers/1 HTTP/1.1" 200 OK
INFO:     51.250.96.61:53124 - "GET /api/wobblers/1 HTTP/1.1" 200 OK
INFO:     51.250.96.61:53224 - "GET /api/wobblers/1 HTTP/1.1" 200 OK
INFO:     51.250.96.61:53134 - "GET /api/wobblers/1 HTTP/1.1" 200 OK
INFO:     51.250.96.61:53232 - "GET /api/wobblers/1 HTTP/1.1" 200 OK
INFO:     51.250.96.61:53160 - "GET /api/wobblers/1 HTTP/1.1" 200 OK
INFO:     51.250.96.61:53236 - "GET /api/wobblers/1 HTTP/1.1" 200 OK
INFO:     51.250.96.61:53162 - "GET /api/wobblers/1 HTTP/1.1" 200 OK
INFO:     51.250.96.61:53146 - "GET /api/wobblers/1 HTTP/1.1" 200 OK
INFO:     51.250.96.61:53104 - "GET /api/wobblers/1 HTTP/1.1" 200 OK
INFO:     172.233.57.39:55898 - "GET / HTTP/1.1" 200 OK
INFO:     51.250.96.61:53108 - "GET /api/wobblers/1 HTTP/1.1" 200 OK
INFO:     51.250.96.61:53208 - "GET /api/wobblers/1 HTTP/1.1" 200 OK
INFO:     51.250.96.61:53124 - "GET /api/wobblers/1 HTTP/1.1" 200 OK
INFO:     51.250.96.61:53224 - "GET /api/wobblers/1 HTTP/1.1" 200 OK
INFO:     51.250.96.61:53104 - "GET /api/wobblers/1 HTTP/1.1" 200 OK
INFO:     51.250.96.61:53108 - "GET /api/wobblers/1 HTTP/1.1" 200 OK
INFO:     51.250.96.61:53104 - "GET /api/wobblers/1 HTTP/1.1" 200 OK
INFO:     51.250.96.61:53104 - "GET /api/wobblers/1 HTTP/1.1" 200 OK
INFO:     51.250.96.61:53104 - "GET /api/wobblers/1 HTTP/1.1" 200 OK
INFO:     51.250.96.61:53108 - "GET /api/wobblers/1 HTTP/1.1" 200 OK
INFO:     51.250.96.61:53108 - "GET /api/wobblers/1 HTTP/1.1" 200 OK
INFO:     51.250.96.61:53108 - "GET /api/wobblers/1 HTTP/1.1" 200 OK
INFO:     51.250.96.61:53108 - "GET /api/wobblers/1 HTTP/1.1" 200 OK
INFO:     51.250.96.61:53108 - "GET /api/wobblers/1 HTTP/1.1" 200 OK
INFO:     51.250.96.61:53108 - "GET /api/wobblers/1 HTTP/1.1" 200 OK
INFO:     51.250.96.61:53108 - "GET /api/wobblers/1 HTTP/1.1" 200 OK
WARNING:  Invalid HTTP request received.
INFO:     51.250.96.61:53108 - "GET /api/wobblers/1 HTTP/1.1" 200 OK
INFO:     51.250.96.61:53104 - "GET /api/wobblers/1 HTTP/1.1" 200 OK
INFO:     89.248.171.23:48106 - "GET /api/wobblers/1 HTTP/1.1" 200 OK
INFO:     51.250.96.61:47584 - "GET /api/wobblers/1 HTTP/1.1" 200 OK
INFO:     206.168.34.177:56716 - "GET / HTTP/1.1" 200 OK
WARNING:  Invalid HTTP request received.
INFO:     206.168.34.177:56738 - "GET /favicon.ico HTTP/1.1" 404 Not Found
INFO:     51.250.96.61:43790 - "GET /api/wobblers/1 HTTP/1.1" 200 OK
INFO:     51.250.96.61:52092 - "GET /api/wobblers/1 HTTP/1.1" 200 OK
INFO:     51.250.96.61:52092 - "GET /api/wobblers/1 HTTP/1.1" 200 OK
INFO:     51.250.96.61:52092 - "GET /api/wobblers/1 HTTP/1.1" 200 OK
INFO:     51.250.96.61:52092 - "GET /api/wobblers/1 HTTP/1.1" 200 OK
INFO:     51.250.96.61:54794 - "GET /api/wobblers/1 HTTP/1.1" 200 OK
INFO:     51.250.96.61:54794 - "GET /api/wobblers/1 HTTP/1.1" 200 OK
INFO:     51.250.96.61:54794 - "GET /api/wobblers/1 HTTP/1.1" 200 OK
INFO:     51.250.96.61:54794 - "GET /api/wobblers/1 HTTP/1.1" 200 OK
INFO:     51.250.96.61:54794 - "GET /api/wobblers/1 HTTP/1.1" 200 OK
INFO:     51.250.96.61:54794 - "GET /api/wobblers/1 HTTP/1.1" 200 OK
INFO:     51.250.96.61:54794 - "GET /api/wobblers/1 HTTP/1.1" 200 OK
INFO:     51.250.96.61:46180 - "GET /api/wobblers/1 HTTP/1.1" 200 OK
INFO:     51.250.96.61:59010 - "GET /api/wobblers/1 HTTP/1.1" 200 OK
INFO:     51.250.96.61:59010 - "GET /api/wobblers/1 HTTP/1.1" 200 OK
INFO:     51.250.96.61:59010 - "GET /api/wobblers/1 HTTP/1.1" 200 OK
INFO:     51.250.96.61:59010 - "GET /api/wobblers/1 HTTP/1.1" 200 OK
INFO:     51.250.96.61:59010 - "GET /api/wobblers/1 HTTP/1.1" 200 OK
INFO:     51.250.96.61:59010 - "GET /api/wobblers/1 HTTP/1.1" 200 OK
INFO:     51.250.96.61:59010 - "GET /api/wobblers/1 HTTP/1.1" 200 OK
INFO:     51.250.96.61:59010 - "GET /api/wobblers/1 HTTP/1.1" 200 OK
INFO:     51.250.96.61:59010 - "GET /api/wobblers/1 HTTP/1.1" 200 OK
INFO:     51.250.96.61:59010 - "GET /api/wobblers/1 HTTP/1.1" 200 OK
INFO:     51.250.96.61:59010 - "GET /api/wobblers/1 HTTP/1.1" 200 OK
INFO:     51.250.96.61:59010 - "GET /api/wobblers/1 HTTP/1.1" 200 OK
INFO:     51.250.96.61:59010 - "GET /api/wobblers/1 HTTP/1.1" 200 OK
INFO:     51.250.96.61:59010 - "GET /api/wobblers/1 HTTP/1.1" 200 OK
INFO:     51.250.96.61:59010 - "GET /api/wobblers/1 HTTP/1.1" 200 OK
INFO:     51.250.96.61:59010 - "GET /api/wobblers/1 HTTP/1.1" 200 OK
INFO:     51.250.96.61:59010 - "GET /api/wobblers/1 HTTP/1.1" 200 OK
INFO:     51.250.96.61:59010 - "GET /api/wobblers/1 HTTP/1.1" 200 OK
INFO:     51.250.96.61:59010 - "GET /api/wobblers/1 HTTP/1.1" 200 OK
INFO:     51.250.96.61:59010 - "GET /api/wobblers/1 HTTP/1.1" 200 OK
INFO:     51.250.96.61:59010 - "GET /api/wobblers/1 HTTP/1.1" 200 OK
INFO:     51.250.96.61:59010 - "GET /api/wobblers/1 HTTP/1.1" 200 OK
INFO:     51.250.96.61:59010 - "GET /api/wobblers/1 HTTP/1.1" 200 OK
INFO:     51.250.96.61:59010 - "GET /api/wobblers/1 HTTP/1.1" 200 OK
INFO:     51.250.96.61:59010 - "GET /api/wobblers/1 HTTP/1.1" 200 OK
INFO:     51.250.96.61:59010 - "GET /api/wobblers/1 HTTP/1.1" 200 OK
INFO:     51.250.96.61:59010 - "GET /api/wobblers/1 HTTP/1.1" 200 OK
INFO:     51.250.96.61:59010 - "GET /api/wobblers/1 HTTP/1.1" 200 OK
INFO:     51.250.96.61:59010 - "GET /api/wobblers/1 HTTP/1.1" 200 OK
INFO:     51.250.96.61:59010 - "GET /api/wobblers/1 HTTP/1.1" 200 OK
INFO:     51.250.96.61:59010 - "GET /api/wobblers/1 HTTP/1.1" 200 OK
INFO:     51.250.96.61:59010 - "GET /api/wobblers/1 HTTP/1.1" 200 OK
INFO:     51.250.96.61:59010 - "GET /api/wobblers/1 HTTP/1.1" 200 OK
INFO:     51.250.96.61:59010 - "GET /api/wobblers/1 HTTP/1.1" 200 OK
INFO:     51.250.96.61:59010 - "GET /api/wobblers/1 HTTP/1.1" 200 OK
INFO:     51.250.96.61:59010 - "GET /api/wobblers/1 HTTP/1.1" 200 OK
INFO:     51.250.96.61:59010 - "GET /api/wobblers/1 HTTP/1.1" 200 OK
INFO:     51.250.96.61:59010 - "GET /api/wobblers/1 HTTP/1.1" 200 OK
INFO:     51.250.96.61:59010 - "GET /api/wobblers/1 HTTP/1.1" 200 OK
INFO:     51.250.96.61:59010 - "GET /api/wobblers/1 HTTP/1.1" 200 OK
INFO:     51.250.96.61:59010 - "GET /api/wobblers/1 HTTP/1.1" 200 OK
INFO:     51.250.96.61:59010 - "GET /api/wobblers/1 HTTP/1.1" 200 OK
INFO:     51.250.96.61:59010 - "GET /api/wobblers/1 HTTP/1.1" 200 OK
INFO:     51.250.96.61:59010 - "GET /api/wobblers/1 HTTP/1.1" 200 OK
INFO:     51.250.96.61:59010 - "GET /api/wobblers/1 HTTP/1.1" 200 OK
INFO:     51.250.96.61:57576 - "GET /api/wobblers/1 HTTP/1.1" 200 OK
INFO:     51.250.96.61:41012 - "GET /api/wobblers/1 HTTP/1.1" 200 OK
INFO:     51.250.96.61:41012 - "GET /api/wobblers/1 HTTP/1.1" 200 OK
INFO:     51.250.96.61:49900 - "GET /api/wobblers/1 HTTP/1.1" 200 OK
INFO:     51.250.96.61:49388 - "GET /api/wobblers/1 HTTP/1.1" 200 OK
INFO:     51.250.96.61:39238 - "GET /api/wobblers/1 HTTP/1.1" 200 OK
INFO:     51.250.96.61:59870 - "GET /api/wobblers/1 HTTP/1.1" 200 OK
INFO:     51.250.96.61:59876 - "GET /api/wobblers/1 HTTP/1.1" 200 OK
INFO:     51.250.96.61:45874 - "GET /api/wobblers/1 HTTP/1.1" 200 OK
INFO:     51.250.96.61:58952 - "GET /api/wobblers/1 HTTP/1.1" 200 OK
INFO:     51.250.96.61:58952 - "GET /api/wobblers/1 HTTP/1.1" 200 OK
INFO:     51.250.96.61:58952 - "GET /api/wobblers/1 HTTP/1.1" 200 OK
INFO:     51.250.96.61:58952 - "GET /api/wobblers/1 HTTP/1.1" 200 OK
INFO:     89.248.171.23:39448 - "GET /api/wobblers/1 HTTP/1.1" 200 OK
INFO:     51.250.96.61:56152 - "GET /api/wobblers/1 HTTP/1.1" 200 OK
INFO:     51.250.96.61:56172 - "GET /api/wobblers/1 HTTP/1.1" 200 OK
INFO:     51.250.96.61:56156 - "GET /api/wobblers/1 HTTP/1.1" 200 OK
INFO:     172.233.57.39:33470 - "GET / HTTP/1.0" 200 OK
INFO:     172.233.57.39:42526 - "GET /nice%20ports%2C/Trinity.txt.bak HTTP/1.0" 404 Not Found
INFO:     172.233.57.39:49860 - "OPTIONS / HTTP/1.0" 405 Method Not Allowed
INFO:     172.233.57.39:50126 - "OPTIONS / HTTP/1.0" 405 Method Not Allowed
WARNING:  Invalid HTTP request received.
WARNING:  Invalid HTTP request received.
WARNING:  Invalid HTTP request received.
WARNING:  Invalid HTTP request received.
WARNING:  Invalid HTTP request received.
WARNING:  Invalid HTTP request received.
WARNING:  Invalid HTTP request received.
WARNING:  Invalid HTTP request received.
WARNING:  Invalid HTTP request received.
WARNING:  Invalid HTTP request received.
INFO:     51.250.96.61:55608 - "GET /api/wobblers/1 HTTP/1.1" 200 OK
WARNING:  Invalid HTTP request received.
INFO:     51.250.96.61:55620 - "GET /api/wobblers/1 HTTP/1.1" 200 OK
INFO:     51.250.96.61:55622 - "GET /api/wobblers/1 HTTP/1.1" 200 OK
INFO:     51.250.96.61:55636 - "GET /api/wobblers/1 HTTP/1.1" 200 OK
INFO:     51.250.96.61:55640 - "GET /api/wobblers/1 HTTP/1.1" 200 OK
INFO:     51.250.96.61:55644 - "GET /api/wobblers/1 HTTP/1.1" 200 OK
INFO:     51.250.96.61:44656 - "GET /api/wobblers/1 HTTP/1.1" 200 OK
INFO:     51.250.96.61:44658 - "GET /api/wobblers/1 HTTP/1.1" 200 OK
INFO:     51.250.96.61:55608 - "GET /api/wobblers/1 HTTP/1.1" 200 OK
INFO:     51.250.96.61:44672 - "GET /api/wobblers/1 HTTP/1.1" 200 OK
INFO:     51.250.96.61:44686 - "GET /api/wobblers/1 HTTP/1.1" 200 OK
INFO:     51.250.96.61:44698 - "GET /api/wobblers/1 HTTP/1.1" 200 OK
INFO:     51.250.96.61:44708 - "GET /api/wobblers/1 HTTP/1.1" 200 OK
INFO:     51.250.96.61:55636 - "GET /api/wobblers/1 HTTP/1.1" 200 OK
INFO:     51.250.96.61:44712 - "GET /api/wobblers/1 HTTP/1.1" 200 OK
INFO:     51.250.96.61:44724 - "GET /api/wobblers/1 HTTP/1.1" 200 OK
INFO:     51.250.96.61:44734 - "GET /api/wobblers/1 HTTP/1.1" 200 OK
INFO:     51.250.96.61:55644 - "GET /api/wobblers/1 HTTP/1.1" 200 OK
INFO:     51.250.96.61:44744 - "GET /api/wobblers/1 HTTP/1.1" 200 OK
INFO:     172.233.57.39:53272 - "GET / HTTP/1.1" 200 OK
INFO:     51.250.96.61:55640 - "GET /api/wobblers/1 HTTP/1.1" 200 OK
INFO:     51.250.96.61:44752 - "GET /api/wobblers/1 HTTP/1.1" 200 OK
INFO:     51.250.96.61:55608 - "GET /api/wobblers/1 HTTP/1.1" 200 OK
INFO:     51.250.96.61:44658 - "GET /api/wobblers/1 HTTP/1.1" 200 OK
INFO:     51.250.96.61:44656 - "GET /api/wobblers/1 HTTP/1.1" 200 OK
INFO:     51.250.96.61:44672 - "GET /api/wobblers/1 HTTP/1.1" 200 OK
INFO:     51.250.96.61:44708 - "GET /api/wobblers/1 HTTP/1.1" 200 OK
INFO:     51.250.96.61:44686 - "GET /api/wobblers/1 HTTP/1.1" 200 OK
INFO:     51.250.96.61:55636 - "GET /api/wobblers/1 HTTP/1.1" 200 OK
INFO:     51.250.96.61:44698 - "GET /api/wobblers/1 HTTP/1.1" 200 OK
INFO:     51.250.96.61:44724 - "GET /api/wobblers/1 HTTP/1.1" 200 OK
INFO:     51.250.96.61:55608 - "GET /api/wobblers/1 HTTP/1.1" 200 OK
INFO:     51.250.96.61:44656 - "GET /api/wobblers/1 HTTP/1.1" 200 OK
INFO:     51.250.96.61:55636 - "GET /api/wobblers/1 HTTP/1.1" 200 OK
INFO:     51.250.96.61:44708 - "GET /api/wobblers/1 HTTP/1.1" 200 OK
INFO:     51.250.96.61:44724 - "GET /api/wobblers/1 HTTP/1.1" 200 OK
INFO:     51.250.96.61:44724 - "GET /api/wobblers/1 HTTP/1.1" 200 OK
INFO:     51.250.96.61:44724 - "GET /api/wobblers/1 HTTP/1.1" 200 OK
INFO:     51.250.96.61:44724 - "GET /api/wobblers/1 HTTP/1.1" 200 OK
INFO:     51.250.96.61:44724 - "GET /api/wobblers/1 HTTP/1.1" 200 OK
WARNING:  Invalid HTTP request received.
INFO:     51.250.96.61:44724 - "GET /api/wobblers/1 HTTP/1.1" 200 OK
INFO:     51.250.96.61:44708 - "GET /api/wobblers/1 HTTP/1.1" 200 OK
INFO:     51.250.96.61:44708 - "GET /api/wobblers/1 HTTP/1.1" 200 OK
INFO:     51.250.96.61:44708 - "GET /api/wobblers/1 HTTP/1.1" 200 OK
INFO:     51.250.96.61:60878 - "GET /api/wobblers/1 HTTP/1.1" 200 OK
INFO:     51.250.96.61:55298 - "GET /api/wobblers/1 HTTP/1.1" 200 OK
INFO:     51.250.96.61:55304 - "GET /api/wobblers/1 HTTP/1.1" 200 OK
INFO:     51.250.96.61:35816 - "GET /api/wobblers/1 HTTP/1.1" 200 OK
INFO:     51.250.96.61:35816 - "GET /api/wobblers/1 HTTP/1.1" 200 OK
INFO:     51.250.96.61:35816 - "GET /api/wobblers/1 HTTP/1.1" 200 OK
INFO:     51.250.96.61:35384 - "GET /api/wobblers/1 HTTP/1.1" 200 OK
INFO:     51.250.96.61:53172 - "GET /api/wobblers/1 HTTP/1.1" 200 OK
INFO:     51.250.96.61:59808 - "GET /api/wobblers/1 HTTP/1.1" 200 OK
INFO:     51.250.96.61:38664 - "GET /api/wobblers/1 HTTP/1.1" 200 OK
INFO:     51.250.96.61:38692 - "GET /api/wobblers/1 HTTP/1.1" 200 OK
INFO:     51.250.96.61:38678 - "GET /api/wobblers/1 HTTP/1.1" 200 OK
INFO:     51.250.96.61:38694 - "GET /api/wobblers/1 HTTP/1.1" 200 OK
INFO:     51.250.96.61:38706 - "GET /api/wobblers/1 HTTP/1.1" 200 OK
INFO:     51.250.96.61:38720 - "GET /api/wobblers/1 HTTP/1.1" 200 OK
INFO:     51.250.96.61:38722 - "GET /api/wobblers/1 HTTP/1.1" 200 OK
INFO:     51.250.96.61:38738 - "GET /api/wobblers/1 HTTP/1.1" 200 OK
INFO:     51.250.96.61:38664 - "GET /api/wobblers/1 HTTP/1.1" 200 OK
INFO:     51.250.96.61:38752 - "GET /api/wobblers/1 HTTP/1.1" 200 OK
INFO:     51.250.96.61:38764 - "GET /api/wobblers/1 HTTP/1.1" 200 OK
INFO:     51.250.96.61:38778 - "GET /api/wobblers/1 HTTP/1.1" 200 OK
INFO:     51.250.96.61:38784 - "GET /api/wobblers/1 HTTP/1.1" 200 OK
INFO:     51.250.96.61:38678 - "GET /api/wobblers/1 HTTP/1.1" 200 OK
INFO:     51.250.96.61:38692 - "GET /api/wobblers/1 HTTP/1.1" 200 OK
INFO:     51.250.96.61:42204 - "GET /api/wobblers/1 HTTP/1.1" 200 OK
INFO:     51.250.96.61:42218 - "GET /api/wobblers/1 HTTP/1.1" 200 OK
INFO:     51.250.96.61:42222 - "GET /api/wobblers/1 HTTP/1.1" 200 OK
INFO:     51.250.96.61:38694 - "GET /api/wobblers/1 HTTP/1.1" 200 OK
INFO:     51.250.96.61:42234 - "GET /api/wobblers/1 HTTP/1.1" 200 OK
INFO:     51.250.96.61:42250 - "GET /api/wobblers/1 HTTP/1.1" 200 OK
INFO:     51.250.96.61:42260 - "GET /api/wobblers/1 HTTP/1.1" 200 OK
INFO:     51.250.96.61:42276 - "GET /api/wobblers/1 HTTP/1.1" 200 OK
INFO:     51.250.96.61:42282 - "GET /api/wobblers/1 HTTP/1.1" 200 OK
INFO:     51.250.96.61:42288 - "GET /api/wobblers/1 HTTP/1.1" 200 OK
INFO:     51.250.96.61:42294 - "GET /api/wobblers/1 HTTP/1.1" 200 OK
INFO:     51.250.96.61:42302 - "GET /api/wobblers/1 HTTP/1.1" 200 OK
INFO:     51.250.96.61:42314 - "GET /api/wobblers/1 HTTP/1.1" 200 OK
INFO:     51.250.96.61:42330 - "GET /api/wobblers/1 HTTP/1.1" 200 OK
INFO:     51.250.96.61:42332 - "GET /api/wobblers/1 HTTP/1.1" 200 OK
INFO:     51.250.96.61:42344 - "GET /api/wobblers/1 HTTP/1.1" 200 OK
INFO:     51.250.96.61:42360 - "GET /api/wobblers/1 HTTP/1.1" 200 OK
INFO:     51.250.96.61:42376 - "GET /api/wobblers/1 HTTP/1.1" 200 OK
INFO:     51.250.96.61:42388 - "GET /api/wobblers/1 HTTP/1.1" 200 OK
INFO:     51.250.96.61:42400 - "GET /api/wobblers/1 HTTP/1.1" 200 OK
INFO:     51.250.96.61:42402 - "GET /api/wobblers/1 HTTP/1.1" 200 OK
INFO:     51.250.96.61:42404 - "GET /api/wobblers/1 HTTP/1.1" 200 OK
INFO:     51.250.96.61:42408 - "GET /api/wobblers/1 HTTP/1.1" 200 OK
INFO:     51.250.96.61:42424 - "GET /api/wobblers/1 HTTP/1.1" 200 OK
INFO:     51.250.96.61:42446 - "GET /api/wobblers/1 HTTP/1.1" 200 OK
INFO:     51.250.96.61:42438 - "GET /api/wobblers/1 HTTP/1.1" 200 OK
INFO:     51.250.96.61:54302 - "GET /api/wobblers/1 HTTP/1.1" 200 OK
INFO:     51.250.96.61:53104 - "GET /api/wobblers/1 HTTP/1.1" 200 OK
INFO:     51.250.96.61:56400 - "GET /api/wobblers/1 HTTP/1.1" 200 OK
INFO:     51.250.96.61:53114 - "GET /api/wobblers/1 HTTP/1.1" 200 OK
INFO:     51.250.96.61:45132 - "GET /api/wobblers/1 HTTP/1.1" 200 OK
INFO:     51.250.96.61:48578 - "GET /api/wobblers/1 HTTP/1.1" 200 OK
INFO:     51.250.96.61:48610 - "GET /api/wobblers/1 HTTP/1.1" 200 OK
INFO:     51.250.96.61:48594 - "GET /api/wobblers/1 HTTP/1.1" 200 OK
INFO:     51.250.96.61:48582 - "GET /api/wobblers/1 HTTP/1.1" 200 OK
INFO:     51.250.96.61:43238 - "GET /api/wobblers/1 HTTP/1.1" 200 OK
INFO:     51.250.96.61:35734 - "GET /api/wobblers/1 HTTP/1.1" 200 OK
INFO:     51.250.96.61:52806 - "GET /api/wobblers/1 HTTP/1.1" 200 OK
INFO:     51.250.96.61:52806 - "GET /api/wobblers/1 HTTP/1.1" 200 OK
INFO:     51.250.96.61:55604 - "GET /api/wobblers/1 HTTP/1.1" 200 OK
WARNING:  Invalid HTTP request received.
INFO:     51.250.96.61:59732 - "GET /api/wobblers/1 HTTP/1.1" 200 OK
INFO:     51.250.96.61:59732 - "GET /api/wobblers/1 HTTP/1.1" 200 OK
INFO:     51.250.96.61:33878 - "GET /api/wobblers/1 HTTP/1.1" 200 OK
INFO:     51.250.96.61:33878 - "GET /api/wobblers/1 HTTP/1.1" 200 OK
INFO:     51.250.96.61:33878 - "GET /api/wobblers/1 HTTP/1.1" 200 OK
INFO:     51.250.96.61:34396 - "GET /api/wobblers/1 HTTP/1.1" 200 OK
INFO:     51.250.96.61:39442 - "GET /api/wobblers/1 HTTP/1.1" 200 OK
INFO:     51.250.96.61:53634 - "GET /api/wobblers/1 HTTP/1.1" 200 OK
INFO:     51.250.96.61:53634 - "GET /api/wobblers/1 HTTP/1.1" 200 OK
INFO:     51.250.96.61:54124 - "GET /api/wobblers/1 HTTP/1.1" 200 OK
INFO:     51.250.96.61:50708 - "GET /api/wobblers/1 HTTP/1.1" 200 OK
INFO:     51.250.96.61:46146 - "GET /api/wobblers/1 HTTP/1.1" 200 OK
INFO:     51.250.96.61:38440 - "GET /api/wobblers/1 HTTP/1.1" 200 OK
INFO:     51.250.96.61:58106 - "GET /api/wobblers/1 HTTP/1.1" 200 OK
INFO:     51.250.96.61:44234 - "GET /api/wobblers/1 HTTP/1.1" 200 OK
INFO:     51.250.96.61:56758 - "GET /api/wobblers/1 HTTP/1.1" 200 OK
INFO:     51.250.96.61:56758 - "GET /api/wobblers/1 HTTP/1.1" 200 OK
INFO:     51.250.96.61:56758 - "GET /api/wobblers/1 HTTP/1.1" 200 OK
INFO:     51.250.96.61:56758 - "GET /api/wobblers/1 HTTP/1.1" 200 OK
INFO:     51.250.96.61:56758 - "GET /api/wobblers/1 HTTP/1.1" 200 OK
INFO:     51.250.96.61:56758 - "GET /api/wobblers/1 HTTP/1.1" 200 OK
INFO:     51.250.96.61:56758 - "GET /api/wobblers/1 HTTP/1.1" 200 OK
INFO:     51.250.96.61:35088 - "GET /api/wobblers/1 HTTP/1.1" 200 OK
INFO:     51.250.96.61:35974 - "GET /api/wobblers/1 HTTP/1.1" 200 OK
INFO:     51.250.96.61:53724 - "GET /api/wobblers/1 HTTP/1.1" 200 OK
INFO:     51.250.96.61:54576 - "GET /api/wobblers/1 HTTP/1.1" 200 OK
INFO:     51.250.96.61:54576 - "GET /api/wobblers/1 HTTP/1.1" 200 OK
INFO:     51.250.96.61:54576 - "GET /api/wobblers/1 HTTP/1.1" 200 OK
INFO:     51.250.96.61:54576 - "GET /api/wobblers/1 HTTP/1.1" 200 OK
INFO:     51.250.96.61:48890 - "GET /api/wobblers/1 HTTP/1.1" 200 OK
INFO:     51.250.96.61:42950 - "GET /api/wobblers/1 HTTP/1.1" 200 OK
INFO:     51.250.96.61:60648 - "GET /api/wobblers/1 HTTP/1.1" 200 OK
INFO:     51.250.96.61:42442 - "GET /api/wobblers/1 HTTP/1.1" 200 OK
INFO:     51.250.96.61:51290 - "GET /api/wobblers/1 HTTP/1.1" 200 OK
INFO:     51.250.96.61:59434 - "GET /api/wobblers/1 HTTP/1.1" 200 OK
INFO:     51.250.96.61:59120 - "GET /api/wobblers/1 HTTP/1.1" 200 OK
INFO:     51.250.96.61:59120 - "GET /api/wobblers/1 HTTP/1.1" 200 OK
INFO:     51.250.96.61:34874 - "GET /api/wobblers/1 HTTP/1.1" 200 OK
INFO:     51.250.96.61:34874 - "GET /api/wobblers/1 HTTP/1.1" 200 OK
INFO:     51.250.96.61:34874 - "GET /api/wobblers/1 HTTP/1.1" 200 OK
INFO:     51.250.96.61:34874 - "GET /api/wobblers/1 HTTP/1.1" 200 OK
INFO:     51.250.96.61:42530 - "GET /api/wobblers/1 HTTP/1.1" 200 OK
INFO:     51.250.96.61:42530 - "GET /api/wobblers/1 HTTP/1.1" 200 OK
INFO:     51.250.96.61:42530 - "GET /api/wobblers/1 HTTP/1.1" 200 OK
INFO:     51.250.96.61:42530 - "GET /api/wobblers/1 HTTP/1.1" 200 OK
INFO:     51.250.96.61:42530 - "GET /api/wobblers/1 HTTP/1.1" 200 OK
INFO:     51.250.96.61:42530 - "GET /api/wobblers/1 HTTP/1.1" 200 OK
INFO:     51.250.96.61:42530 - "GET /api/wobblers/1 HTTP/1.1" 200 OK
INFO:     192.241.149.220:27887 - "GET / HTTP/1.0" 200 OK
WARNING:  Invalid HTTP request received.
INFO:     134.122.22.5:31360 - "GET /solr/admin/info/system HTTP/1.1" 404 Not Found
INFO:     147.182.174.66:22098 - "GET /v2/_catalog HTTP/1.1" 404 Not Found
INFO:     157.245.81.21:41950 - "GET /cgi-bin/authLogin.cgi HTTP/1.1" 404 Not Found
INFO:     147.182.180.244:42638 - "GET / HTTP/1.1" 200 OK
WARNING:  Invalid HTTP request received.
INFO:     134.122.22.5:31356 - "GET /query?q=SHOW+DIAGNOSTICS HTTP/1.1" 404 Not Found
WARNING:  Invalid HTTP request received.
INFO:     134.122.22.5:31362 - "GET /solr/admin/cores?action=STATUS&wt=json HTTP/1.1" 404 Not Found
WARNING:  Invalid HTTP request received.
INFO:     52.76.71.100:20822 - "GET /favicon.ico HTTP/1.1" 404 Not Found
INFO:     51.250.96.61:59062 - "GET /api/wobblers/1 HTTP/1.1" 200 OK
INFO:     51.250.96.61:54806 - "GET /api/wobblers/1 HTTP/1.1" 200 OK
WARNING:  Invalid HTTP request received.
INFO:     51.250.96.61:54146 - "GET /api/wobblers/1 HTTP/1.1" 200 OK
INFO:     51.250.96.61:54146 - "GET /api/wobblers/1 HTTP/1.1" 200 OK
INFO:     51.250.96.61:54146 - "GET /api/wobblers/1 HTTP/1.1" 200 OK
INFO:     51.250.96.61:54146 - "GET /api/wobblers/1 HTTP/1.1" 200 OK
INFO:     212.192.158.165:52024 - "GET / HTTP/1.1" 200 OK
INFO:     212.192.158.165:46804 - "GET / HTTP/1.1" 200 OK
INFO:     212.192.158.165:46804 - "GET /favicon.ico HTTP/1.1" 404 Not Found
INFO:     51.250.96.61:37306 - "GET /api/wobblers/1 HTTP/1.1" 200 OK
INFO:     51.250.96.61:39958 - "GET /api/wobblers/1 HTTP/1.1" 200 OK
INFO:     51.250.96.61:47544 - "GET /api/wobblers/1 HTTP/1.1" 200 OK
INFO:     51.250.96.61:45090 - "GET /api/wobblers/1 HTTP/1.1" 200 OK
INFO:     51.250.96.61:46390 - "GET /api/wobblers/1 HTTP/1.1" 200 OK
INFO:     51.250.96.61:46390 - "GET /api/wobblers/1 HTTP/1.1" 200 OK
INFO:     51.250.96.61:46390 - "GET /api/wobblers/1 HTTP/1.1" 200 OK
INFO:     51.250.96.61:51988 - "GET /api/wobblers/1 HTTP/1.1" 200 OK
INFO:     51.250.96.61:51988 - "GET /api/wobblers/1 HTTP/1.1" 200 OK
INFO:     51.250.96.61:51988 - "GET /api/wobblers/1 HTTP/1.1" 200 OK
INFO:     51.250.96.61:42312 - "GET /api/wobblers/1 HTTP/1.1" 200 OK
INFO:     51.250.96.61:45332 - "GET /api/wobblers/1 HTTP/1.1" 200 OK
INFO:     51.250.96.61:45346 - "GET /api/wobblers/1 HTTP/1.1" 200 OK
INFO:     51.250.96.61:45346 - "GET /api/wobblers/1 HTTP/1.1" 200 OK
INFO:     51.250.96.61:45346 - "GET /api/wobblers/1 HTTP/1.1" 200 OK
INFO:     51.250.96.61:45140 - "GET /api/wobblers/1 HTTP/1.1" 200 OK
INFO:     51.250.96.61:39994 - "GET /api/wobblers/1 HTTP/1.1" 200 OK
INFO:     51.250.96.61:41658 - "GET /api/wobblers/1 HTTP/1.1" 200 OK
INFO:     106.75.47.12:42704 - "GET / HTTP/1.1" 200 OK
INFO:     106.75.130.42:15526 - "GET / HTTP/1.1" 200 OK
INFO:     106.75.130.42:15530 - "GET /favicon.ico HTTP/1.1" 404 Not Found
INFO:     167.94.138.53:49500 - "GET / HTTP/1.1" 200 OK
WARNING:  Invalid HTTP request received.
INFO:     167.94.138.53:39742 - "GET /favicon.ico HTTP/1.1" 404 Not Found
INFO:     51.250.96.61:52108 - "GET /api/wobblers/1 HTTP/1.1" 200 OK
INFO:     51.250.96.61:42744 - "GET /api/wobblers/1 HTTP/1.1" 200 OK
INFO:     51.250.96.61:42752 - "GET /api/wobblers/1 HTTP/1.1" 200 OK
INFO:     51.250.96.61:60860 - "GET /api/wobblers/1 HTTP/1.1" 200 OK
INFO:     51.250.96.61:60860 - "GET /api/wobblers/1 HTTP/1.1" 200 OK
INFO:     51.250.96.61:56220 - "GET /api/wobblers/1 HTTP/1.1" 200 OK
INFO:     51.250.96.61:57834 - "GET /api/wobblers/1 HTTP/1.1" 200 OK
INFO:     51.250.96.61:57834 - "GET /api/wobblers/1 HTTP/1.1" 200 OK
INFO:     51.250.96.61:57834 - "GET /api/wobblers/1 HTTP/1.1" 200 OK
INFO:     51.250.96.61:57834 - "GET /api/wobblers/1 HTTP/1.1" 200 OK
INFO:     185.242.226.27:60628 - "GET / HTTP/1.1" 200 OK
INFO:     51.250.96.61:43040 - "GET /api/wobblers/1 HTTP/1.1" 200 OK
WARNING:  Invalid HTTP request received.
INFO:     51.250.96.61:43800 - "GET /api/wobblers/1 HTTP/1.1" 200 OK
INFO:     51.250.96.61:43808 - "GET /api/wobblers/1 HTTP/1.1" 200 OK
WARNING:  Invalid HTTP request received.
INFO:     51.250.96.61:40750 - "GET /api/wobblers/1 HTTP/1.1" 200 OK
WARNING:  Invalid HTTP request received.
INFO:     115.231.78.3:49610 - "GET / HTTP/1.1" 200 OK
INFO:     115.231.78.3:15376 - "GET /favicon.ico HTTP/1.1" 404 Not Found
INFO:     115.231.78.3:35584 - "GET /robots.txt HTTP/1.1" 404 Not Found
INFO:     51.250.96.61:52648 - "GET /api/wobblers/1 HTTP/1.1" 200 OK
INFO:     51.250.96.61:52648 - "GET /api/wobblers/1 HTTP/1.1" 200 OK
INFO:     51.250.96.61:52648 - "GET /api/wobblers/1 HTTP/1.1" 200 OK
INFO:     51.250.96.61:52648 - "GET /api/wobblers/1 HTTP/1.1" 200 OK
INFO:     51.250.96.61:37636 - "GET /api/wobblers/1 HTTP/1.1" 200 OK
INFO:     51.250.96.61:37648 - "GET /api/wobblers/1 HTTP/1.1" 200 OK
INFO:     51.250.96.61:37652 - "GET /api/wobblers/1 HTTP/1.1" 200 OK
INFO:     51.250.96.61:37636 - "GET /api/wobblers/1 HTTP/1.1" 200 OK
INFO:     51.250.96.61:37668 - "GET /api/wobblers/1 HTTP/1.1" 200 OK
INFO:     51.250.96.61:37654 - "GET /api/wobblers/1 HTTP/1.1" 200 OK
INFO:     51.250.96.61:37648 - "GET /api/wobblers/1 HTTP/1.1" 200 OK
INFO:     51.250.96.61:46120 - "GET /api/wobblers/1 HTTP/1.1" 200 OK
INFO:     51.250.96.61:34090 - "GET /api/wobblers/1 HTTP/1.1" 200 OK
INFO:     51.250.96.61:41986 - "GET /api/wobblers/1 HTTP/1.1" 200 OK
INFO:     51.250.96.61:41910 - "GET /api/wobblers/1 HTTP/1.1" 200 OK
INFO:     51.250.96.61:41910 - "GET /api/wobblers/1 HTTP/1.1" 200 OK
WARNING:  Invalid HTTP request received.
WARNING:  Invalid HTTP request received.
INFO:     51.250.96.61:52244 - "GET /api/wobblers/1 HTTP/1.1" 200 OK
INFO:     51.250.96.61:39488 - "GET /api/wobblers/1 HTTP/1.1" 200 OK
INFO:     51.250.96.61:33270 - "GET /api/wobblers/1 HTTP/1.1" 200 OK
INFO:     51.250.96.61:37782 - "GET /api/wobblers/1 HTTP/1.1" 200 OK
INFO:     51.250.96.61:37782 - "GET /api/wobblers/1 HTTP/1.1" 200 OK
INFO:     51.250.96.61:37782 - "GET /api/wobblers/1 HTTP/1.1" 200 OK
INFO:     51.250.96.61:37782 - "GET /api/wobblers/1 HTTP/1.1" 200 OK
INFO:     51.250.96.61:49626 - "GET /api/wobblers/1 HTTP/1.1" 200 OK
INFO:     51.250.96.61:37782 - "GET /api/wobblers/1 HTTP/1.1" 200 OK
INFO:     51.250.96.61:49626 - "GET /api/wobblers/1 HTTP/1.1" 200 OK
INFO:     51.250.96.61:37782 - "GET /api/wobblers/1 HTTP/1.1" 200 OK
INFO:     51.250.96.61:49626 - "GET /api/wobblers/1 HTTP/1.1" 200 OK
INFO:     51.250.96.61:37782 - "GET /api/wobblers/1 HTTP/1.1" 200 OK
INFO:     51.250.96.61:49640 - "GET /api/wobblers/1 HTTP/1.1" 200 OK
INFO:     51.250.96.61:37782 - "GET /api/wobblers/1 HTTP/1.1" 200 OK
INFO:     51.250.96.61:37782 - "GET /api/wobblers/1 HTTP/1.1" 200 OK
INFO:     51.250.96.61:37782 - "GET /api/wobblers/1 HTTP/1.1" 200 OK
INFO:     51.250.96.61:37782 - "GET /api/wobblers/1 HTTP/1.1" 200 OK
INFO:     51.250.96.61:37782 - "GET /api/wobblers/1 HTTP/1.1" 200 OK
INFO:     51.250.96.61:49640 - "GET /api/wobblers/1 HTTP/1.1" 200 OK
INFO:     51.250.96.61:37782 - "GET /api/wobblers/1 HTTP/1.1" 200 OK
INFO:     51.250.96.61:37782 - "GET /api/wobblers/1 HTTP/1.1" 200 OK
INFO:     51.250.96.61:37782 - "GET /api/wobblers/1 HTTP/1.1" 200 OK
INFO:     51.250.96.61:49640 - "GET /api/wobblers/1 HTTP/1.1" 200 OK
INFO:     51.250.96.61:49640 - "GET /api/wobblers/1 HTTP/1.1" 200 OK
INFO:     51.250.96.61:49640 - "GET /api/wobblers/1 HTTP/1.1" 200 OK
INFO:     51.250.96.61:49640 - "GET /api/wobblers/1 HTTP/1.1" 200 OK
INFO:     51.250.96.61:37782 - "GET /api/wobblers/1 HTTP/1.1" 200 OK
INFO:     51.250.96.61:37782 - "GET /api/wobblers/1 HTTP/1.1" 200 OK
INFO:     51.250.96.61:37782 - "GET /api/wobblers/1 HTTP/1.1" 200 OK
INFO:     51.250.96.61:37782 - "GET /api/wobblers/1 HTTP/1.1" 200 OK
INFO:     51.250.96.61:37782 - "GET /api/wobblers/1 HTTP/1.1" 200 OK
INFO:     51.250.96.61:37782 - "GET /api/wobblers/1 HTTP/1.1" 200 OK
INFO:     51.250.96.61:37782 - "GET /api/wobblers/1 HTTP/1.1" 200 OK
INFO:     51.250.96.61:49640 - "GET /api/wobblers/1 HTTP/1.1" 200 OK
INFO:     51.250.96.61:49640 - "GET /api/wobblers/1 HTTP/1.1" 200 OK
INFO:     51.250.96.61:49640 - "GET /api/wobblers/1 HTTP/1.1" 200 OK
INFO:     51.250.96.61:49640 - "GET /api/wobblers/1 HTTP/1.1" 200 OK
INFO:     51.250.96.61:49640 - "GET /api/wobblers/1 HTTP/1.1" 200 OK
INFO:     51.250.96.61:49640 - "GET /api/wobblers/1 HTTP/1.1" 200 OK
INFO:     51.250.96.61:49640 - "GET /api/wobblers/1 HTTP/1.1" 200 OK
INFO:     51.250.96.61:49640 - "GET /api/wobblers/1 HTTP/1.1" 200 OK
INFO:     51.250.96.61:37782 - "GET /api/wobblers/1 HTTP/1.1" 200 OK
INFO:     51.250.96.61:44020 - "GET /api/wobblers/1 HTTP/1.1" 200 OK
INFO:     51.250.96.61:36644 - "GET /api/wobblers/1 HTTP/1.1" 200 OK
INFO:     51.250.96.61:41224 - "GET /api/wobblers/1 HTTP/1.1" 200 OK
INFO:     51.250.96.61:40376 - "GET /api/wobblers/1 HTTP/1.1" 200 OK
WARNING:  Invalid HTTP request received.
INFO:     167.94.138.40:35016 - "GET / HTTP/1.1" 200 OK
INFO:     167.94.138.40:58982 - "GET / HTTP/1.1" 200 OK
WARNING:  Invalid HTTP request received.
INFO:     167.94.138.40:59012 - "GET /favicon.ico HTTP/1.1" 404 Not Found
INFO:     51.250.96.61:34002 - "GET /api/wobblers/1 HTTP/1.1" 200 OK
INFO:     51.250.96.61:56344 - "GET /api/wobblers/1 HTTP/1.1" 200 OK
INFO:     51.250.96.61:54550 - "GET /api/wobblers/1 HTTP/1.1" 200 OK
INFO:     51.250.96.61:54552 - "GET /api/wobblers/1 HTTP/1.1" 200 OK
INFO:     51.250.96.61:54552 - "GET /api/wobblers/1 HTTP/1.1" 200 OK
INFO:     51.250.96.61:54552 - "GET /api/wobblers/1 HTTP/1.1" 200 OK
INFO:     51.250.96.61:33556 - "GET /api/wobblers/1 HTTP/1.1" 200 OK
INFO:     51.250.96.61:45398 - "GET /api/wobblers/1 HTTP/1.1" 200 OK
INFO:     51.250.96.61:49222 - "GET /api/wobblers/1 HTTP/1.1" 200 OK
WARNING:  Invalid HTTP request received.
INFO:     51.250.96.61:59408 - "GET /api/wobblers/1 HTTP/1.1" 200 OK
INFO:     51.250.96.61:37922 - "GET /api/wobblers/1 HTTP/1.1" 200 OK
INFO:     51.250.96.61:46524 - "GET /api/wobblers/1 HTTP/1.1" 200 OK
INFO:     51.250.96.61:49936 - "GET /api/wobblers/1 HTTP/1.1" 200 OK
INFO:     36.99.136.129:47815 - "GET / HTTP/1.1" 200 OK
INFO:     36.99.136.137:31702 - "GET /favicon.ico HTTP/1.1" 404 Not Found
INFO:     36.99.136.137:31666 - "GET / HTTP/1.1" 200 OK
INFO:     36.99.136.129:49801 - "GET /favicon.ico HTTP/1.1" 404 Not Found
INFO:     51.250.96.61:57666 - "GET /api/wobblers/1 HTTP/1.1" 200 OK
INFO:     51.250.96.61:59678 - "GET /api/wobblers/1 HTTP/1.1" 200 OK
INFO:     51.250.96.61:47626 - "GET /api/wobblers/1 HTTP/1.1" 200 OK
INFO:     51.250.96.61:38156 - "GET /api/wobblers/1 HTTP/1.1" 200 OK
INFO:     51.250.96.61:38156 - "GET /api/wobblers/1 HTTP/1.1" 200 OK
INFO:     51.250.96.61:38156 - "GET /api/wobblers/1 HTTP/1.1" 200 OK
INFO:     51.250.96.61:38156 - "GET /api/wobblers/1 HTTP/1.1" 200 OK
INFO:     51.250.96.61:34734 - "GET /api/wobblers/1 HTTP/1.1" 200 OK
INFO:     51.250.96.61:52764 - "GET /api/wobblers/1 HTTP/1.1" 200 OK
INFO:     51.250.96.61:56086 - "GET /api/wobblers/1 HTTP/1.1" 200 OK
INFO:     51.250.96.61:49408 - "GET /api/wobblers/1 HTTP/1.1" 200 OK
INFO:     51.250.96.61:49408 - "GET /api/wobblers/1 HTTP/1.1" 200 OK
INFO:     51.250.96.61:46330 - "GET /api/wobblers/1 HTTP/1.1" 200 OK
INFO:     51.250.96.61:35294 - "GET /api/wobblers/1 HTTP/1.1" 200 OK
INFO:     51.250.96.61:60446 - "GET /api/wobblers/1 HTTP/1.1" 200 OK
INFO:     51.250.96.61:60446 - "GET /api/wobblers/1 HTTP/1.1" 200 OK
INFO:     51.250.96.61:60446 - "GET /api/wobblers/1 HTTP/1.1" 200 OK
INFO:     51.250.96.61:60446 - "GET /api/wobblers/1 HTTP/1.1" 200 OK
INFO:     51.250.96.61:60446 - "GET /api/wobblers/1 HTTP/1.1" 200 OK
INFO:     51.250.96.61:60446 - "GET /api/wobblers/1 HTTP/1.1" 200 OK
INFO:     51.250.96.61:60446 - "GET /api/wobblers/1 HTTP/1.1" 200 OK
INFO:     51.250.96.61:60446 - "GET /api/wobblers/1 HTTP/1.1" 200 OK
INFO:     51.250.96.61:60446 - "GET /api/wobblers/1 HTTP/1.1" 200 OK
INFO:     51.250.96.61:60446 - "GET /api/wobblers/1 HTTP/1.1" 200 OK
INFO:     51.250.96.61:60446 - "GET /api/wobblers/1 HTTP/1.1" 200 OK
INFO:     51.250.96.61:60446 - "GET /api/wobblers/1 HTTP/1.1" 200 OK
INFO:     51.250.96.61:60446 - "GET /api/wobblers/1 HTTP/1.1" 200 OK
INFO:     51.250.96.61:46338 - "GET /api/wobblers/1 HTTP/1.1" 200 OK
INFO:     51.250.96.61:46338 - "GET /api/wobblers/1 HTTP/1.1" 200 OK
INFO:     51.250.96.61:46338 - "GET /api/wobblers/1 HTTP/1.1" 200 OK
INFO:     51.250.96.61:46338 - "GET /api/wobblers/1 HTTP/1.1" 200 OK
INFO:     51.250.96.61:46338 - "GET /api/wobblers/1 HTTP/1.1" 200 OK
INFO:     51.250.96.61:46338 - "GET /api/wobblers/1 HTTP/1.1" 200 OK
INFO:     51.250.96.61:46338 - "GET /api/wobblers/1 HTTP/1.1" 200 OK
INFO:     51.250.96.61:46338 - "GET /api/wobblers/1 HTTP/1.1" 200 OK
INFO:     51.250.96.61:46338 - "GET /api/wobblers/1 HTTP/1.1" 200 OK
INFO:     51.250.96.61:46338 - "GET /api/wobblers/1 HTTP/1.1" 200 OK
INFO:     51.250.96.61:46338 - "GET /api/wobblers/1 HTTP/1.1" 200 OK
INFO:     51.250.96.61:46338 - "GET /api/wobblers/1 HTTP/1.1" 200 OK
INFO:     51.250.96.61:46338 - "GET /api/wobblers/1 HTTP/1.1" 200 OK
INFO:     51.250.96.61:46338 - "GET /api/wobblers/1 HTTP/1.1" 200 OK
INFO:     51.250.96.61:46338 - "GET /api/wobblers/1 HTTP/1.1" 200 OK
INFO:     51.250.96.61:46338 - "GET /api/wobblers/1 HTTP/1.1" 200 OK
INFO:     51.250.96.61:46338 - "GET /api/wobblers/1 HTTP/1.1" 200 OK
INFO:     51.250.96.61:46338 - "GET /api/wobblers/1 HTTP/1.1" 200 OK
INFO:     51.250.96.61:46338 - "GET /api/wobblers/1 HTTP/1.1" 200 OK
INFO:     51.250.96.61:46338 - "GET /api/wobblers/1 HTTP/1.1" 200 OK
INFO:     51.250.96.61:46338 - "GET /api/wobblers/1 HTTP/1.1" 200 OK
INFO:     51.250.96.61:46338 - "GET /api/wobblers/1 HTTP/1.1" 200 OK
INFO:     51.250.96.61:46338 - "GET /api/wobblers/1 HTTP/1.1" 200 OK
INFO:     51.250.96.61:46338 - "GET /api/wobblers/1 HTTP/1.1" 200 OK
INFO:     51.250.96.61:46338 - "GET /api/wobblers/1 HTTP/1.1" 200 OK
INFO:     51.250.96.61:46338 - "GET /api/wobblers/1 HTTP/1.1" 200 OK
INFO:     51.250.96.61:46338 - "GET /api/wobblers/1 HTTP/1.1" 200 OK
INFO:     51.250.96.61:46338 - "GET /api/wobblers/1 HTTP/1.1" 200 OK
INFO:     51.250.96.61:46338 - "GET /api/wobblers/1 HTTP/1.1" 200 OK
INFO:     51.250.96.61:46338 - "GET /api/wobblers/1 HTTP/1.1" 200 OK
INFO:     51.250.96.61:46338 - "GET /api/wobblers/1 HTTP/1.1" 200 OK
INFO:     51.250.96.61:46338 - "GET /api/wobblers/1 HTTP/1.1" 200 OK
INFO:     51.250.96.61:46338 - "GET /api/wobblers/1 HTTP/1.1" 200 OK
INFO:     51.250.96.61:46338 - "GET /api/wobblers/1 HTTP/1.1" 200 OK
INFO:     51.250.96.61:46338 - "GET /api/wobblers/1 HTTP/1.1" 200 OK
INFO:     51.250.96.61:46338 - "GET /api/wobblers/1 HTTP/1.1" 200 OK
INFO:     51.250.96.61:46338 - "GET /api/wobblers/1 HTTP/1.1" 200 OK
INFO:     51.250.96.61:46338 - "GET /api/wobblers/1 HTTP/1.1" 200 OK
INFO:     51.250.96.61:46338 - "GET /api/wobblers/1 HTTP/1.1" 200 OK
INFO:     51.250.96.61:46338 - "GET /api/wobblers/1 HTTP/1.1" 200 OK
INFO:     51.250.96.61:46338 - "GET /api/wobblers/1 HTTP/1.1" 200 OK
INFO:     51.250.96.61:46338 - "GET /api/wobblers/1 HTTP/1.1" 200 OK
INFO:     51.250.96.61:46338 - "GET /api/wobblers/1 HTTP/1.1" 200 OK
INFO:     51.250.96.61:46338 - "GET /api/wobblers/1 HTTP/1.1" 200 OK
INFO:     51.250.96.61:46338 - "GET /api/wobblers/1 HTTP/1.1" 200 OK
INFO:     51.250.96.61:46338 - "GET /api/wobblers/1 HTTP/1.1" 200 OK
INFO:     51.250.96.61:46338 - "GET /api/wobblers/1 HTTP/1.1" 200 OK
INFO:     51.250.96.61:46338 - "GET /api/wobblers/1 HTTP/1.1" 200 OK
INFO:     51.250.96.61:46338 - "GET /api/wobblers/1 HTTP/1.1" 200 OK
INFO:     51.250.96.61:41074 - "GET /api/wobblers/1 HTTP/1.1" 200 OK
WARNING:  Invalid HTTP request received.
INFO:     51.250.96.61:35740 - "GET /api/wobblers/1 HTTP/1.1" 200 OK
INFO:     51.250.96.61:40156 - "GET /api/wobblers/1 HTTP/1.1" 200 OK
INFO:     51.250.96.61:51166 - "GET /api/wobblers/1 HTTP/1.1" 200 OK
INFO:     51.250.96.61:51166 - "GET /api/wobblers/1 HTTP/1.1" 200 OK
INFO:     51.250.96.61:51176 - "GET /api/wobblers/1 HTTP/1.1" 200 OK
INFO:     51.250.96.61:51182 - "GET /api/wobblers/1 HTTP/1.1" 200 OK
INFO:     51.250.96.61:51194 - "GET /api/wobblers/1 HTTP/1.1" 200 OK
INFO:     51.250.96.61:51166 - "GET /api/wobblers/1 HTTP/1.1" 200 OK
INFO:     51.250.96.61:51208 - "GET /api/wobblers/1 HTTP/1.1" 200 OK
INFO:     51.250.96.61:51176 - "GET /api/wobblers/1 HTTP/1.1" 200 OK
INFO:     51.250.96.61:51220 - "GET /api/wobblers/1 HTTP/1.1" 200 OK
INFO:     51.250.96.61:51194 - "GET /api/wobblers/1 HTTP/1.1" 200 OK
INFO:     51.250.96.61:51182 - "GET /api/wobblers/1 HTTP/1.1" 200 OK
INFO:     51.250.96.61:51222 - "GET /api/wobblers/1 HTTP/1.1" 200 OK
INFO:     51.250.96.61:51166 - "GET /api/wobblers/1 HTTP/1.1" 200 OK
INFO:     51.250.96.61:51228 - "GET /api/wobblers/1 HTTP/1.1" 200 OK
INFO:     51.250.96.61:51244 - "GET /api/wobblers/1 HTTP/1.1" 200 OK
INFO:     51.250.96.61:51176 - "GET /api/wobblers/1 HTTP/1.1" 200 OK
INFO:     51.250.96.61:51208 - "GET /api/wobblers/1 HTTP/1.1" 200 OK
INFO:     51.250.96.61:51220 - "GET /api/wobblers/1 HTTP/1.1" 200 OK
INFO:     51.250.96.61:51194 - "GET /api/wobblers/1 HTTP/1.1" 200 OK
INFO:     51.250.96.61:51182 - "GET /api/wobblers/1 HTTP/1.1" 200 OK
INFO:     51.250.96.61:44036 - "GET /api/wobblers/1 HTTP/1.1" 200 OK
INFO:     51.250.96.61:51166 - "GET /api/wobblers/1 HTTP/1.1" 200 OK
INFO:     51.250.96.61:51222 - "GET /api/wobblers/1 HTTP/1.1" 200 OK
INFO:     51.250.96.61:44050 - "GET /api/wobblers/1 HTTP/1.1" 200 OK
INFO:     51.250.96.61:44054 - "GET /api/wobblers/1 HTTP/1.1" 200 OK
INFO:     51.250.96.61:44056 - "GET /api/wobblers/1 HTTP/1.1" 200 OK
INFO:     51.250.96.61:51244 - "GET /api/wobblers/1 HTTP/1.1" 200 OK
INFO:     51.250.96.61:51228 - "GET /api/wobblers/1 HTTP/1.1" 200 OK
INFO:     51.250.96.61:51208 - "GET /api/wobblers/1 HTTP/1.1" 200 OK
INFO:     51.250.96.61:51176 - "GET /api/wobblers/1 HTTP/1.1" 200 OK
INFO:     51.250.96.61:44060 - "GET /api/wobblers/1 HTTP/1.1" 200 OK
INFO:     51.250.96.61:51182 - "GET /api/wobblers/1 HTTP/1.1" 200 OK
INFO:     51.250.96.61:51194 - "GET /api/wobblers/1 HTTP/1.1" 200 OK
INFO:     51.250.96.61:51220 - "GET /api/wobblers/1 HTTP/1.1" 200 OK
INFO:     51.250.96.61:44036 - "GET /api/wobblers/1 HTTP/1.1" 200 OK
INFO:     51.250.96.61:51222 - "GET /api/wobblers/1 HTTP/1.1" 200 OK
INFO:     51.250.96.61:44062 - "GET /api/wobblers/1 HTTP/1.1" 200 OK
INFO:     51.250.96.61:51166 - "GET /api/wobblers/1 HTTP/1.1" 200 OK
INFO:     51.250.96.61:44078 - "GET /api/wobblers/1 HTTP/1.1" 200 OK
INFO:     51.250.96.61:44088 - "GET /api/wobblers/1 HTTP/1.1" 200 OK
INFO:     51.250.96.61:44102 - "GET /api/wobblers/1 HTTP/1.1" 200 OK
INFO:     51.250.96.61:40550 - "GET /api/wobblers/1 HTTP/1.1" 200 OK
INFO:     51.250.96.61:36444 - "GET /api/wobblers/1 HTTP/1.1" 200 OK
INFO:     51.250.96.61:36454 - "GET /api/wobblers/1 HTTP/1.1" 200 OK
INFO:     51.250.96.61:47412 - "GET /api/wobblers/1 HTTP/1.1" 200 OK
INFO:     51.250.96.61:47416 - "GET /api/wobblers/1 HTTP/1.1" 200 OK
INFO:     51.250.96.61:47426 - "GET /api/wobblers/1 HTTP/1.1" 200 OK
INFO:     51.250.96.61:47448 - "GET /api/wobblers/1 HTTP/1.1" 200 OK
INFO:     51.250.96.61:47436 - "GET /api/wobblers/1 HTTP/1.1" 200 OK
INFO:     51.250.96.61:43404 - "GET /api/wobblers/1 HTTP/1.1" 200 OK
INFO:     51.250.96.61:39988 - "GET /api/wobblers/1 HTTP/1.1" 200 OK
INFO:     51.250.96.61:36620 - "GET /api/wobblers/1 HTTP/1.1" 200 OK
INFO:     51.250.96.61:58536 - "GET /api/wobblers/1 HTTP/1.1" 200 OK
INFO:     51.250.96.61:58536 - "GET /api/wobblers/1 HTTP/1.1" 200 OK
INFO:     51.250.96.61:58536 - "GET /api/wobblers/1 HTTP/1.1" 200 OK
INFO:     51.250.96.61:58536 - "GET /api/wobblers/1 HTTP/1.1" 200 OK
INFO:     51.250.96.61:58536 - "GET /api/wobblers/1 HTTP/1.1" 200 OK
INFO:     51.250.96.61:58536 - "GET /api/wobblers/1 HTTP/1.1" 200 OK
INFO:     51.250.96.61:58536 - "GET /api/wobblers/1 HTTP/1.1" 200 OK
INFO:     51.250.96.61:58536 - "GET /api/wobblers/1 HTTP/1.1" 200 OK
INFO:     51.250.96.61:58536 - "GET /api/wobblers/1 HTTP/1.1" 200 OK
INFO:     51.250.96.61:58548 - "GET /api/wobblers/1 HTTP/1.1" 200 OK
INFO:     51.250.96.61:58548 - "GET /api/wobblers/1 HTTP/1.1" 200 OK
INFO:     51.250.96.61:58548 - "GET /api/wobblers/1 HTTP/1.1" 200 OK
INFO:     51.250.96.61:58548 - "GET /api/wobblers/1 HTTP/1.1" 200 OK
INFO:     51.250.96.61:58548 - "GET /api/wobblers/1 HTTP/1.1" 200 OK
INFO:     51.250.96.61:58548 - "GET /api/wobblers/1 HTTP/1.1" 200 OK
INFO:     51.250.96.61:58548 - "GET /api/wobblers/1 HTTP/1.1" 200 OK
INFO:     51.250.96.61:58536 - "GET /api/wobblers/1 HTTP/1.1" 200 OK
INFO:     51.250.96.61:58536 - "GET /api/wobblers/1 HTTP/1.1" 200 OK
INFO:     51.250.96.61:58536 - "GET /api/wobblers/1 HTTP/1.1" 200 OK
INFO:     51.250.96.61:58536 - "GET /api/wobblers/1 HTTP/1.1" 200 OK
INFO:     51.250.96.61:58536 - "GET /api/wobblers/1 HTTP/1.1" 200 OK
INFO:     51.250.96.61:58536 - "GET /api/wobblers/1 HTTP/1.1" 200 OK
INFO:     51.250.96.61:58536 - "GET /api/wobblers/1 HTTP/1.1" 200 OK
INFO:     51.250.96.61:58536 - "GET /api/wobblers/1 HTTP/1.1" 200 OK
INFO:     51.250.96.61:58548 - "GET /api/wobblers/1 HTTP/1.1" 200 OK
INFO:     51.250.96.61:58548 - "GET /api/wobblers/1 HTTP/1.1" 200 OK
INFO:     51.250.96.61:58548 - "GET /api/wobblers/1 HTTP/1.1" 200 OK
INFO:     51.250.96.61:58548 - "GET /api/wobblers/1 HTTP/1.1" 200 OK
INFO:     51.250.96.61:58548 - "GET /api/wobblers/1 HTTP/1.1" 200 OK
INFO:     51.250.96.61:58548 - "GET /api/wobblers/1 HTTP/1.1" 200 OK
INFO:     51.250.96.61:58548 - "GET /api/wobblers/1 HTTP/1.1" 200 OK
INFO:     51.250.96.61:58548 - "GET /api/wobblers/1 HTTP/1.1" 200 OK
INFO:     51.250.96.61:58536 - "GET /api/wobblers/1 HTTP/1.1" 200 OK
INFO:     51.250.96.61:58536 - "GET /api/wobblers/1 HTTP/1.1" 200 OK
INFO:     51.250.96.61:58536 - "GET /api/wobblers/1 HTTP/1.1" 200 OK
INFO:     51.250.96.61:58536 - "GET /api/wobblers/1 HTTP/1.1" 200 OK
INFO:     51.250.96.61:58536 - "GET /api/wobblers/1 HTTP/1.1" 200 OK
INFO:     51.250.96.61:58536 - "GET /api/wobblers/1 HTTP/1.1" 200 OK
INFO:     51.250.96.61:58536 - "GET /api/wobblers/1 HTTP/1.1" 200 OK
INFO:     51.250.96.61:58548 - "GET /api/wobblers/1 HTTP/1.1" 200 OK
INFO:     51.250.96.61:58548 - "GET /api/wobblers/1 HTTP/1.1" 200 OK
INFO:     51.250.96.61:34096 - "GET /api/wobblers/1 HTTP/1.1" 200 OK
INFO:     51.250.96.61:53678 - "GET /api/wobblers/1 HTTP/1.1" 200 OK
INFO:     51.250.96.61:58316 - "GET /api/wobblers/1 HTTP/1.1" 200 OK
INFO:     51.250.96.61:58316 - "GET /api/wobblers/1 HTTP/1.1" 200 OK
INFO:     51.250.96.61:58316 - "GET /api/wobblers/1 HTTP/1.1" 200 OK
INFO:     51.250.96.61:58316 - "GET /api/wobblers/1 HTTP/1.1" 200 OK
INFO:     51.250.96.61:58316 - "GET /api/wobblers/1 HTTP/1.1" 200 OK
INFO:     51.250.96.61:58316 - "GET /api/wobblers/1 HTTP/1.1" 200 OK
INFO:     51.250.96.61:58316 - "GET /api/wobblers/1 HTTP/1.1" 200 OK
INFO:     51.250.96.61:58316 - "GET /api/wobblers/1 HTTP/1.1" 200 OK
INFO:     51.250.96.61:58316 - "GET /api/wobblers/1 HTTP/1.1" 200 OK
INFO:     51.250.96.61:58316 - "GET /api/wobblers/1 HTTP/1.1" 200 OK
INFO:     51.250.96.61:58316 - "GET /api/wobblers/1 HTTP/1.1" 200 OK
INFO:     51.250.96.61:58316 - "GET /api/wobblers/1 HTTP/1.1" 200 OK
INFO:     51.250.96.61:58316 - "GET /api/wobblers/1 HTTP/1.1" 200 OK
INFO:     51.250.96.61:58316 - "GET /api/wobblers/1 HTTP/1.1" 200 OK
INFO:     51.250.96.61:58316 - "GET /api/wobblers/1 HTTP/1.1" 200 OK
INFO:     51.250.96.61:58316 - "GET /api/wobblers/1 HTTP/1.1" 200 OK
INFO:     51.250.96.61:58316 - "GET /api/wobblers/1 HTTP/1.1" 200 OK
INFO:     51.250.96.61:58316 - "GET /api/wobblers/1 HTTP/1.1" 200 OK
INFO:     51.250.96.61:58316 - "GET /api/wobblers/1 HTTP/1.1" 200 OK
INFO:     51.250.96.61:58316 - "GET /api/wobblers/1 HTTP/1.1" 200 OK
INFO:     51.250.96.61:58316 - "GET /api/wobblers/1 HTTP/1.1" 200 OK
INFO:     51.250.96.61:58316 - "GET /api/wobblers/1 HTTP/1.1" 200 OK
INFO:     51.250.96.61:58316 - "GET /api/wobblers/1 HTTP/1.1" 200 OK
INFO:     51.250.96.61:58316 - "GET /api/wobblers/1 HTTP/1.1" 200 OK
INFO:     51.250.96.61:58316 - "GET /api/wobblers/1 HTTP/1.1" 200 OK
INFO:     51.250.96.61:58316 - "GET /api/wobblers/1 HTTP/1.1" 200 OK
INFO:     51.250.96.61:58316 - "GET /api/wobblers/1 HTTP/1.1" 200 OK
INFO:     51.250.96.61:58316 - "GET /api/wobblers/1 HTTP/1.1" 200 OK
INFO:     51.250.96.61:58316 - "GET /api/wobblers/1 HTTP/1.1" 200 OK
INFO:     51.250.96.61:58316 - "GET /api/wobblers/1 HTTP/1.1" 200 OK
INFO:     51.250.96.61:58316 - "GET /api/wobblers/1 HTTP/1.1" 200 OK
INFO:     51.250.96.61:58316 - "GET /api/wobblers/1 HTTP/1.1" 200 OK
INFO:     51.250.96.61:58316 - "GET /api/wobblers/1 HTTP/1.1" 200 OK
INFO:     51.250.96.61:58316 - "GET /api/wobblers/1 HTTP/1.1" 200 OK
INFO:     51.250.96.61:58316 - "GET /api/wobblers/1 HTTP/1.1" 200 OK
INFO:     51.250.96.61:58316 - "GET /api/wobblers/1 HTTP/1.1" 200 OK
INFO:     51.250.96.61:58316 - "GET /api/wobblers/1 HTTP/1.1" 200 OK
INFO:     51.250.96.61:58316 - "GET /api/wobblers/1 HTTP/1.1" 200 OK
INFO:     51.250.96.61:58316 - "GET /api/wobblers/1 HTTP/1.1" 200 OK
INFO:     51.250.96.61:58316 - "GET /api/wobblers/1 HTTP/1.1" 200 OK
INFO:     51.250.96.61:58316 - "GET /api/wobblers/1 HTTP/1.1" 200 OK
INFO:     51.250.96.61:58316 - "GET /api/wobblers/1 HTTP/1.1" 200 OK
INFO:     51.250.96.61:58316 - "GET /api/wobblers/1 HTTP/1.1" 200 OK
INFO:     51.250.96.61:58316 - "GET /api/wobblers/1 HTTP/1.1" 200 OK
INFO:     51.250.96.61:58316 - "GET /api/wobblers/1 HTTP/1.1" 200 OK
INFO:     51.250.96.61:52042 - "GET /api/wobblers/1 HTTP/1.1" 200 OK
INFO:     51.250.96.61:40410 - "GET /api/wobblers/1 HTTP/1.1" 200 OK
INFO:     51.250.96.61:40410 - "GET /api/wobblers/1 HTTP/1.1" 200 OK
INFO:     24.144.120.55:1215 - "GET / HTTP/1.0" 200 OK
WARNING:  Invalid HTTP request received.
INFO:     192.34.62.170:28804 - "GET /query?q=SHOW+DIAGNOSTICS HTTP/1.1" 404 Not Found
INFO:     147.182.174.93:46382 - "GET / HTTP/1.1" 200 OK
INFO:     147.182.172.151:19806 - "GET /v2/_catalog HTTP/1.1" 404 Not Found
WARNING:  Invalid HTTP request received.
INFO:     159.65.224.129:9112 - "GET /solr/admin/info/system HTTP/1.1" 404 Not Found
INFO:     147.182.174.93:46386 - "GET /cgi-bin/authLogin.cgi HTTP/1.1" 404 Not Found
WARNING:  Invalid HTTP request received.
INFO:     159.65.224.129:9126 - "GET /solr/admin/cores?action=STATUS&wt=json HTTP/1.1" 404 Not Found
WARNING:  Invalid HTTP request received.
INFO:     52.76.71.100:63214 - "GET /favicon.ico HTTP/1.1" 404 Not Found
INFO:     51.250.96.61:53844 - "GET /api/wobblers/1 HTTP/1.1" 200 OK
INFO:     51.250.96.61:50694 - "GET /api/wobblers/1 HTTP/1.1" 200 OK
INFO:     51.250.96.61:50680 - "GET /api/wobblers/1 HTTP/1.1" 200 OK
WARNING:  Invalid HTTP request received.
INFO:     51.250.96.61:34268 - "GET /api/wobblers/1 HTTP/1.1" 200 OK
INFO:     51.250.96.61:58564 - "GET /api/wobblers/1 HTTP/1.1" 200 OK
INFO:     51.250.96.61:44888 - "GET /api/wobblers/1 HTTP/1.1" 200 OK
INFO:     51.250.96.61:44056 - "GET /api/wobblers/1 HTTP/1.1" 200 OK
INFO:     162.142.125.219:41216 - "GET / HTTP/1.1" 200 OK
WARNING:  Invalid HTTP request received.
INFO:     162.142.125.219:41230 - "GET /favicon.ico HTTP/1.1" 404 Not Found
INFO:     51.250.96.61:36678 - "GET /api/wobblers/1 HTTP/1.1" 200 OK
INFO:     51.250.96.61:43550 - "GET /api/wobblers/1 HTTP/1.1" 200 OK
INFO:     51.250.96.61:57738 - "GET /api/wobblers/1 HTTP/1.1" 200 OK
INFO:     51.250.96.61:57738 - "GET /api/wobblers/1 HTTP/1.1" 200 OK
INFO:     51.250.96.61:57916 - "GET /api/wobblers/1 HTTP/1.1" 200 OK
INFO:     51.250.96.61:47238 - "GET /api/wobblers/1 HTTP/1.1" 200 OK
INFO:     51.250.96.61:47238 - "GET /api/wobblers/1 HTTP/1.1" 200 OK
INFO:     51.250.96.61:47238 - "GET /api/wobblers/1 HTTP/1.1" 200 OK
INFO:     51.250.96.61:47238 - "GET /api/wobblers/1 HTTP/1.1" 200 OK
INFO:     51.250.96.61:47238 - "GET /api/wobblers/1 HTTP/1.1" 200 OK
INFO:     51.250.96.61:47242 - "GET /api/wobblers/1 HTTP/1.1" 200 OK
INFO:     51.250.96.61:47242 - "GET /api/wobblers/1 HTTP/1.1" 200 OK
INFO:     51.250.96.61:47242 - "GET /api/wobblers/1 HTTP/1.1" 200 OK
INFO:     51.250.96.61:47242 - "GET /api/wobblers/1 HTTP/1.1" 200 OK
INFO:     51.250.96.61:47242 - "GET /api/wobblers/1 HTTP/1.1" 200 OK
INFO:     51.250.96.61:47242 - "GET /api/wobblers/1 HTTP/1.1" 200 OK
INFO:     51.250.96.61:47242 - "GET /api/wobblers/1 HTTP/1.1" 200 OK
INFO:     51.250.96.61:47242 - "GET /api/wobblers/1 HTTP/1.1" 200 OK
INFO:     51.250.96.61:47242 - "GET /api/wobblers/1 HTTP/1.1" 200 OK
INFO:     51.250.96.61:47242 - "GET /api/wobblers/1 HTTP/1.1" 200 OK
INFO:     51.250.96.61:47242 - "GET /api/wobblers/1 HTTP/1.1" 200 OK
INFO:     51.250.96.61:47242 - "GET /api/wobblers/1 HTTP/1.1" 200 OK
INFO:     51.250.96.61:47242 - "GET /api/wobblers/1 HTTP/1.1" 200 OK
INFO:     51.250.96.61:47242 - "GET /api/wobblers/1 HTTP/1.1" 200 OK
INFO:     51.250.96.61:47242 - "GET /api/wobblers/1 HTTP/1.1" 200 OK
INFO:     51.250.96.61:47242 - "GET /api/wobblers/1 HTTP/1.1" 200 OK
INFO:     51.250.96.61:47242 - "GET /api/wobblers/1 HTTP/1.1" 200 OK
INFO:     51.250.96.61:47242 - "GET /api/wobblers/1 HTTP/1.1" 200 OK
INFO:     51.250.96.61:47242 - "GET /api/wobblers/1 HTTP/1.1" 200 OK
INFO:     51.250.96.61:47242 - "GET /api/wobblers/1 HTTP/1.1" 200 OK
INFO:     51.250.96.61:47242 - "GET /api/wobblers/1 HTTP/1.1" 200 OK
INFO:     51.250.96.61:47242 - "GET /api/wobblers/1 HTTP/1.1" 200 OK
INFO:     51.250.96.61:47242 - "GET /api/wobblers/1 HTTP/1.1" 200 OK
INFO:     51.250.96.61:47242 - "GET /api/wobblers/1 HTTP/1.1" 200 OK
INFO:     51.250.96.61:47242 - "GET /api/wobblers/1 HTTP/1.1" 200 OK
INFO:     51.250.96.61:47242 - "GET /api/wobblers/1 HTTP/1.1" 200 OK
INFO:     51.250.96.61:47242 - "GET /api/wobblers/1 HTTP/1.1" 200 OK
INFO:     51.250.96.61:47242 - "GET /api/wobblers/1 HTTP/1.1" 200 OK
INFO:     51.250.96.61:47242 - "GET /api/wobblers/1 HTTP/1.1" 200 OK
INFO:     51.250.96.61:47242 - "GET /api/wobblers/1 HTTP/1.1" 200 OK
INFO:     51.250.96.61:47242 - "GET /api/wobblers/1 HTTP/1.1" 200 OK
INFO:     51.250.96.61:47242 - "GET /api/wobblers/1 HTTP/1.1" 200 OK
INFO:     51.250.96.61:47242 - "GET /api/wobblers/1 HTTP/1.1" 200 OK
INFO:     51.250.96.61:47242 - "GET /api/wobblers/1 HTTP/1.1" 200 OK
INFO:     51.250.96.61:47242 - "GET /api/wobblers/1 HTTP/1.1" 200 OK
INFO:     51.250.96.61:47242 - "GET /api/wobblers/1 HTTP/1.1" 200 OK
INFO:     51.250.96.61:43676 - "GET /api/wobblers/1 HTTP/1.1" 200 OK
INFO:     51.250.96.61:42338 - "GET /api/wobblers/1 HTTP/1.1" 200 OK
INFO:     51.250.96.61:35242 - "GET /api/wobblers/1 HTTP/1.1" 200 OK
INFO:     51.250.96.61:59552 - "GET /api/wobblers/1 HTTP/1.1" 200 OK
INFO:     51.250.96.61:59552 - "GET /api/wobblers/1 HTTP/1.1" 200 OK
INFO:     51.250.96.61:59552 - "GET /api/wobblers/1 HTTP/1.1" 200 OK
INFO:     51.250.96.61:59552 - "GET /api/wobblers/1 HTTP/1.1" 200 OK
INFO:     51.250.96.61:59552 - "GET /api/wobblers/1 HTTP/1.1" 200 OK
INFO:     51.250.96.61:59552 - "GET /api/wobblers/1 HTTP/1.1" 200 OK
INFO:     51.250.96.61:59552 - "GET /api/wobblers/1 HTTP/1.1" 200 OK
INFO:     51.250.96.61:44948 - "GET /api/wobblers/1 HTTP/1.1" 200 OK
INFO:     51.250.96.61:35368 - "GET /api/wobblers/1 HTTP/1.1" 200 OK
INFO:     51.250.96.61:35368 - "GET /api/wobblers/1 HTTP/1.1" 200 OK
INFO:     51.250.96.61:57086 - "GET /api/wobblers/1 HTTP/1.1" 200 OK
INFO:     51.250.96.61:51736 - "GET /api/wobblers/1 HTTP/1.1" 200 OK
INFO:     51.250.96.61:55826 - "GET /api/wobblers/1 HTTP/1.1" 200 OK
INFO:     51.250.96.61:52808 - "GET /api/wobblers/1 HTTP/1.1" 200 OK
INFO:     51.250.96.61:52808 - "GET /api/wobblers/1 HTTP/1.1" 200 OK
INFO:     51.250.96.61:52808 - "GET /api/wobblers/1 HTTP/1.1" 200 OK
INFO:     51.250.96.61:52808 - "GET /api/wobblers/1 HTTP/1.1" 200 OK
INFO:     51.250.96.61:52808 - "GET /api/wobblers/1 HTTP/1.1" 200 OK
INFO:     51.250.96.61:52808 - "GET /api/wobblers/1 HTTP/1.1" 200 OK
INFO:     51.250.96.61:52808 - "GET /api/wobblers/1 HTTP/1.1" 200 OK
INFO:     51.250.96.61:52808 - "GET /api/wobblers/1 HTTP/1.1" 200 OK
INFO:     51.250.96.61:52808 - "GET /api/wobblers/1 HTTP/1.1" 200 OK
INFO:     51.250.96.61:52808 - "GET /api/wobblers/1 HTTP/1.1" 200 OK
INFO:     51.250.96.61:52808 - "GET /api/wobblers/1 HTTP/1.1" 200 OK
INFO:     51.250.96.61:52808 - "GET /api/wobblers/1 HTTP/1.1" 200 OK
INFO:     51.250.96.61:52808 - "GET /api/wobblers/1 HTTP/1.1" 200 OK
INFO:     51.250.96.61:52808 - "GET /api/wobblers/1 HTTP/1.1" 200 OK
INFO:     51.250.96.61:52808 - "GET /api/wobblers/1 HTTP/1.1" 200 OK
INFO:     51.250.96.61:52808 - "GET /api/wobblers/1 HTTP/1.1" 200 OK
INFO:     51.250.96.61:52808 - "GET /api/wobblers/1 HTTP/1.1" 200 OK
INFO:     51.250.96.61:52808 - "GET /api/wobblers/1 HTTP/1.1" 200 OK
INFO:     51.250.96.61:52808 - "GET /api/wobblers/1 HTTP/1.1" 200 OK
INFO:     51.250.96.61:52808 - "GET /api/wobblers/1 HTTP/1.1" 200 OK
INFO:     51.250.96.61:52808 - "GET /api/wobblers/1 HTTP/1.1" 200 OK
INFO:     51.250.96.61:52808 - "GET /api/wobblers/1 HTTP/1.1" 200 OK
INFO:     51.250.96.61:52808 - "GET /api/wobblers/1 HTTP/1.1" 200 OK
INFO:     51.250.96.61:52808 - "GET /api/wobblers/1 HTTP/1.1" 200 OK
INFO:     51.250.96.61:52808 - "GET /api/wobblers/1 HTTP/1.1" 200 OK
INFO:     51.250.96.61:52808 - "GET /api/wobblers/1 HTTP/1.1" 200 OK
INFO:     51.250.96.61:52808 - "GET /api/wobblers/1 HTTP/1.1" 200 OK
INFO:     51.250.96.61:52808 - "GET /api/wobblers/1 HTTP/1.1" 200 OK
INFO:     51.250.96.61:52808 - "GET /api/wobblers/1 HTTP/1.1" 200 OK
INFO:     51.250.96.61:52808 - "GET /api/wobblers/1 HTTP/1.1" 200 OK
INFO:     51.250.96.61:52808 - "GET /api/wobblers/1 HTTP/1.1" 200 OK
INFO:     51.250.96.61:52808 - "GET /api/wobblers/1 HTTP/1.1" 200 OK
INFO:     51.250.96.61:52808 - "GET /api/wobblers/1 HTTP/1.1" 200 OK
INFO:     51.250.96.61:52808 - "GET /api/wobblers/1 HTTP/1.1" 200 OK
INFO:     51.250.96.61:52808 - "GET /api/wobblers/1 HTTP/1.1" 200 OK
INFO:     51.250.96.61:52808 - "GET /api/wobblers/1 HTTP/1.1" 200 OK
INFO:     51.250.96.61:52808 - "GET /api/wobblers/1 HTTP/1.1" 200 OK
INFO:     51.250.96.61:52808 - "GET /api/wobblers/1 HTTP/1.1" 200 OK
INFO:     51.250.96.61:52808 - "GET /api/wobblers/1 HTTP/1.1" 200 OK
INFO:     51.250.96.61:52808 - "GET /api/wobblers/1 HTTP/1.1" 200 OK
INFO:     51.250.96.61:52808 - "GET /api/wobblers/1 HTTP/1.1" 200 OK
INFO:     51.250.96.61:36874 - "GET /api/wobblers/1 HTTP/1.1" 200 OK
INFO:     51.250.96.61:36412 - "GET /api/wobblers/1 HTTP/1.1" 200 OK
INFO:     51.250.96.61:55852 - "GET /api/wobblers/1 HTTP/1.1" 200 OK
INFO:     51.250.96.61:55852 - "GET /api/wobblers/1 HTTP/1.1" 200 OK
INFO:     51.250.96.61:55852 - "GET /api/wobblers/1 HTTP/1.1" 200 OK
INFO:     51.250.96.61:55852 - "GET /api/wobblers/1 HTTP/1.1" 200 OK
INFO:     51.250.96.61:55852 - "GET /api/wobblers/1 HTTP/1.1" 200 OK
INFO:     51.250.96.61:55852 - "GET /api/wobblers/1 HTTP/1.1" 200 OK
INFO:     51.250.96.61:55852 - "GET /api/wobblers/1 HTTP/1.1" 200 OK
INFO:     51.250.96.61:55852 - "GET /api/wobblers/1 HTTP/1.1" 200 OK
INFO:     51.250.96.61:55852 - "GET /api/wobblers/1 HTTP/1.1" 200 OK
INFO:     51.250.96.61:55852 - "GET /api/wobblers/1 HTTP/1.1" 200 OK
INFO:     51.250.96.61:55852 - "GET /api/wobblers/1 HTTP/1.1" 200 OK
INFO:     51.250.96.61:55852 - "GET /api/wobblers/1 HTTP/1.1" 200 OK
INFO:     51.250.96.61:55852 - "GET /api/wobblers/1 HTTP/1.1" 200 OK
INFO:     51.250.96.61:55854 - "GET /api/wobblers/1 HTTP/1.1" 200 OK
INFO:     51.250.96.61:55854 - "GET /api/wobblers/1 HTTP/1.1" 200 OK
INFO:     51.250.96.61:55854 - "GET /api/wobblers/1 HTTP/1.1" 200 OK
INFO:     51.250.96.61:55854 - "GET /api/wobblers/1 HTTP/1.1" 200 OK
INFO:     51.250.96.61:55854 - "GET /api/wobblers/1 HTTP/1.1" 200 OK
INFO:     51.250.96.61:55854 - "GET /api/wobblers/1 HTTP/1.1" 200 OK
INFO:     51.250.96.61:55854 - "GET /api/wobblers/1 HTTP/1.1" 200 OK
INFO:     51.250.96.61:55852 - "GET /api/wobblers/1 HTTP/1.1" 200 OK
INFO:     51.250.96.61:55852 - "GET /api/wobblers/1 HTTP/1.1" 200 OK
INFO:     51.250.96.61:55852 - "GET /api/wobblers/1 HTTP/1.1" 200 OK
INFO:     51.250.96.61:55852 - "GET /api/wobblers/1 HTTP/1.1" 200 OK
INFO:     51.250.96.61:55852 - "GET /api/wobblers/1 HTTP/1.1" 200 OK
INFO:     51.250.96.61:55852 - "GET /api/wobblers/1 HTTP/1.1" 200 OK
INFO:     51.250.96.61:55852 - "GET /api/wobblers/1 HTTP/1.1" 200 OK
INFO:     51.250.96.61:55852 - "GET /api/wobblers/1 HTTP/1.1" 200 OK
INFO:     51.250.96.61:55852 - "GET /api/wobblers/1 HTTP/1.1" 200 OK
INFO:     51.250.96.61:55852 - "GET /api/wobblers/1 HTTP/1.1" 200 OK
INFO:     51.250.96.61:55852 - "GET /api/wobblers/1 HTTP/1.1" 200 OK
INFO:     51.250.96.61:55852 - "GET /api/wobblers/1 HTTP/1.1" 200 OK
INFO:     51.250.96.61:55852 - "GET /api/wobblers/1 HTTP/1.1" 200 OK
INFO:     51.250.96.61:55852 - "GET /api/wobblers/1 HTTP/1.1" 200 OK
INFO:     51.250.96.61:55852 - "GET /api/wobblers/1 HTTP/1.1" 200 OK
INFO:     51.250.96.61:55852 - "GET /api/wobblers/1 HTTP/1.1" 200 OK
INFO:     51.250.96.61:55852 - "GET /api/wobblers/1 HTTP/1.1" 200 OK
INFO:     51.250.96.61:55852 - "GET /api/wobblers/1 HTTP/1.1" 200 OK
INFO:     51.250.96.61:55852 - "GET /api/wobblers/1 HTTP/1.1" 200 OK
INFO:     51.250.96.61:55852 - "GET /api/wobblers/1 HTTP/1.1" 200 OK
INFO:     51.250.96.61:55852 - "GET /api/wobblers/1 HTTP/1.1" 200 OK
INFO:     51.250.96.61:49772 - "GET /api/wobblers/1 HTTP/1.1" 200 OK
INFO:     51.250.96.61:49772 - "GET /api/wobblers/1 HTTP/1.1" 200 OK
INFO:     51.250.96.61:49772 - "GET /api/wobblers/1 HTTP/1.1" 200 OK
INFO:     51.250.96.61:49772 - "GET /api/wobblers/1 HTTP/1.1" 200 OK
INFO:     51.250.96.61:49772 - "GET /api/wobblers/1 HTTP/1.1" 200 OK
INFO:     51.250.96.61:49772 - "GET /api/wobblers/1 HTTP/1.1" 200 OK
INFO:     51.250.96.61:49772 - "GET /api/wobblers/1 HTTP/1.1" 200 OK
INFO:     51.250.96.61:49772 - "GET /api/wobblers/1 HTTP/1.1" 200 OK
INFO:     51.250.96.61:49772 - "GET /api/wobblers/1 HTTP/1.1" 200 OK
INFO:     51.250.96.61:49772 - "GET /api/wobblers/1 HTTP/1.1" 200 OK
INFO:     51.250.96.61:49772 - "GET /api/wobblers/1 HTTP/1.1" 200 OK
INFO:     51.250.96.61:49772 - "GET /api/wobblers/1 HTTP/1.1" 200 OK
INFO:     51.250.96.61:49772 - "GET /api/wobblers/1 HTTP/1.1" 200 OK
INFO:     51.250.96.61:49772 - "GET /api/wobblers/1 HTTP/1.1" 200 OK
INFO:     51.250.96.61:49772 - "GET /api/wobblers/1 HTTP/1.1" 200 OK
INFO:     51.250.96.61:49772 - "GET /api/wobblers/1 HTTP/1.1" 200 OK
INFO:     51.250.96.61:49772 - "GET /api/wobblers/1 HTTP/1.1" 200 OK
INFO:     51.250.96.61:49772 - "GET /api/wobblers/1 HTTP/1.1" 200 OK
INFO:     51.250.96.61:49772 - "GET /api/wobblers/1 HTTP/1.1" 200 OK
INFO:     51.250.96.61:49772 - "GET /api/wobblers/1 HTTP/1.1" 200 OK
INFO:     51.250.96.61:49772 - "GET /api/wobblers/1 HTTP/1.1" 200 OK
INFO:     51.250.96.61:49772 - "GET /api/wobblers/1 HTTP/1.1" 200 OK
INFO:     51.250.96.61:49772 - "GET /api/wobblers/1 HTTP/1.1" 200 OK
INFO:     51.250.96.61:49772 - "GET /api/wobblers/1 HTTP/1.1" 200 OK
INFO:     51.250.96.61:49772 - "GET /api/wobblers/1 HTTP/1.1" 200 OK
INFO:     51.250.96.61:49772 - "GET /api/wobblers/1 HTTP/1.1" 200 OK
INFO:     51.250.96.61:49772 - "GET /api/wobblers/1 HTTP/1.1" 200 OK
INFO:     51.250.96.61:49772 - "GET /api/wobblers/1 HTTP/1.1" 200 OK
INFO:     51.250.96.61:49772 - "GET /api/wobblers/1 HTTP/1.1" 200 OK
INFO:     51.250.96.61:49772 - "GET /api/wobblers/1 HTTP/1.1" 200 OK
INFO:     51.250.96.61:49772 - "GET /api/wobblers/1 HTTP/1.1" 200 OK
INFO:     51.250.96.61:49772 - "GET /api/wobblers/1 HTTP/1.1" 200 OK
INFO:     51.250.96.61:49772 - "GET /api/wobblers/1 HTTP/1.1" 200 OK
INFO:     51.250.96.61:49772 - "GET /api/wobblers/1 HTTP/1.1" 200 OK
INFO:     51.250.96.61:49772 - "GET /api/wobblers/1 HTTP/1.1" 200 OK
INFO:     51.250.96.61:49772 - "GET /api/wobblers/1 HTTP/1.1" 200 OK
INFO:     51.250.96.61:49772 - "GET /api/wobblers/1 HTTP/1.1" 200 OK
INFO:     51.250.96.61:49772 - "GET /api/wobblers/1 HTTP/1.1" 200 OK
INFO:     51.250.96.61:49772 - "GET /api/wobblers/1 HTTP/1.1" 200 OK
INFO:     51.250.96.61:49772 - "GET /api/wobblers/1 HTTP/1.1" 200 OK
INFO:     51.250.96.61:49772 - "GET /api/wobblers/1 HTTP/1.1" 200 OK
INFO:     51.250.96.61:49772 - "GET /api/wobblers/1 HTTP/1.1" 200 OK
INFO:     51.250.96.61:49772 - "GET /api/wobblers/1 HTTP/1.1" 200 OK
INFO:     51.250.96.61:49772 - "GET /api/wobblers/1 HTTP/1.1" 200 OK
INFO:     51.250.96.61:49772 - "GET /api/wobblers/1 HTTP/1.1" 200 OK
INFO:     51.250.96.61:58796 - "GET /api/wobblers/1 HTTP/1.1" 200 OK
INFO:     51.250.96.61:42326 - "GET /api/wobblers/1 HTTP/1.1" 200 OK
INFO:     51.250.96.61:43348 - "GET /api/wobblers/1 HTTP/1.1" 200 OK
INFO:     95.57.225.75:59015 - "GET /api/wobblers/1 HTTP/1.1" 200 OK
INFO:     95.57.225.75:59015 - "GET /api/wobblers/1 HTTP/1.1" 200 OK
INFO:     51.250.96.61:37030 - "GET /api/breakages/1 HTTP/1.1" 200 OK
INFO:     51.250.96.61:37048 - "GET /api/flights/last/breakages/1 HTTP/1.1" 200 OK
INFO:     51.250.96.61:37042 - "GET /api/flights/1 HTTP/1.1" 200 OK
INFO:     51.250.96.61:37048 - "GET /api/efficiency/1 HTTP/1.1" 200 OK
INFO:     51.250.96.61:37048 - "GET /api/breakages/repeating/1 HTTP/1.1" 200 OK
INFO:     95.57.225.75:59015 - "GET /api/map/1 HTTP/1.1" 200 OK
INFO:     95.57.225.75:59015 - "GET /api/flights/last/1 HTTP/1.1" 200 OK
INFO:     95.57.225.75:59020 - "GET /api/wobblers/1 HTTP/1.1" 200 OK
INFO:     95.57.225.75:59020 - "GET /api/wobblers/1 HTTP/1.1" 200 OK
INFO:     95.57.225.75:59023 - "GET /api/wobblers/1 HTTP/1.1" 200 OK
INFO:     95.57.225.75:59023 - "GET /api/wobblers/1 HTTP/1.1" 200 OK
INFO:     95.57.225.75:59035 - "GET /api/wobblers/1 HTTP/1.1" 200 OK
INFO:     95.57.225.75:59035 - "GET /api/wobblers/1 HTTP/1.1" 200 OK
INFO:     95.57.225.75:59035 - "GET /api/wobblers/1 HTTP/1.1" 200 OK
INFO:     95.57.225.75:59035 - "GET /api/wobblers/1 HTTP/1.1" 200 OK
INFO:     51.250.96.61:52918 - "GET /api/flights/1 HTTP/1.1" 200 OK
INFO:     51.250.96.61:52932 - "GET /api/flights/last/breakages/1 HTTP/1.1" 200 OK
INFO:     51.250.96.61:52912 - "GET /api/breakages/1 HTTP/1.1" 200 OK
INFO:     51.250.96.61:52932 - "GET /api/efficiency/1 HTTP/1.1" 200 OK
INFO:     51.250.96.61:52932 - "GET /api/breakages/repeating/1 HTTP/1.1" 200 OK
INFO:     95.57.225.75:59035 - "GET /api/flights/last/1 HTTP/1.1" 200 OK
WARNING:  Invalid HTTP request received.
INFO:     51.250.96.61:45794 - "GET /api/wobblers/1 HTTP/1.1" 200 OK
INFO:     51.250.96.61:51840 - "GET /api/wobblers/1 HTTP/1.1" 200 OK
INFO:     51.250.96.61:48772 - "GET /api/wobblers/1 HTTP/1.1" 200 OK
INFO:     51.250.96.61:37388 - "GET /api/wobblers/1 HTTP/1.1" 200 OK
INFO:     51.250.96.61:45178 - "GET /api/wobblers/1 HTTP/1.1" 200 OK
INFO:     51.250.96.61:45186 - "GET /api/wobblers/1 HTTP/1.1" 200 OK
INFO:     51.250.96.61:46596 - "GET /api/wobblers/1 HTTP/1.1" 200 OK
INFO:     51.250.96.61:60636 - "GET /api/wobblers/1 HTTP/1.1" 200 OK
INFO:     51.250.96.61:60636 - "GET /api/wobblers/1 HTTP/1.1" 200 OK
INFO:     51.250.96.61:60636 - "GET /api/wobblers/1 HTTP/1.1" 200 OK
INFO:     51.250.96.61:60636 - "GET /api/wobblers/1 HTTP/1.1" 200 OK
INFO:     51.250.96.61:60636 - "GET /api/wobblers/1 HTTP/1.1" 200 OK
INFO:     51.250.96.61:60636 - "GET /api/wobblers/1 HTTP/1.1" 200 OK
INFO:     51.250.96.61:60644 - "GET /api/wobblers/1 HTTP/1.1" 200 OK
INFO:     51.250.96.61:45402 - "GET /api/wobblers/1 HTTP/1.1" 200 OK
INFO:     51.250.96.61:45402 - "GET /api/wobblers/1 HTTP/1.1" 200 OK
INFO:     51.250.96.61:45402 - "GET /api/wobblers/1 HTTP/1.1" 200 OK
INFO:     51.250.96.61:39404 - "GET /api/wobblers/1 HTTP/1.1" 200 OK
INFO:     51.250.96.61:56502 - "GET /api/wobblers/1 HTTP/1.1" 200 OK
INFO:     51.250.96.61:56502 - "GET /api/wobblers/1 HTTP/1.1" 200 OK
INFO:     51.250.96.61:56502 - "GET /api/wobblers/1 HTTP/1.1" 200 OK
INFO:     51.250.96.61:34340 - "GET /api/wobblers/1 HTTP/1.1" 200 OK
INFO:     51.250.96.61:42608 - "GET /api/wobblers/1 HTTP/1.1" 200 OK
INFO:     51.250.96.61:40642 - "GET /api/wobblers/1 HTTP/1.1" 200 OK
INFO:     87.255.216.83:28898 - "GET /api/wobblers/1 HTTP/1.1" 200 OK
INFO:     34.122.147.229:34650 - "GET /api/wobblers/1 HTTP/1.1" 200 OK
INFO:     51.250.96.61:40130 - "GET /api/wobblers/1 HTTP/1.1" 200 OK
INFO:     51.250.96.61:40142 - "GET /api/wobblers/1 HTTP/1.1" 200 OK
INFO:     51.250.96.61:37116 - "GET /api/wobblers/1 HTTP/1.1" 200 OK
INFO:     51.250.96.61:37132 - "GET /api/wobblers/1 HTTP/1.1" 200 OK
INFO:     65.154.226.168:8869 - "GET /api/wobblers/1 HTTP/1.1" 200 OK
INFO:     51.250.96.61:34294 - "GET /api/wobblers/1 HTTP/1.1" 200 OK
INFO:     51.250.96.61:43688 - "GET /api/wobblers/1 HTTP/1.1" 200 OK
INFO:     51.250.96.61:38872 - "GET /api/wobblers/1 HTTP/1.1" 200 OK
INFO:     51.250.96.61:53598 - "GET /api/wobblers/1 HTTP/1.1" 200 OK
INFO:     51.250.96.61:33492 - "GET /api/wobblers/1 HTTP/1.1" 200 OK
INFO:     51.250.96.61:53642 - "GET /api/wobblers/1 HTTP/1.1" 200 OK
INFO:     51.250.96.61:53994 - "GET /api/wobblers/1 HTTP/1.1" 200 OK
INFO:     51.250.96.61:50342 - "GET /api/wobblers/1 HTTP/1.1" 200 OK
INFO:     51.250.96.61:60714 - "GET /api/wobblers/1 HTTP/1.1" 200 OK
INFO:     51.250.96.61:35568 - "GET /api/wobblers/1 HTTP/1.1" 200 OK
INFO:     51.250.96.61:59728 - "GET /api/wobblers/1 HTTP/1.1" 200 OK
INFO:     51.250.96.61:59728 - "GET /api/wobblers/1 HTTP/1.1" 200 OK
INFO:     51.250.96.61:59728 - "GET /api/wobblers/1 HTTP/1.1" 200 OK
INFO:     51.250.96.61:59728 - "GET /api/wobblers/1 HTTP/1.1" 200 OK
INFO:     51.250.96.61:59728 - "GET /api/wobblers/1 HTTP/1.1" 200 OK
INFO:     51.250.96.61:59728 - "GET /api/wobblers/1 HTTP/1.1" 200 OK
INFO:     51.250.96.61:59728 - "GET /api/wobblers/1 HTTP/1.1" 200 OK
INFO:     51.250.96.61:59728 - "GET /api/wobblers/1 HTTP/1.1" 200 OK
INFO:     51.250.96.61:59728 - "GET /api/wobblers/1 HTTP/1.1" 200 OK
INFO:     51.250.96.61:59728 - "GET /api/wobblers/1 HTTP/1.1" 200 OK
INFO:     51.250.96.61:59728 - "GET /api/wobblers/1 HTTP/1.1" 200 OK
INFO:     51.250.96.61:59728 - "GET /api/wobblers/1 HTTP/1.1" 200 OK
INFO:     51.250.96.61:59728 - "GET /api/wobblers/1 HTTP/1.1" 200 OK
INFO:     51.250.96.61:59728 - "GET /api/wobblers/1 HTTP/1.1" 200 OK
INFO:     51.250.96.61:59728 - "GET /api/wobblers/1 HTTP/1.1" 200 OK
INFO:     51.250.96.61:59728 - "GET /api/wobblers/1 HTTP/1.1" 200 OK
INFO:     51.250.96.61:59728 - "GET /api/wobblers/1 HTTP/1.1" 200 OK
INFO:     51.250.96.61:59728 - "GET /api/wobblers/1 HTTP/1.1" 200 OK
INFO:     51.250.96.61:59728 - "GET /api/wobblers/1 HTTP/1.1" 200 OK
INFO:     51.250.96.61:59728 - "GET /api/wobblers/1 HTTP/1.1" 200 OK
INFO:     51.250.96.61:59728 - "GET /api/wobblers/1 HTTP/1.1" 200 OK
INFO:     51.250.96.61:59728 - "GET /api/wobblers/1 HTTP/1.1" 200 OK
INFO:     51.250.96.61:59728 - "GET /api/wobblers/1 HTTP/1.1" 200 OK
INFO:     51.250.96.61:59728 - "GET /api/wobblers/1 HTTP/1.1" 200 OK
INFO:     51.250.96.61:59728 - "GET /api/wobblers/1 HTTP/1.1" 200 OK
INFO:     51.250.96.61:59728 - "GET /api/wobblers/1 HTTP/1.1" 200 OK
INFO:     51.250.96.61:53618 - "GET /api/wobblers/1 HTTP/1.1" 200 OK
INFO:     51.250.96.61:53618 - "GET /api/wobblers/1 HTTP/1.1" 200 OK
INFO:     51.250.96.61:53618 - "GET /api/wobblers/1 HTTP/1.1" 200 OK
INFO:     51.250.96.61:53618 - "GET /api/wobblers/1 HTTP/1.1" 200 OK
INFO:     51.250.96.61:53618 - "GET /api/wobblers/1 HTTP/1.1" 200 OK
INFO:     51.250.96.61:53618 - "GET /api/wobblers/1 HTTP/1.1" 200 OK
INFO:     51.250.96.61:53618 - "GET /api/wobblers/1 HTTP/1.1" 200 OK
INFO:     51.250.96.61:53618 - "GET /api/wobblers/1 HTTP/1.1" 200 OK
INFO:     51.250.96.61:53618 - "GET /api/wobblers/1 HTTP/1.1" 200 OK
INFO:     51.250.96.61:53618 - "GET /api/wobblers/1 HTTP/1.1" 200 OK
INFO:     51.250.96.61:53618 - "GET /api/wobblers/1 HTTP/1.1" 200 OK
INFO:     51.250.96.61:53618 - "GET /api/wobblers/1 HTTP/1.1" 200 OK
INFO:     51.250.96.61:53618 - "GET /api/wobblers/1 HTTP/1.1" 200 OK
INFO:     51.250.96.61:53618 - "GET /api/wobblers/1 HTTP/1.1" 200 OK
INFO:     51.250.96.61:53618 - "GET /api/wobblers/1 HTTP/1.1" 200 OK
INFO:     51.250.96.61:57280 - "GET /api/wobblers/1 HTTP/1.1" 200 OK
INFO:     51.250.96.61:58138 - "GET /api/wobblers/1 HTTP/1.1" 200 OK
INFO:     51.250.96.61:51264 - "GET /api/wobblers/1 HTTP/1.1" 200 OK
INFO:     51.250.96.61:34634 - "GET /api/wobblers/1 HTTP/1.1" 200 OK
INFO:     51.250.96.61:48656 - "GET /api/wobblers/1 HTTP/1.1" 200 OK
INFO:     51.250.96.61:43830 - "GET /api/wobblers/1 HTTP/1.1" 200 OK
INFO:     51.250.96.61:49434 - "GET /api/wobblers/1 HTTP/1.1" 200 OK
INFO:     51.250.96.61:41344 - "GET /api/wobblers/1 HTTP/1.1" 200 OK
INFO:     51.250.96.61:53148 - "GET /api/wobblers/1 HTTP/1.1" 200 OK
INFO:     51.250.96.61:59948 - "GET /api/wobblers/1 HTTP/1.1" 200 OK
INFO:     51.250.96.61:33164 - "GET /api/wobblers/1 HTTP/1.1" 200 OK
INFO:     51.250.96.61:40350 - "GET /api/wobblers/1 HTTP/1.1" 200 OK
INFO:     51.250.96.61:40350 - "GET /api/wobblers/1 HTTP/1.1" 200 OK
INFO:     51.250.96.61:58202 - "GET /api/wobblers/1 HTTP/1.1" 200 OK
INFO:     51.250.96.61:42318 - "GET /api/wobblers/1 HTTP/1.1" 200 OK
INFO:     51.250.96.61:42318 - "GET /api/wobblers/1 HTTP/1.1" 200 OK
INFO:     51.250.96.61:44150 - "GET /api/wobblers/1 HTTP/1.1" 200 OK
INFO:     51.250.96.61:46318 - "GET /api/wobblers/1 HTTP/1.1" 200 OK
INFO:     51.250.96.61:46318 - "GET /api/wobblers/1 HTTP/1.1" 200 OK
INFO:     51.250.96.61:40730 - "GET /api/wobblers/1 HTTP/1.1" 200 OK
INFO:     51.250.96.61:40730 - "GET /api/wobblers/1 HTTP/1.1" 200 OK
INFO:     51.250.96.61:40730 - "GET /api/wobblers/1 HTTP/1.1" 200 OK
INFO:     51.250.96.61:56770 - "GET /api/wobblers/1 HTTP/1.1" 200 OK
INFO:     51.250.96.61:56770 - "GET /api/wobblers/1 HTTP/1.1" 200 OK
INFO:     51.250.96.61:56770 - "GET /api/wobblers/1 HTTP/1.1" 200 OK
INFO:     51.250.96.61:56770 - "GET /api/wobblers/1 HTTP/1.1" 200 OK
INFO:     51.250.96.61:42408 - "GET /api/wobblers/1 HTTP/1.1" 200 OK
INFO:     51.250.96.61:42408 - "GET /api/wobblers/1 HTTP/1.1" 200 OK
INFO:     51.250.96.61:35382 - "GET /api/wobblers/1 HTTP/1.1" 200 OK
INFO:     51.250.96.61:35382 - "GET /api/wobblers/1 HTTP/1.1" 200 OK
INFO:     51.250.96.61:35382 - "GET /api/wobblers/1 HTTP/1.1" 200 OK
INFO:     51.250.96.61:34148 - "GET /api/wobblers/1 HTTP/1.1" 200 OK
INFO:     51.250.96.61:34148 - "GET /api/wobblers/1 HTTP/1.1" 200 OK
INFO:     51.250.96.61:56630 - "GET /api/wobblers/1 HTTP/1.1" 200 OK
INFO:     51.250.96.61:56630 - "GET /api/wobblers/1 HTTP/1.1" 200 OK
INFO:     51.250.96.61:56630 - "GET /api/wobblers/1 HTTP/1.1" 200 OK
INFO:     51.250.96.61:58122 - "GET /api/wobblers/1 HTTP/1.1" 200 OK
INFO:     51.250.96.61:56448 - "GET /api/wobblers/1 HTTP/1.1" 200 OK
INFO:     51.250.96.61:56448 - "GET /api/wobblers/1 HTTP/1.1" 200 OK
INFO:     51.250.96.61:56448 - "GET /api/wobblers/1 HTTP/1.1" 200 OK
INFO:     51.250.96.61:45342 - "GET /api/wobblers/1 HTTP/1.1" 200 OK
INFO:     51.250.96.61:45342 - "GET /api/wobblers/1 HTTP/1.1" 200 OK
INFO:     51.250.96.61:45342 - "GET /api/wobblers/1 HTTP/1.1" 200 OK
INFO:     51.250.96.61:34126 - "GET /api/wobblers/1 HTTP/1.1" 200 OK
INFO:     51.250.96.61:45910 - "GET /api/wobblers/1 HTTP/1.1" 200 OK
INFO:     51.250.96.61:56234 - "GET /api/wobblers/1 HTTP/1.1" 200 OK
INFO:     51.250.96.61:60766 - "GET /api/wobblers/1 HTTP/1.1" 200 OK
INFO:     51.250.96.61:60766 - "GET /api/wobblers/1 HTTP/1.1" 200 OK
INFO:     51.250.96.61:60766 - "GET /api/wobblers/1 HTTP/1.1" 200 OK
INFO:     51.250.96.61:47946 - "GET /api/wobblers/1 HTTP/1.1" 200 OK
INFO:     51.250.96.61:59732 - "GET /api/wobblers/1 HTTP/1.1" 200 OK
INFO:     51.250.96.61:59706 - "GET /api/wobblers/1 HTTP/1.1" 200 OK
INFO:     167.94.138.60:51904 - "GET / HTTP/1.1" 200 OK
WARNING:  Invalid HTTP request received.
INFO:     167.94.138.60:51932 - "GET /favicon.ico HTTP/1.1" 404 Not Found
INFO:     51.250.96.61:48202 - "GET /api/wobblers/1 HTTP/1.1" 200 OK
INFO:     51.250.96.61:48738 - "GET /api/wobblers/1 HTTP/1.1" 200 OK
INFO:     51.250.96.61:37424 - "GET /api/wobblers/1 HTTP/1.1" 200 OK
INFO:     51.250.96.61:55536 - "GET /api/wobblers/1 HTTP/1.1" 200 OK
INFO:     51.250.96.61:40136 - "GET /api/wobblers/1 HTTP/1.1" 200 OK
INFO:     51.250.96.61:51604 - "GET /api/wobblers/1 HTTP/1.1" 200 OK
INFO:     51.250.96.61:44562 - "GET /api/wobblers/1 HTTP/1.1" 200 OK
INFO:     51.250.96.61:46914 - "GET /api/wobblers/1 HTTP/1.1" 200 OK
INFO:     51.250.96.61:46914 - "GET /api/wobblers/1 HTTP/1.1" 200 OK
INFO:     51.250.96.61:46914 - "GET /api/wobblers/1 HTTP/1.1" 200 OK
INFO:     51.250.96.61:46914 - "GET /api/wobblers/1 HTTP/1.1" 200 OK
INFO:     51.250.96.61:46914 - "GET /api/wobblers/1 HTTP/1.1" 200 OK
INFO:     51.250.96.61:46914 - "GET /api/wobblers/1 HTTP/1.1" 200 OK
INFO:     51.250.96.61:46914 - "GET /api/wobblers/1 HTTP/1.1" 200 OK
INFO:     51.250.96.61:34890 - "GET /api/wobblers/1 HTTP/1.1" 200 OK
INFO:     51.250.96.61:39412 - "GET /api/wobblers/1 HTTP/1.1" 200 OK
INFO:     51.250.96.61:38324 - "GET /api/wobblers/1 HTTP/1.1" 200 OK
INFO:     51.250.96.61:37720 - "GET /api/wobblers/1 HTTP/1.1" 200 OK
INFO:     51.250.96.61:38698 - "GET /api/wobblers/1 HTTP/1.1" 200 OK
INFO:     51.250.96.61:48424 - "GET /api/wobblers/1 HTTP/1.1" 200 OK
INFO:     51.250.96.61:48424 - "GET /api/wobblers/1 HTTP/1.1" 200 OK
INFO:     51.250.96.61:48424 - "GET /api/wobblers/1 HTTP/1.1" 200 OK
INFO:     51.250.96.61:48424 - "GET /api/wobblers/1 HTTP/1.1" 200 OK
INFO:     51.250.96.61:48424 - "GET /api/wobblers/1 HTTP/1.1" 200 OK
INFO:     51.250.96.61:48424 - "GET /api/wobblers/1 HTTP/1.1" 200 OK
INFO:     51.250.96.61:47364 - "GET /api/wobblers/1 HTTP/1.1" 200 OK
INFO:     51.250.96.61:56156 - "GET /api/wobblers/1 HTTP/1.1" 200 OK
INFO:     51.250.96.61:56156 - "GET /api/wobblers/1 HTTP/1.1" 200 OK
WARNING:  Invalid HTTP request received.
INFO:     51.250.96.61:57422 - "GET /api/wobblers/1 HTTP/1.1" 200 OK
INFO:     51.250.96.61:57434 - "GET /api/wobblers/1 HTTP/1.1" 200 OK
INFO:     51.250.96.61:58946 - "GET /api/wobblers/1 HTTP/1.1" 200 OK
INFO:     51.250.96.61:41668 - "GET /api/wobblers/1 HTTP/1.1" 200 OK
INFO:     51.250.96.61:41674 - "GET /api/wobblers/1 HTTP/1.1" 200 OK
INFO:     51.250.96.61:35310 - "GET /api/wobblers/1 HTTP/1.1" 200 OK
INFO:     51.250.96.61:50818 - "GET /api/wobblers/1 HTTP/1.1" 200 OK
INFO:     51.250.96.61:50818 - "GET /api/wobblers/1 HTTP/1.1" 200 OK
INFO:     51.250.96.61:50818 - "GET /api/wobblers/1 HTTP/1.1" 200 OK
INFO:     51.250.96.61:50818 - "GET /api/wobblers/1 HTTP/1.1" 200 OK
INFO:     51.250.96.61:50818 - "GET /api/wobblers/1 HTTP/1.1" 200 OK
INFO:     51.250.96.61:50818 - "GET /api/wobblers/1 HTTP/1.1" 200 OK
INFO:     51.250.96.61:50818 - "GET /api/wobblers/1 HTTP/1.1" 200 OK
INFO:     51.250.96.61:50818 - "GET /api/wobblers/1 HTTP/1.1" 200 OK
INFO:     51.250.96.61:50818 - "GET /api/wobblers/1 HTTP/1.1" 200 OK
INFO:     51.250.96.61:55146 - "GET /api/wobblers/1 HTTP/1.1" 200 OK
INFO:     51.250.96.61:55146 - "GET /api/wobblers/1 HTTP/1.1" 200 OK
INFO:     51.250.96.61:55146 - "GET /api/wobblers/1 HTTP/1.1" 200 OK
INFO:     51.250.96.61:55146 - "GET /api/wobblers/1 HTTP/1.1" 200 OK
INFO:     51.250.96.61:55146 - "GET /api/wobblers/1 HTTP/1.1" 200 OK
INFO:     51.250.96.61:55146 - "GET /api/wobblers/1 HTTP/1.1" 200 OK
INFO:     51.250.96.61:60790 - "GET /api/wobblers/1 HTTP/1.1" 200 OK
INFO:     51.250.96.61:60790 - "GET /api/wobblers/1 HTTP/1.1" 200 OK
INFO:     51.250.96.61:60790 - "GET /api/wobblers/1 HTTP/1.1" 200 OK
INFO:     51.250.96.61:60790 - "GET /api/wobblers/1 HTTP/1.1" 200 OK
INFO:     51.250.96.61:60790 - "GET /api/wobblers/1 HTTP/1.1" 200 OK
INFO:     51.250.96.61:60790 - "GET /api/wobblers/1 HTTP/1.1" 200 OK
INFO:     51.250.96.61:60790 - "GET /api/wobblers/1 HTTP/1.1" 200 OK
INFO:     51.250.96.61:60790 - "GET /api/wobblers/1 HTTP/1.1" 200 OK
INFO:     51.250.96.61:60790 - "GET /api/wobblers/1 HTTP/1.1" 200 OK
INFO:     51.250.96.61:60790 - "GET /api/wobblers/1 HTTP/1.1" 200 OK
INFO:     51.250.96.61:60790 - "GET /api/wobblers/1 HTTP/1.1" 200 OK
INFO:     51.250.96.61:60790 - "GET /api/wobblers/1 HTTP/1.1" 200 OK
INFO:     51.250.96.61:60790 - "GET /api/wobblers/1 HTTP/1.1" 200 OK
INFO:     51.250.96.61:60790 - "GET /api/wobblers/1 HTTP/1.1" 200 OK
INFO:     51.250.96.61:60790 - "GET /api/wobblers/1 HTTP/1.1" 200 OK
INFO:     51.250.96.61:60790 - "GET /api/wobblers/1 HTTP/1.1" 200 OK
INFO:     51.250.96.61:60790 - "GET /api/wobblers/1 HTTP/1.1" 200 OK
INFO:     51.250.96.61:60790 - "GET /api/wobblers/1 HTTP/1.1" 200 OK
INFO:     51.250.96.61:60790 - "GET /api/wobblers/1 HTTP/1.1" 200 OK
INFO:     51.250.96.61:39488 - "GET /api/wobblers/1 HTTP/1.1" 200 OK
INFO:     51.250.96.61:60900 - "GET /api/wobblers/1 HTTP/1.1" 200 OK
INFO:     51.250.96.61:50764 - "GET /api/wobblers/1 HTTP/1.1" 200 OK
INFO:     51.250.96.61:50764 - "GET /api/wobblers/1 HTTP/1.1" 200 OK
INFO:     51.250.96.61:50764 - "GET /api/wobblers/1 HTTP/1.1" 200 OK
INFO:     51.250.96.61:50776 - "GET /api/wobblers/1 HTTP/1.1" 200 OK
INFO:     51.250.96.61:49782 - "GET /api/wobblers/1 HTTP/1.1" 200 OK
INFO:     51.250.96.61:59674 - "GET /api/wobblers/1 HTTP/1.1" 200 OK
INFO:     51.250.96.61:41600 - "GET /api/wobblers/1 HTTP/1.1" 200 OK
INFO:     51.250.96.61:41600 - "GET /api/wobblers/1 HTTP/1.1" 200 OK
INFO:     51.250.96.61:41600 - "GET /api/wobblers/1 HTTP/1.1" 200 OK
INFO:     51.250.96.61:41600 - "GET /api/wobblers/1 HTTP/1.1" 200 OK
INFO:     51.250.96.61:41600 - "GET /api/wobblers/1 HTTP/1.1" 200 OK
INFO:     51.250.96.61:41600 - "GET /api/wobblers/1 HTTP/1.1" 200 OK
INFO:     51.250.96.61:41600 - "GET /api/wobblers/1 HTTP/1.1" 200 OK
INFO:     51.250.96.61:41600 - "GET /api/wobblers/1 HTTP/1.1" 200 OK
INFO:     51.250.96.61:41600 - "GET /api/wobblers/1 HTTP/1.1" 200 OK
INFO:     51.250.96.61:41600 - "GET /api/wobblers/1 HTTP/1.1" 200 OK
INFO:     51.250.96.61:41600 - "GET /api/wobblers/1 HTTP/1.1" 200 OK
INFO:     51.250.96.61:41600 - "GET /api/wobblers/1 HTTP/1.1" 200 OK
INFO:     51.250.96.61:41600 - "GET /api/wobblers/1 HTTP/1.1" 200 OK
INFO:     51.250.96.61:41600 - "GET /api/wobblers/1 HTTP/1.1" 200 OK
INFO:     51.250.96.61:41600 - "GET /api/wobblers/1 HTTP/1.1" 200 OK
INFO:     51.250.96.61:41600 - "GET /api/wobblers/1 HTTP/1.1" 200 OK
INFO:     51.250.96.61:41600 - "GET /api/wobblers/1 HTTP/1.1" 200 OK
INFO:     51.250.96.61:41600 - "GET /api/wobblers/1 HTTP/1.1" 200 OK
INFO:     51.250.96.61:52232 - "GET /api/wobblers/1 HTTP/1.1" 200 OK
INFO:     51.250.96.61:52232 - "GET /api/wobblers/1 HTTP/1.1" 200 OK
INFO:     51.250.96.61:52232 - "GET /api/wobblers/1 HTTP/1.1" 200 OK
INFO:     51.250.96.61:52232 - "GET /api/wobblers/1 HTTP/1.1" 200 OK
INFO:     51.250.96.61:52232 - "GET /api/wobblers/1 HTTP/1.1" 200 OK
INFO:     51.250.96.61:52232 - "GET /api/wobblers/1 HTTP/1.1" 200 OK
INFO:     51.250.96.61:52232 - "GET /api/wobblers/1 HTTP/1.1" 200 OK
INFO:     51.250.96.61:52232 - "GET /api/wobblers/1 HTTP/1.1" 200 OK
INFO:     51.250.96.61:52232 - "GET /api/wobblers/1 HTTP/1.1" 200 OK
INFO:     51.250.96.61:52232 - "GET /api/wobblers/1 HTTP/1.1" 200 OK
INFO:     51.250.96.61:52232 - "GET /api/wobblers/1 HTTP/1.1" 200 OK
INFO:     51.250.96.61:52232 - "GET /api/wobblers/1 HTTP/1.1" 200 OK
INFO:     51.250.96.61:52232 - "GET /api/wobblers/1 HTTP/1.1" 200 OK
INFO:     51.250.96.61:52232 - "GET /api/wobblers/1 HTTP/1.1" 200 OK
INFO:     51.250.96.61:52232 - "GET /api/wobblers/1 HTTP/1.1" 200 OK
INFO:     51.250.96.61:52232 - "GET /api/wobblers/1 HTTP/1.1" 200 OK
INFO:     51.250.96.61:52232 - "GET /api/wobblers/1 HTTP/1.1" 200 OK
INFO:     51.250.96.61:52232 - "GET /api/wobblers/1 HTTP/1.1" 200 OK
INFO:     51.250.96.61:52232 - "GET /api/wobblers/1 HTTP/1.1" 200 OK
INFO:     51.250.96.61:52694 - "GET /api/wobblers/1 HTTP/1.1" 200 OK
INFO:     51.250.96.61:52232 - "GET /api/wobblers/1 HTTP/1.1" 200 OK
INFO:     51.250.96.61:52694 - "GET /api/wobblers/1 HTTP/1.1" 200 OK
INFO:     51.250.96.61:52232 - "GET /api/wobblers/1 HTTP/1.1" 200 OK
INFO:     51.250.96.61:34222 - "GET /api/wobblers/1 HTTP/1.1" 200 OK
INFO:     51.250.96.61:48196 - "GET /api/wobblers/1 HTTP/1.1" 200 OK
INFO:     51.250.96.61:52904 - "GET /api/wobblers/1 HTTP/1.1" 200 OK
INFO:     51.250.96.61:52908 - "GET /api/wobblers/1 HTTP/1.1" 200 OK
INFO:     51.250.96.61:55206 - "GET /api/wobblers/1 HTTP/1.1" 200 OK
INFO:     51.250.96.61:55454 - "GET /api/wobblers/1 HTTP/1.1" 200 OK
INFO:     51.250.96.61:60222 - "GET /api/wobblers/1 HTTP/1.1" 200 OK
INFO:     51.250.96.61:49258 - "GET /api/wobblers/1 HTTP/1.1" 200 OK
INFO:     118.193.39.117:53938 - "GET / HTTP/1.1" 200 OK
WARNING:  Invalid HTTP request received.
WARNING:  Invalid HTTP request received.
INFO:     101.36.108.9:33672 - "GET / HTTP/1.1" 200 OK
INFO:     101.36.108.9:34120 - "GET /favicon.ico HTTP/1.1" 404 Not Found
INFO:     101.36.108.9:34336 - "GET /robots.txt HTTP/1.1" 404 Not Found
INFO:     101.36.108.9:34338 - "GET /sitemap.xml HTTP/1.1" 404 Not Found
